"peiid","taxonname_clean","taxonname_key","taxclname","taxorder","taxsuborder","taxgrtgroup","taxsubgrp","taxpartsize","POINT_X","POINT_Y","phiidref","labsampnum","layerseqnum","hzdept","hzdepb","hzname","texcl","ncsslayerlabdataiid","sandtotmeasured","silttotmeasured","claytotmeasured","cec7","colorhue","colorvalue","colorchroma"
110638,"Persanti","PERSANTI","Fine, kaolinitic, thermic Aquic Paleudults","Ultisols","Udults","Paleudults","Aquic Paleudults","fine",-80.3975753999999,33.5293083,543133,"40A33470",1,0,13,"Ap","Silt loam",270361,28.2999992,50.2000008,21.5,NA,"10YR",4,2
110638,"Persanti","PERSANTI","Fine, kaolinitic, thermic Aquic Paleudults","Ultisols","Udults","Paleudults","Aquic Paleudults","fine",-80.3975753999999,33.5293083,543134,"40A33471",2,13,25,"B","Clay loam",270362,20.3999996,45.9000015,33.7000008,NA,"10YR",6,6
110638,"Persanti","PERSANTI","Fine, kaolinitic, thermic Aquic Paleudults","Ultisols","Udults","Paleudults","Aquic Paleudults","fine",-80.3975753999999,33.5293083,543135,"40A33472",3,25,56,"Bt1","Clay",270363,12.3000002,32.7999992,54.9000015,NA,"10YR",5,8
110638,"Persanti","PERSANTI","Fine, kaolinitic, thermic Aquic Paleudults","Ultisols","Udults","Paleudults","Aquic Paleudults","fine",-80.3975753999999,33.5293083,543136,"40A33473",4,56,102,"Bt2","Clay",270364,9.8999996,30.2000008,59.9000015,NA,"10YR",5,8
110638,"Persanti","PERSANTI","Fine, kaolinitic, thermic Aquic Paleudults","Ultisols","Udults","Paleudults","Aquic Paleudults","fine",-80.3975753999999,33.5293083,543137,"40A33474",5,102,140,"Bt3","Clay",270365,8,32.9000015,59.0999985,NA,"5YR",4,6
110638,"Persanti","PERSANTI","Fine, kaolinitic, thermic Aquic Paleudults","Ultisols","Udults","Paleudults","Aquic Paleudults","fine",-80.3975753999999,33.5293083,543138,"40A33475",6,140,190,"Bt4","Clay",270366,8.1000004,33.2999992,58.5999985,NA,"10YR",7,1
100933,"Red Bay","RED BAY","Fine-loamy, siliceous, thermic Rhodic Kandiudults","Ultisols","Udults","Kandiudults","Rhodic Kandiudults","fine-loamy",-83.9846267999999,32.3315659,528508,"40A38814",1,0,18,"Ap","Sandy loam",43363,78.3000031,7.9000001,13.8000002,NA,"5YR",3,3
100933,"Red Bay","RED BAY","Fine-loamy, siliceous, thermic Rhodic Kandiudults","Ultisols","Udults","Kandiudults","Rhodic Kandiudults","fine-loamy",-83.9846267999999,32.3315659,528509,"40A38815",2,18,30,"Bt1","Sandy clay loam",43364,63,8.8000002,28.2000008,NA,"2.5YR",3,6
100933,"Red Bay","RED BAY","Fine-loamy, siliceous, thermic Rhodic Kandiudults","Ultisols","Udults","Kandiudults","Rhodic Kandiudults","fine-loamy",-83.9846267999999,32.3315659,528510,"40A38816",3,30,53,"Bt2","Sandy clay loam",43365,63,9.3999996,27.6000004,NA,"10R",3,6
100933,"Red Bay","RED BAY","Fine-loamy, siliceous, thermic Rhodic Kandiudults","Ultisols","Udults","Kandiudults","Rhodic Kandiudults","fine-loamy",-83.9846267999999,32.3315659,528511,"40A38817",4,53,81,"Bt3","Sandy clay loam",43366,63,8.6000004,28.3999996,NA,"10R",3,6
100933,"Red Bay","RED BAY","Fine-loamy, siliceous, thermic Rhodic Kandiudults","Ultisols","Udults","Kandiudults","Rhodic Kandiudults","fine-loamy",-83.9846267999999,32.3315659,528512,"40A38818",5,81,102,"Bt4","Sandy clay loam",43367,64,7.9000001,28.1000004,NA,"10R",3,6
100933,"Red Bay","RED BAY","Fine-loamy, siliceous, thermic Rhodic Kandiudults","Ultisols","Udults","Kandiudults","Rhodic Kandiudults","fine-loamy",-83.9846267999999,32.3315659,528513,"40A38819",6,102,147,"Bt5","Sandy clay loam",43368,64.6999969,6.5,28.7999992,NA,"10R",3,6
100933,"Red Bay","RED BAY","Fine-loamy, siliceous, thermic Rhodic Kandiudults","Ultisols","Udults","Kandiudults","Rhodic Kandiudults","fine-loamy",-83.9846267999999,32.3315659,528514,"40A38820",7,147,163,"Bt6","Sandy clay loam",43369,65.1999969,6,28.7999992,NA,"10R",3,6
100934,"Red Bay","RED BAY","Fine-loamy, siliceous, thermic Rhodic Kandiudults","Ultisols","Udults","Kandiudults","Rhodic Kandiudults","fine-loamy",-83.9915695,32.2765656,528503,"40A38821",1,0,25,"Ap","Loamy sand",43370,80.5,10.3999996,9.1000004,NA,"7.5YR",3,2
100934,"Red Bay","RED BAY","Fine-loamy, siliceous, thermic Rhodic Kandiudults","Ultisols","Udults","Kandiudults","Rhodic Kandiudults","fine-loamy",-83.9915695,32.2765656,528504,"40A38822",2,25,41,"Bt1","Sandy clay loam",43371,70.3000031,8.6999998,21,NA,"2.5YR",3,6
100934,"Red Bay","RED BAY","Fine-loamy, siliceous, thermic Rhodic Kandiudults","Ultisols","Udults","Kandiudults","Rhodic Kandiudults","fine-loamy",-83.9915695,32.2765656,528505,"40A38823",3,41,79,"Bt2","Sandy clay loam",43372,65,9.1999998,25.7999992,NA,"2.5YR",3,6
100934,"Red Bay","RED BAY","Fine-loamy, siliceous, thermic Rhodic Kandiudults","Ultisols","Udults","Kandiudults","Rhodic Kandiudults","fine-loamy",-83.9915695,32.2765656,528506,"40A38824",4,79,114,"Bt3","Sandy clay loam",43373,66.0999985,6.9000001,27,NA,"2.5YR",3,6
100934,"Red Bay","RED BAY","Fine-loamy, siliceous, thermic Rhodic Kandiudults","Ultisols","Udults","Kandiudults","Rhodic Kandiudults","fine-loamy",-83.9915695,32.2765656,528507,"40A38825",5,114,163,"Bt4","Sandy clay loam",43374,63.5,9.8999996,26.6000004,NA,"2.5YR",3,6
100935,"Americus","AMERICUS","Sandy, siliceous Typic Dystrochrepts","Inceptisols","Ochrepts","Dystrochrepts","Typic Dystrochrepts","sandy",-84.0135193,32.3274002000001,528497,"40A38557",1,0,15,"Ap","Loamy sand",37406,83.5,5.3000002,11.1999998,NA,"5YR",3,4
100935,"Americus","AMERICUS","Sandy, siliceous Typic Dystrochrepts","Inceptisols","Ochrepts","Dystrochrepts","Typic Dystrochrepts","sandy",-84.0135193,32.3274002000001,528498,"40A38558",2,15,33,"B1","Loamy sand",37407,83,5.0999999,11.8999996,NA,"2.5YR",3,4
100935,"Americus","AMERICUS","Sandy, siliceous Typic Dystrochrepts","Inceptisols","Ochrepts","Dystrochrepts","Typic Dystrochrepts","sandy",-84.0135193,32.3274002000001,528499,"40A38559",3,33,63,"B21","Fine sandy loam",37408,81.9000015,5.8000002,12.3000002,NA,"2.5YR",3,6
100935,"Americus","AMERICUS","Sandy, siliceous Typic Dystrochrepts","Inceptisols","Ochrepts","Dystrochrepts","Typic Dystrochrepts","sandy",-84.0135193,32.3274002000001,528500,"40A38560",4,63,89,"B22","Loamy sand",37409,82.5999985,5.0999999,12.3000002,NA,"2.5YR",3,6
100935,"Americus","AMERICUS","Sandy, siliceous Typic Dystrochrepts","Inceptisols","Ochrepts","Dystrochrepts","Typic Dystrochrepts","sandy",-84.0135193,32.3274002000001,528501,"40A38561",5,89,124,"B23","Fine sandy loam",37410,82.1999969,5.0999999,12.6999998,NA,"2.5YR",3,6
100935,"Americus","AMERICUS","Sandy, siliceous Typic Dystrochrepts","Inceptisols","Ochrepts","Dystrochrepts","Typic Dystrochrepts","sandy",-84.0135193,32.3274002000001,528502,"40A38562",6,124,178,"B24","Fine sandy loam",37411,82.3000031,4.5999999,13.1000004,NA,"2.5YR",3,6
100938,"Greenville","GREENVILLE","Clayey, kaolinitic, thermic Rhodic Kandiudults","Ultisols","Udults","Kandiudults","Rhodic Kandiudults","clayey",-83.8760147,32.5540581000001,528483,"40A38688",1,0,18,"Ap","Fine sandy loam",40237,70.6999969,16.1000004,13.1999998,NA,"5YR",3,3
100938,"Greenville","GREENVILLE","Clayey, kaolinitic, thermic Rhodic Kandiudults","Ultisols","Udults","Kandiudults","Rhodic Kandiudults","clayey",-83.8760147,32.5540581000001,528484,"40A38689",2,18,28,"Bt1","Sandy clay",40238,50,15,35,NA,"2.5YR",3,4
100938,"Greenville","GREENVILLE","Clayey, kaolinitic, thermic Rhodic Kandiudults","Ultisols","Udults","Kandiudults","Rhodic Kandiudults","clayey",-83.8760147,32.5540581000001,528485,"40A38690",3,28,53,"Bt2","Sandy clay",40239,49,13.6000004,37.4000015,NA,"2.5YR",3,6
100938,"Greenville","GREENVILLE","Clayey, kaolinitic, thermic Rhodic Kandiudults","Ultisols","Udults","Kandiudults","Rhodic Kandiudults","clayey",-83.8760147,32.5540581000001,528486,"40A38691",4,53,84,"Bt3","Sandy clay",40240,49,12,39,NA,"2.5YR",3,6
100938,"Greenville","GREENVILLE","Clayey, kaolinitic, thermic Rhodic Kandiudults","Ultisols","Udults","Kandiudults","Rhodic Kandiudults","clayey",-83.8760147,32.5540581000001,528487,"40A38692",5,84,112,"Bt4","Sandy clay",40241,48.0999985,9.5,42.4000015,NA,"2.5YR",3,6
100938,"Greenville","GREENVILLE","Clayey, kaolinitic, thermic Rhodic Kandiudults","Ultisols","Udults","Kandiudults","Rhodic Kandiudults","clayey",-83.8760147,32.5540581000001,528488,"40A38693",6,112,147,"Bt5","Clay",40242,44,7.3000002,48.7000008,NA,"2.5YR",3,6
100938,"Greenville","GREENVILLE","Clayey, kaolinitic, thermic Rhodic Kandiudults","Ultisols","Udults","Kandiudults","Rhodic Kandiudults","clayey",-83.8760147,32.5540581000001,528489,"40A38694",7,147,239,"Bt6","Clay",40243,43.5999985,5,51.4000015,NA,"2.5YR",3,6
100939,"Faceville","FACEVILLE","Clayey, kaolinitic, thermic Typic Kandiudults","Ultisols","Udults","Kandiudults","Typic Kandiudults","clayey",-83.8610153,32.5290604,528476,"40A38636",1,0,20,"Ap","Loamy fine sand",37485,76.4000015,17.6000004,6,NA,"10YR",3,2
100939,"Faceville","FACEVILLE","Clayey, kaolinitic, thermic Typic Kandiudults","Ultisols","Udults","Kandiudults","Typic Kandiudults","clayey",-83.8610153,32.5290604,528477,"40A38637",2,20,36,"A","Fine sandy loam",37486,68.5,12.3999996,19.1000004,NA,"5YR",4,6
100939,"Faceville","FACEVILLE","Clayey, kaolinitic, thermic Typic Kandiudults","Ultisols","Udults","Kandiudults","Typic Kandiudults","clayey",-83.8610153,32.5290604,528478,"40A38638",3,36,46,"Bt11","Sandy clay loam",37487,57.7000008,12.6000004,29.7000008,NA,"2.5YR",4,8
100939,"Faceville","FACEVILLE","Clayey, kaolinitic, thermic Typic Kandiudults","Ultisols","Udults","Kandiudults","Typic Kandiudults","clayey",-83.8610153,32.5290604,528479,"40A38639",4,46,66,"Bt12","Sandy clay loam",37488,57,11.8000002,31.2000008,NA,"2.5YR",3,6
100939,"Faceville","FACEVILLE","Clayey, kaolinitic, thermic Typic Kandiudults","Ultisols","Udults","Kandiudults","Typic Kandiudults","clayey",-83.8610153,32.5290604,528480,"40A38640",5,66,86,"Bt13","Sandy clay loam",37489,57.0999985,10,32.9000015,NA,"2.5YR",3,6
100939,"Faceville","FACEVILLE","Clayey, kaolinitic, thermic Typic Kandiudults","Ultisols","Udults","Kandiudults","Typic Kandiudults","clayey",-83.8610153,32.5290604,528481,"40A38641",6,86,102,"Bt21","Sandy clay",37490,55.0999985,7.9000001,37,NA,"2.5YR",3,6
100939,"Faceville","FACEVILLE","Clayey, kaolinitic, thermic Typic Kandiudults","Ultisols","Udults","Kandiudults","Typic Kandiudults","clayey",-83.8610153,32.5290604,528482,"40A38642",7,102,160,"Bt22","Sandy clay",37491,54.0999985,6.6999998,39.2000008,NA,"2.5YR",3,6
100940,"Greenville","GREENVILLE","Clayey, kaolinitic, thermic Rhodic Kandiudults","Ultisols","Udults","Kandiudults","Rhodic Kandiudults","clayey",-83.8993454,32.5640602,528469,"40A38695",1,0,18,"Ap","Fine sandy loam",40244,73.3000031,11.1999998,15.5,NA,"5YR",3,4
100940,"Greenville","GREENVILLE","Clayey, kaolinitic, thermic Rhodic Kandiudults","Ultisols","Udults","Kandiudults","Rhodic Kandiudults","clayey",-83.8993454,32.5640602,528470,"40A38696",2,18,28,"Bt1","Sandy clay",40245,45.9000015,11.8999996,42.2000008,NA,"2.5YR",3,4
100940,"Greenville","GREENVILLE","Clayey, kaolinitic, thermic Rhodic Kandiudults","Ultisols","Udults","Kandiudults","Rhodic Kandiudults","clayey",-83.8993454,32.5640602,528471,"40A38697",3,28,58,"Bt2","Clay",40246,44.2000008,11.6999998,44.0999985,NA,"2.5YR",3,4
100940,"Greenville","GREENVILLE","Clayey, kaolinitic, thermic Rhodic Kandiudults","Ultisols","Udults","Kandiudults","Rhodic Kandiudults","clayey",-83.8993454,32.5640602,528472,"40A38698",4,58,86,"Bt3","Sandy clay",40247,49.7999992,10,40.2000008,NA,"2.5YR",3,4
100940,"Greenville","GREENVILLE","Clayey, kaolinitic, thermic Rhodic Kandiudults","Ultisols","Udults","Kandiudults","Rhodic Kandiudults","clayey",-83.8993454,32.5640602,528473,"40A38699",5,86,122,"Bt4","Sandy clay",40248,50.9000015,9.3999996,39.7000008,NA,"2.5YR",3,4
100940,"Greenville","GREENVILLE","Clayey, kaolinitic, thermic Rhodic Kandiudults","Ultisols","Udults","Kandiudults","Rhodic Kandiudults","clayey",-83.8993454,32.5640602,528474,"40A38700",6,122,155,"Bt5","Sandy clay",40249,50.7000008,7.1999998,42.0999985,NA,"2.5YR",3,4
100940,"Greenville","GREENVILLE","Clayey, kaolinitic, thermic Rhodic Kandiudults","Ultisols","Udults","Kandiudults","Rhodic Kandiudults","clayey",-83.8993454,32.5640602,528475,"40A38701",7,155,246,"Bt6","Sandy clay",40250,50.2000008,6.3000002,43.5,NA,"2.5YR",3,4
100944,"Lucy","LUCY","Arenic Kandiudults, loamy, kaolinitic, thermic","Ultisols","Udults","Kandiudults","Arenic Kandiudults","loamy",-83.8379593,32.5560036000001,528439,"40A38730",1,0,15,"Ap","Sand",40279,92.4000015,5,2.5999999,NA,"10YR",4,2
100944,"Lucy","LUCY","Arenic Kandiudults, loamy, kaolinitic, thermic","Ultisols","Udults","Kandiudults","Arenic Kandiudults","loamy",-83.8379593,32.5560036000001,528440,"40A38731",2,15,41,"A","Loamy sand",40280,86.0999985,6.3000002,7.5999999,NA,"7.5YR",4,4
100944,"Lucy","LUCY","Arenic Kandiudults, loamy, kaolinitic, thermic","Ultisols","Udults","Kandiudults","Arenic Kandiudults","loamy",-83.8379593,32.5560036000001,528441,"40A38732",3,41,61,"B11","Loamy sand",40281,84.5999985,6.3000002,9.1000004,NA,"5YR",5,6
100944,"Lucy","LUCY","Arenic Kandiudults, loamy, kaolinitic, thermic","Ultisols","Udults","Kandiudults","Arenic Kandiudults","loamy",-83.8379593,32.5560036000001,528442,"40A38733",4,61,81,"B12","Loamy sand",40282,84.4000015,6.3000002,9.3000002,NA,"5YR",4,6
100944,"Lucy","LUCY","Arenic Kandiudults, loamy, kaolinitic, thermic","Ultisols","Udults","Kandiudults","Arenic Kandiudults","loamy",-83.8379593,32.5560036000001,528443,"40A38734",5,81,107,"B13","Loamy sand",40283,83.1999969,3.8,13,NA,"5YR",4,6
100944,"Lucy","LUCY","Arenic Kandiudults, loamy, kaolinitic, thermic","Ultisols","Udults","Kandiudults","Arenic Kandiudults","loamy",-83.8379593,32.5560036000001,528444,"40A38735",6,107,137,"B2","Sandy clay loam",40284,74.1999969,4,21.7999992,NA,"2.5YR",4,8
100944,"Lucy","LUCY","Arenic Kandiudults, loamy, kaolinitic, thermic","Ultisols","Udults","Kandiudults","Arenic Kandiudults","loamy",-83.8379593,32.5560036000001,528445,"40A38736",7,137,163,"Bt1","Fine sandy loam",40285,77.4000015,3.5,19.1000004,NA,"2.5YR",3,6
100944,"Lucy","LUCY","Arenic Kandiudults, loamy, kaolinitic, thermic","Ultisols","Udults","Kandiudults","Arenic Kandiudults","loamy",-83.8379593,32.5560036000001,528446,"40A38737",8,163,196,"Bt2","Fine sandy loam",40286,79.4000015,3.5999999,17,NA,"2.5YR",3,6
100944,"Lucy","LUCY","Arenic Kandiudults, loamy, kaolinitic, thermic","Ultisols","Udults","Kandiudults","Arenic Kandiudults","loamy",-83.8379593,32.5560036000001,528447,"40A38738",9,196,218,"B3","Loamy sand",40287,84.3000031,3.2,12.5,NA,"2.5YR",3,6
100945,"Eustis","EUSTIS","Siliceous, thermic Psammentic Paleudult","Ultisols","Udults","Paleudults","Psammentic Paleudults","sandy",-83.7682343,32.5465584,528430,"40A38627",1,0,20,"Ap","Sand",37476,90.9000015,6.1999998,2.9000001,NA,"10YR",4,2
100945,"Eustis","EUSTIS","Siliceous, thermic Psammentic Paleudult","Ultisols","Udults","Paleudults","Psammentic Paleudults","sandy",-83.7682343,32.5465584,528431,"40A38628",2,20,41,"A","Loamy sand",37477,86.5999985,6.8000002,6.5999999,NA,"7.5YR",4,4
100945,"Eustis","EUSTIS","Siliceous, thermic Psammentic Paleudult","Ultisols","Udults","Paleudults","Psammentic Paleudults","sandy",-83.7682343,32.5465584,528432,"40A38629",3,41,69,"B11","Fine sandy loam",37478,81.1999969,6.4000001,12.3999996,NA,"5YR",4,6
100945,"Eustis","EUSTIS","Siliceous, thermic Psammentic Paleudult","Ultisols","Udults","Paleudults","Psammentic Paleudults","sandy",-83.7682343,32.5465584,528433,"40A38630",4,69,86,"B12","Loamy fine sand",37479,83.9000015,6.8000002,9.3000002,NA,"5YR",4,6
100945,"Eustis","EUSTIS","Siliceous, thermic Psammentic Paleudult","Ultisols","Udults","Paleudults","Psammentic Paleudults","sandy",-83.7682343,32.5465584,528434,"40A38631",5,86,109,"B13","Loamy fine sand",37480,83.5,5.9000001,10.6000004,NA,"2.5YR",4,8
100945,"Eustis","EUSTIS","Siliceous, thermic Psammentic Paleudult","Ultisols","Udults","Paleudults","Psammentic Paleudults","sandy",-83.7682343,32.5465584,528435,"40A38632",6,109,124,"Bt1","Fine sandy loam",37481,79.0999985,4.1999998,16.7000008,NA,"2.5YR",4,6
100945,"Eustis","EUSTIS","Siliceous, thermic Psammentic Paleudult","Ultisols","Udults","Paleudults","Psammentic Paleudults","sandy",-83.7682343,32.5465584,528436,"40A38633",7,124,142,"Bt2","Fine sandy loam",37482,80,3.2,16.7999992,NA,"2.5YR",3,6
100945,"Eustis","EUSTIS","Siliceous, thermic Psammentic Paleudult","Ultisols","Udults","Paleudults","Psammentic Paleudults","sandy",-83.7682343,32.5465584,528437,"40A38634",8,142,168,"B21","Loamy sand",37483,85,1.8,13.1999998,NA,"2.5YR",3,6
100945,"Eustis","EUSTIS","Siliceous, thermic Psammentic Paleudult","Ultisols","Udults","Paleudults","Psammentic Paleudults","sandy",-83.7682343,32.5465584,528438,"40A38635",9,168,193,"B22","Fine sandy loam",37484,82.9000015,2.9000001,14.1999998,NA,"2.5YR",4,6
100947,"Greenville","GREENVILLE","Clayey, kaolinitic, thermic Rhodic Kandiudults","Ultisols","Udults","Kandiudults","Rhodic Kandiudults","clayey",-83.9065704,32.5582275,530545,"40A38702",1,0,15,"Ap","Sandy clay loam",40251,55.5999985,19.7999992,24.6000004,NA,"10YR",3,3
100947,"Greenville","GREENVILLE","Clayey, kaolinitic, thermic Rhodic Kandiudults","Ultisols","Udults","Kandiudults","Rhodic Kandiudults","clayey",-83.9065704,32.5582275,530546,"40A38703",2,15,30,"Bt1","Sandy clay",40252,45.2000008,14.6000004,40.2000008,NA,"2.5YR",3,4
100947,"Greenville","GREENVILLE","Clayey, kaolinitic, thermic Rhodic Kandiudults","Ultisols","Udults","Kandiudults","Rhodic Kandiudults","clayey",-83.9065704,32.5582275,530547,"40A38704",3,30,43,"Bt21","Clay",40253,44.5999985,14.3000002,41.0999985,NA,"2.5YR",3,6
100947,"Greenville","GREENVILLE","Clayey, kaolinitic, thermic Rhodic Kandiudults","Ultisols","Udults","Kandiudults","Rhodic Kandiudults","clayey",-83.9065704,32.5582275,530548,"40A38705",4,43,61,"Bt22","Clay",40254,43.2000008,13.1999998,43.5999985,NA,"2.5YR",3,6
100947,"Greenville","GREENVILLE","Clayey, kaolinitic, thermic Rhodic Kandiudults","Ultisols","Udults","Kandiudults","Rhodic Kandiudults","clayey",-83.9065704,32.5582275,530549,"40A38706",5,61,84,"Bt23","Clay",40255,42,12.8999996,45.0999985,NA,"2.5YR",3,6
100947,"Greenville","GREENVILLE","Clayey, kaolinitic, thermic Rhodic Kandiudults","Ultisols","Udults","Kandiudults","Rhodic Kandiudults","clayey",-83.9065704,32.5582275,530550,"40A38707",6,84,109,"Bt24","Clay",40256,42.7999992,9.6999998,47.5,NA,"2.5YR",3,6
100947,"Greenville","GREENVILLE","Clayey, kaolinitic, thermic Rhodic Kandiudults","Ultisols","Udults","Kandiudults","Rhodic Kandiudults","clayey",-83.9065704,32.5582275,530551,"40A38708",7,109,135,"Bt25","Clay",40257,40.9000015,9.5,49.5999985,NA,"2.5YR",3,6
100947,"Greenville","GREENVILLE","Clayey, kaolinitic, thermic Rhodic Kandiudults","Ultisols","Udults","Kandiudults","Rhodic Kandiudults","clayey",-83.9065704,32.5582275,530552,"40A38709",8,135,206,"Bt26","Clay",40258,42.7000008,1.9,55.4000015,NA,"2.5YR",3,6
100948,"Greenville","GREENVILLE","Clayey, kaolinitic, thermic Rhodic Kandiudults","Ultisols","Udults","Kandiudults","Rhodic Kandiudults","clayey",-83.8940735,32.5735016,530553,"40A38710",1,0,23,"Ap","Loam",40259,45.7000008,28.5,25.7999992,NA,"5YR",3,2
100948,"Greenville","GREENVILLE","Clayey, kaolinitic, thermic Rhodic Kandiudults","Ultisols","Udults","Kandiudults","Rhodic Kandiudults","clayey",-83.8940735,32.5735016,530554,"40A38711",2,23,41,"Bt1","Clay",40260,39.5999985,18.1000004,42.2999992,NA,"2.5YR",3,4
100948,"Greenville","GREENVILLE","Clayey, kaolinitic, thermic Rhodic Kandiudults","Ultisols","Udults","Kandiudults","Rhodic Kandiudults","clayey",-83.8940735,32.5735016,530555,"40A38712",3,41,56,"Bt2","Clay",40261,40.2000008,16,43.7999992,NA,"2.5YR",3,4
100948,"Greenville","GREENVILLE","Clayey, kaolinitic, thermic Rhodic Kandiudults","Ultisols","Udults","Kandiudults","Rhodic Kandiudults","clayey",-83.8940735,32.5735016,530556,"40A38713",4,56,76,"Bt3","Clay",40262,40.4000015,12.6000004,47,NA,"2.5YR",3,4
100948,"Greenville","GREENVILLE","Clayey, kaolinitic, thermic Rhodic Kandiudults","Ultisols","Udults","Kandiudults","Rhodic Kandiudults","clayey",-83.8940735,32.5735016,530557,"40A38714",5,76,97,"Bt4","Clay",40263,39.5,13.3999996,47.0999985,NA,"2.5YR",3,4
100948,"Greenville","GREENVILLE","Clayey, kaolinitic, thermic Rhodic Kandiudults","Ultisols","Udults","Kandiudults","Rhodic Kandiudults","clayey",-83.8940735,32.5735016,530558,"40A38715",6,97,142,"Bt5","Clay",40264,39.9000015,12.1000004,48,NA,"2.5YR",3,4
100948,"Greenville","GREENVILLE","Clayey, kaolinitic, thermic Rhodic Kandiudults","Ultisols","Udults","Kandiudults","Rhodic Kandiudults","clayey",-83.8940735,32.5735016,530559,"40A38716",7,142,213,"Bt6","Clay",40265,45,9.1999998,45.7999992,NA,"2.5YR",3,4
100958,"Lakeland","LAKELAND","Thermic, coated Typic Quartzipsamment","Entisols","Psamments","Quartzipsamments","Typic Quartzipsamments","not used",-83.5821152,31.5946407000001,529399,"40A38723",1,0,25,"Ap","Loamy sand",40272,84.8000031,12.1999998,3,NA,"2.5Y",4,2
100958,"Lakeland","LAKELAND","Thermic, coated Typic Quartzipsamment","Entisols","Psamments","Quartzipsamments","Typic Quartzipsamments","not used",-83.5821152,31.5946407000001,529400,"40A38724",2,25,58,"E","Sand",40273,87.4000015,9.1000004,3.5,NA,"2.5Y",6,4
100958,"Lakeland","LAKELAND","Thermic, coated Typic Quartzipsamment","Entisols","Psamments","Quartzipsamments","Typic Quartzipsamments","not used",-83.5821152,31.5946407000001,529401,"40A38725",3,58,81,"A","Loamy sand",40274,85.4000015,9.3999996,5.1999998,NA,"2.5Y",7,6
100958,"Lakeland","LAKELAND","Thermic, coated Typic Quartzipsamment","Entisols","Psamments","Quartzipsamments","Typic Quartzipsamments","not used",-83.5821152,31.5946407000001,529402,"40A38726",4,81,102,"Bt1","Fine sandy loam",40275,76.0999985,10.1000004,13.8000002,NA,"10YR",5,6
100958,"Lakeland","LAKELAND","Thermic, coated Typic Quartzipsamment","Entisols","Psamments","Quartzipsamments","Typic Quartzipsamments","not used",-83.5821152,31.5946407000001,529403,"40A38727",5,102,127,"Bt2","Sandy loam",40276,75,9,16,NA,"10YR",5,6
100958,"Lakeland","LAKELAND","Thermic, coated Typic Quartzipsamment","Entisols","Psamments","Quartzipsamments","Typic Quartzipsamments","not used",-83.5821152,31.5946407000001,529404,"40A38728",6,127,160,"Bt3","Sandy loam",40277,78.5999985,10,11.3999996,NA,"10YR",7,8
100958,"Lakeland","LAKELAND","Thermic, coated Typic Quartzipsamment","Entisols","Psamments","Quartzipsamments","Typic Quartzipsamments","not used",-83.5821152,31.5946407000001,529405,"40A38729",7,160,178,"Btg","Sandy loam",40278,74.9000015,8.8999996,16.2000008,NA,"10YR",7,8
100960,"Tifton","TIFTON","Fine-loamy, siliceous, subactive, thermic Plinthic Paleudults","Ultisols","Udults","Paleudults","Plinthic Paleudults","fine-loamy",-83.587677,31.3465919000001,529383,"40A38850",1,0,20,"Ap","Loamy coarse sand",43399,87.3000031,7.5999999,5.0999999,NA,"10YR",3,2
100960,"Tifton","TIFTON","Fine-loamy, siliceous, subactive, thermic Plinthic Paleudults","Ultisols","Udults","Paleudults","Plinthic Paleudults","fine-loamy",-83.587677,31.3465919000001,529384,"40A38851",2,20,30,"E","Coarse sandy loam",46500,79.0999985,9.6999998,11.1999998,NA,"10YR",4,4
100960,"Tifton","TIFTON","Fine-loamy, siliceous, subactive, thermic Plinthic Paleudults","Ultisols","Udults","Paleudults","Plinthic Paleudults","fine-loamy",-83.587677,31.3465919000001,529385,"40A38852",3,30,46,"B1","Coarse sandy loam",46501,74.5999985,10,15.3999996,NA,"10YR",5,6
100960,"Tifton","TIFTON","Fine-loamy, siliceous, subactive, thermic Plinthic Paleudults","Ultisols","Udults","Paleudults","Plinthic Paleudults","fine-loamy",-83.587677,31.3465919000001,529386,"40A38853",4,46,69,"B2","Sandy clay loam",46502,66.1999969,8.3000002,25.5,NA,"10YR",5,8
100960,"Tifton","TIFTON","Fine-loamy, siliceous, subactive, thermic Plinthic Paleudults","Ultisols","Udults","Paleudults","Plinthic Paleudults","fine-loamy",-83.587677,31.3465919000001,529387,"40A38854",5,69,89,"B3","Sandy clay loam",46503,63.9000015,6.6999998,29.3999996,NA,"10YR",5,8
100960,"Tifton","TIFTON","Fine-loamy, siliceous, subactive, thermic Plinthic Paleudults","Ultisols","Udults","Paleudults","Plinthic Paleudults","fine-loamy",-83.587677,31.3465919000001,529388,"40A38855",6,89,109,"C1","Sandy clay loam",46504,60.2999992,6.6999998,33,NA,"10YR",5,8
100960,"Tifton","TIFTON","Fine-loamy, siliceous, subactive, thermic Plinthic Paleudults","Ultisols","Udults","Paleudults","Plinthic Paleudults","fine-loamy",-83.587677,31.3465919000001,529389,"40A38856",7,109,142,"C2","Sandy clay loam",46505,58.2999992,7.8000002,33.9000015,NA,"10YR",5,6
100960,"Tifton","TIFTON","Fine-loamy, siliceous, subactive, thermic Plinthic Paleudults","Ultisols","Udults","Paleudults","Plinthic Paleudults","fine-loamy",-83.587677,31.3465919000001,529390,"40A38857",8,142,188,"C3","Sandy clay",46506,57.5999985,6.5999999,35.7999992,NA,"10YR",6,8
100961,"Norfolk","NORFOLK","Fine-loamy, siliceous, subactive, thermic Typic Paleudults","Ultisols","Udults","Kandiudults","Typic Kandiudults","fine-loamy",-83.4801712,31.4732533000001,529376,"40A38781",1,0,25,"Ap","Sand",43330,91,6.9000001,2.0999999,NA,"2.5Y",5,2
100961,"Norfolk","NORFOLK","Fine-loamy, siliceous, subactive, thermic Typic Paleudults","Ultisols","Udults","Kandiudults","Typic Kandiudults","fine-loamy",-83.4801712,31.4732533000001,529377,"40A38782",2,25,46,"B1","Sand",43331,88.5999985,8.6999998,2.7,NA,"2.5Y",7,4
100961,"Norfolk","NORFOLK","Fine-loamy, siliceous, subactive, thermic Typic Paleudults","Ultisols","Udults","Kandiudults","Typic Kandiudults","fine-loamy",-83.4801712,31.4732533000001,529378,"40A38783",3,46,74,"B21","Loamy sand",43332,85.9000015,9.6000004,4.5,NA,"2.5Y",8,6
100961,"Norfolk","NORFOLK","Fine-loamy, siliceous, subactive, thermic Typic Paleudults","Ultisols","Udults","Kandiudults","Typic Kandiudults","fine-loamy",-83.4801712,31.4732533000001,529379,"40A38784",4,74,107,"B22","Fine sandy loam",43333,79.6999969,8.8000002,11.5,NA,"10YR",5,8
100961,"Norfolk","NORFOLK","Fine-loamy, siliceous, subactive, thermic Typic Paleudults","Ultisols","Udults","Kandiudults","Typic Kandiudults","fine-loamy",-83.4801712,31.4732533000001,529380,"40A38785",5,107,132,"B3","Loamy coarse sand",43334,84.3000031,1.5,14.1999998,NA,"10YR",6,8
100961,"Norfolk","NORFOLK","Fine-loamy, siliceous, subactive, thermic Typic Paleudults","Ultisols","Udults","Kandiudults","Typic Kandiudults","fine-loamy",-83.4801712,31.4732533000001,529381,"40A38786",6,132,160,"C1","Sandy loam",43335,79.5999985,4.8000002,15.6000004,NA,"10YR",6,8
100961,"Norfolk","NORFOLK","Fine-loamy, siliceous, subactive, thermic Typic Paleudults","Ultisols","Udults","Kandiudults","Typic Kandiudults","fine-loamy",-83.4801712,31.4732533000001,529382,"40A38787",7,160,165,"C2","Sandy loam",43336,80.4000015,3.7,15.8999996,NA,"10YR",8,1
100962,"Tifton","TIFTON","Fine-loamy, siliceous, subactive, thermic Plinthic Paleudults","Ultisols","Udults","Paleudults","Plinthic Paleudults","fine-loamy",-83.6021193999999,31.3368683,529369,"40A38858",1,0,28,"Ap","Sand",46507,88.6999969,8.1000004,3.2,NA,"2.5Y",4,2
100962,"Tifton","TIFTON","Fine-loamy, siliceous, subactive, thermic Plinthic Paleudults","Ultisols","Udults","Paleudults","Plinthic Paleudults","fine-loamy",-83.6021193999999,31.3368683,529370,"40A38859",2,28,46,"A","Loamy sand",46508,81.5,9.6999998,8.8000002,NA,"2.5Y",5,6
100962,"Tifton","TIFTON","Fine-loamy, siliceous, subactive, thermic Plinthic Paleudults","Ultisols","Udults","Paleudults","Plinthic Paleudults","fine-loamy",-83.6021193999999,31.3368683,529371,"40A38860",3,46,58,"B1","Sandy clay loam",46509,69.4000015,8.6999998,21.8999996,NA,"10YR",5,8
100962,"Tifton","TIFTON","Fine-loamy, siliceous, subactive, thermic Plinthic Paleudults","Ultisols","Udults","Paleudults","Plinthic Paleudults","fine-loamy",-83.6021193999999,31.3368683,529372,"40A38861",4,58,86,"B21","Sandy clay loam",46510,59.2999992,7.1999998,33.5,NA,"10YR",5,8
100962,"Tifton","TIFTON","Fine-loamy, siliceous, subactive, thermic Plinthic Paleudults","Ultisols","Udults","Paleudults","Plinthic Paleudults","fine-loamy",-83.6021193999999,31.3368683,529373,"40A38862",5,86,112,"B22","Sandy clay loam",46511,65.6999969,6.0999999,28.2000008,NA,"10YR",6,8
100962,"Tifton","TIFTON","Fine-loamy, siliceous, subactive, thermic Plinthic Paleudults","Ultisols","Udults","Paleudults","Plinthic Paleudults","fine-loamy",-83.6021193999999,31.3368683,529374,"40A38863",6,112,145,"C1","Sandy clay loam",46512,69,4.4000001,26.6000004,NA,"10YR",6,8
100962,"Tifton","TIFTON","Fine-loamy, siliceous, subactive, thermic Plinthic Paleudults","Ultisols","Udults","Paleudults","Plinthic Paleudults","fine-loamy",-83.6021193999999,31.3368683,529375,"40A38864",7,145,157,"C2","Sandy clay loam",46513,69.8000031,4.6999998,25.5,NA,"10YR",5,8
100967,"Rains","RAINS","Typic Paleaquults, fine-loamy, siliceous, semiactive, thermic","Ultisols","Aquults","Paleaquults","Typic Paleaquults","fine-loamy",-83.5501709,31.4535332,529340,"40A38800",1,0,15,"Ag1","Loamy sand",43349,83.9000015,11.5,4.5999999,NA,"N",4,0
100967,"Rains","RAINS","Typic Paleaquults, fine-loamy, siliceous, semiactive, thermic","Ultisols","Aquults","Paleaquults","Typic Paleaquults","fine-loamy",-83.5501709,31.4535332,529341,"40A38801",2,15,58,"Ag2","Loamy sand",43350,84.4000015,10.1000004,5.5,NA,"N",5,0
100967,"Rains","RAINS","Typic Paleaquults, fine-loamy, siliceous, semiactive, thermic","Ultisols","Aquults","Paleaquults","Typic Paleaquults","fine-loamy",-83.5501709,31.4535332,529342,"40A38802",3,58,89,"Btg11","Sandy loam",43351,72.4000015,10.1000004,17.5,NA,"N",5,0
100967,"Rains","RAINS","Typic Paleaquults, fine-loamy, siliceous, semiactive, thermic","Ultisols","Aquults","Paleaquults","Typic Paleaquults","fine-loamy",-83.5501709,31.4535332,529343,"40A38803",4,89,122,"Btg12","Sandy loam",43352,74.1999969,9.5,16.2999992,NA,"10YR",6,1
100967,"Rains","RAINS","Typic Paleaquults, fine-loamy, siliceous, semiactive, thermic","Ultisols","Aquults","Paleaquults","Typic Paleaquults","fine-loamy",-83.5501709,31.4535332,529344,"40A38804",5,122,163,"Btg2","Sandy clay loam",43353,68.1999969,8.8999996,22.8999996,NA,"N",6,0
103463,"Dothan","DOTHAN","Fine-loamy, siliceous, subactive, thermic Plinthic Paleudults","Ultisols","Udults","Paleudults","Plinthic Paleudults","fine-loamy",-78.5469437,35.3647232000001,531415,"40A40343",1,0,13,"Ap","Sandy loam",88192,64.0999985,27.2000008,8.6999998,NA,"10YR",4,2
103463,"Dothan","DOTHAN","Fine-loamy, siliceous, subactive, thermic Plinthic Paleudults","Ultisols","Udults","Paleudults","Plinthic Paleudults","fine-loamy",-78.5469437,35.3647232000001,531416,"40A40344",2,13,23,"E","Sandy loam",88193,65.8000031,26.7999992,7.4000001,NA,"10YR",6,3
103463,"Dothan","DOTHAN","Fine-loamy, siliceous, subactive, thermic Plinthic Paleudults","Ultisols","Udults","Paleudults","Plinthic Paleudults","fine-loamy",-78.5469437,35.3647232000001,531418,"40A40345",3,30,51,"Bt1","Sandy clay loam",88194,47.0999985,19,33.9000015,NA,"10YR",5,6
103463,"Dothan","DOTHAN","Fine-loamy, siliceous, subactive, thermic Plinthic Paleudults","Ultisols","Udults","Paleudults","Plinthic Paleudults","fine-loamy",-78.5469437,35.3647232000001,531419,"40A40346",4,51,69,"Bt2","Sandy clay loam",88195,45.7999992,19.7999992,34.4000015,NA,"10YR",5,6
103463,"Dothan","DOTHAN","Fine-loamy, siliceous, subactive, thermic Plinthic Paleudults","Ultisols","Udults","Paleudults","Plinthic Paleudults","fine-loamy",-78.5469437,35.3647232000001,531420,"40A40347",5,69,89,"Bt3","Sandy clay loam",88196,55,14.8000002,30.2000008,NA,"10YR",5,8
103463,"Dothan","DOTHAN","Fine-loamy, siliceous, subactive, thermic Plinthic Paleudults","Ultisols","Udults","Paleudults","Plinthic Paleudults","fine-loamy",-78.5469437,35.3647232000001,531421,"40A40348",6,89,109,"Bt4","Sandy clay loam",88197,52.7999992,15.6999998,31.5,NA,"10YR",5,6
103463,"Dothan","DOTHAN","Fine-loamy, siliceous, subactive, thermic Plinthic Paleudults","Ultisols","Udults","Paleudults","Plinthic Paleudults","fine-loamy",-78.5469437,35.3647232000001,531422,"40A40349",7,109,137,"Bt5","Sandy clay loam",88198,53.7000008,18.7000008,27.6000004,NA,"10YR",7,2
103463,"Dothan","DOTHAN","Fine-loamy, siliceous, subactive, thermic Plinthic Paleudults","Ultisols","Udults","Paleudults","Plinthic Paleudults","fine-loamy",-78.5469437,35.3647232000001,531423,"40A40350",8,137,163,"Bt5","Sandy clay loam",88199,62.9000015,12.6999998,24.3999996,NA,"10YR",6,6
103463,"Dothan","DOTHAN","Fine-loamy, siliceous, subactive, thermic Plinthic Paleudults","Ultisols","Udults","Paleudults","Plinthic Paleudults","fine-loamy",-78.5469437,35.3647232000001,531424,"40A40354",12,163,229,"B","Sandy clay loam",91303,69.5999985,8.6000004,21.7999992,NA,"10YR",5,6
103463,"Dothan","DOTHAN","Fine-loamy, siliceous, subactive, thermic Plinthic Paleudults","Ultisols","Udults","Paleudults","Plinthic Paleudults","fine-loamy",-78.5469437,35.3647232000001,531425,"40A40358",16,229,274,"C","Coarse sandy loam",91307,74.6999969,7.4000001,17.8999996,NA,"10YR",7,2
103463,"Dothan","DOTHAN","Fine-loamy, siliceous, subactive, thermic Plinthic Paleudults","Ultisols","Udults","Paleudults","Plinthic Paleudults","fine-loamy",-78.5469437,35.3647232000001,531426,"40A40351",9,137,163,"Bt5","Sandy clay loam",91300,65.3000031,14,20.7000008,NA,NA,NA,NA
103463,"Dothan","DOTHAN","Fine-loamy, siliceous, subactive, thermic Plinthic Paleudults","Ultisols","Udults","Paleudults","Plinthic Paleudults","fine-loamy",-78.5469437,35.3647232000001,531427,"40A40352",10,137,163,"Bt5","Sandy clay loam",91301,67.1999969,10.8999996,21.8999996,NA,NA,NA,NA
103463,"Dothan","DOTHAN","Fine-loamy, siliceous, subactive, thermic Plinthic Paleudults","Ultisols","Udults","Paleudults","Plinthic Paleudults","fine-loamy",-78.5469437,35.3647232000001,531428,"40A40353",11,137,163,"Bt5","Sandy clay loam",91302,63,11.8000002,25.2000008,NA,NA,NA,NA
103463,"Dothan","DOTHAN","Fine-loamy, siliceous, subactive, thermic Plinthic Paleudults","Ultisols","Udults","Paleudults","Plinthic Paleudults","fine-loamy",-78.5469437,35.3647232000001,531429,"40A40355",13,163,229,"B","Coarse sandy loam",91304,76.6999969,8.1000004,15.1999998,NA,NA,NA,NA
103463,"Dothan","DOTHAN","Fine-loamy, siliceous, subactive, thermic Plinthic Paleudults","Ultisols","Udults","Paleudults","Plinthic Paleudults","fine-loamy",-78.5469437,35.3647232000001,531430,"40A40356",14,163,229,"B","Sandy clay loam",91305,68.3000031,9.3999996,22.2999992,NA,NA,NA,NA
103463,"Dothan","DOTHAN","Fine-loamy, siliceous, subactive, thermic Plinthic Paleudults","Ultisols","Udults","Paleudults","Plinthic Paleudults","fine-loamy",-78.5469437,35.3647232000001,531431,"40A40357",15,163,229,"B","Sandy clay loam",91306,67,9.6000004,23.3999996,NA,NA,NA,NA
120445,"Congaree","CONGAREE","Fine-loamy, mixed, active, acid, thermic Typic Udifluvents","Entisols","Fluvents","Udifluvents","Typic Udifluvents","fine-loamy",-82.8176498,32.4290619000001,605768,"81P01019",1,25,91,"B","Fine sandy loam",308656,69.1999969,17.7999992,13,4.4000001,"7.5YR",4,4
120445,"Congaree","CONGAREE","Fine-loamy, mixed, active, acid, thermic Typic Udifluvents","Entisols","Fluvents","Udifluvents","Typic Udifluvents","fine-loamy",-82.8176498,32.4290619000001,605770,"81P01020",2,91,127,"Btgb","Silty clay loam",308657,16.1000004,51.4000015,32.5,17.6000004,"10YR",6,2
120445,"Congaree","CONGAREE","Fine-loamy, mixed, active, acid, thermic Typic Udifluvents","Entisols","Fluvents","Udifluvents","Typic Udifluvents","fine-loamy",-82.8176498,32.4290619000001,605769,"81P01020",2,91,127,"Btgb","Silty clay loam",308657,16.1000004,51.4000015,32.5,17.6000004,"5YR",4,4
120445,"Congaree","CONGAREE","Fine-loamy, mixed, active, acid, thermic Typic Udifluvents","Entisols","Fluvents","Udifluvents","Typic Udifluvents","fine-loamy",-82.8176498,32.4290619000001,605770,"81P01020",2,91,127,"Btgb","Silty clay loam",308657,16.1000004,51.4000015,32.5,17.6000004,"10YR",6,2
120445,"Congaree","CONGAREE","Fine-loamy, mixed, active, acid, thermic Typic Udifluvents","Entisols","Fluvents","Udifluvents","Typic Udifluvents","fine-loamy",-82.8176498,32.4290619000001,605769,"81P01020",2,91,127,"Btgb","Silty clay loam",308657,16.1000004,51.4000015,32.5,17.6000004,"5YR",4,4
120446,"Chastain","CHASTAIN","Fine, kaolinitic, acid, thermic Typic Fluvaquents","Entisols","Aquents","Fluvaquents","Typic Fluvaquents","fine",-82.819313,32.4321175000001,605772,"81P01021",1,0,23,"A","Silty clay",308658,7.5,43,49.5,15.1999998,"5YR",4,3
120446,"Chastain","CHASTAIN","Fine, kaolinitic, acid, thermic Typic Fluvaquents","Entisols","Aquents","Fluvaquents","Typic Fluvaquents","fine",-82.819313,32.4321175000001,605773,"81P01022",2,23,36,"Bg1","Silty clay",308659,5.0999999,48.9000015,46,18.6000004,"7.5YR",6,2
120446,"Chastain","CHASTAIN","Fine, kaolinitic, acid, thermic Typic Fluvaquents","Entisols","Aquents","Fluvaquents","Typic Fluvaquents","fine",-82.819313,32.4321175000001,605774,"81P01023",3,36,99,"Btg","Silty clay",308660,3.4000001,44.7000008,51.9000015,19.7000008,"10YR",6,2
120446,"Chastain","CHASTAIN","Fine, kaolinitic, acid, thermic Typic Fluvaquents","Entisols","Aquents","Fluvaquents","Typic Fluvaquents","fine",-82.819313,32.4321175000001,605775,"81P01024",4,99,152,"Bg2","Clay",308661,12.3999996,35.9000015,51.7000008,21.7999992,"5Y",6,1
120447,"Tawcaw","TAWCAW","Fine, kaolinitic, thermic Fluvaquentic Dystrochrepts","Inceptisols","Ochrepts","Dystrochrepts","Fluvaquentic Dystrochrepts","fine",-82.8109818,32.4304504,605776,"81P01026",1,0,15,"A1","Silty clay loam",308663,8.1999998,53.5,38.2999992,16.7000008,"5YR",4,3
120447,"Tawcaw","TAWCAW","Fine, kaolinitic, thermic Fluvaquentic Dystrochrepts","Inceptisols","Ochrepts","Dystrochrepts","Fluvaquentic Dystrochrepts","fine",-82.8109818,32.4304504,605777,"81P01027",2,15,28,"A2","Silty clay",308664,6.4000001,50.4000015,43.2000008,13.6999998,"5YR",4,3
120447,"Tawcaw","TAWCAW","Fine, kaolinitic, thermic Fluvaquentic Dystrochrepts","Inceptisols","Ochrepts","Dystrochrepts","Fluvaquentic Dystrochrepts","fine",-82.8109818,32.4304504,605778,"81P01028",3,28,61,"B1","Silty clay loam",308665,16.5,48.0999985,35.4000015,11.3000002,"5YR",4,3
120447,"Tawcaw","TAWCAW","Fine, kaolinitic, thermic Fluvaquentic Dystrochrepts","Inceptisols","Ochrepts","Dystrochrepts","Fluvaquentic Dystrochrepts","fine",-82.8109818,32.4304504,605779,"81P01029",4,61,94,"B2","Silty clay loam",308666,11.3999996,50.2000008,38.4000015,12.3999996,"5YR",4,3
120447,"Tawcaw","TAWCAW","Fine, kaolinitic, thermic Fluvaquentic Dystrochrepts","Inceptisols","Ochrepts","Dystrochrepts","Fluvaquentic Dystrochrepts","fine",-82.8109818,32.4304504,605780,"81P01030",5,94,165,"Btg","Silty clay loam",308667,8.8999996,52.7999992,38.2999992,14.1000004,"10YR",6,2
120447,"Tawcaw","TAWCAW","Fine, kaolinitic, thermic Fluvaquentic Dystrochrepts","Inceptisols","Ochrepts","Dystrochrepts","Fluvaquentic Dystrochrepts","fine",-82.8109818,32.4304504,605781,"81P01031",6,165,211,"C","Coarse sand",308668,93.9000015,2.9000001,3.2,1.1,"10YR",6,8
120448,"Congaree","CONGAREE","Fine-loamy, mixed, nonacid, thermic Typic Udifluvents","Entisols","Fluvents","Udifluvents","Typic Udifluvents","fine-loamy",-82.8829269,32.494339,605784,"81P01032",1,25,102,"C","Fine sandy loam",308669,74,18.2999992,7.6999998,3.8,"10YR",4,4
120449,"Chastain","CHASTAIN","Fine, kaolinitic, acid, thermic Typic Fluvaquents","Entisols","Aquents","Fluvaquents","Typic Fluvaquents","fine",-82.889595,32.4915619000001,605787,"81P01033",1,0,13,"A","Silty clay",308670,9.6999998,43.5999985,46.7000008,20,"5YR",4,4
120449,"Chastain","CHASTAIN","Fine, kaolinitic, acid, thermic Typic Fluvaquents","Entisols","Aquents","Fluvaquents","Typic Fluvaquents","fine",-82.889595,32.4915619000001,605788,"81P01034",2,13,33,"B","Silty clay loam",308671,14.8999996,48.2999992,36.7999992,15.1000004,"10YR",4,4
120449,"Chastain","CHASTAIN","Fine, kaolinitic, acid, thermic Typic Fluvaquents","Entisols","Aquents","Fluvaquents","Typic Fluvaquents","fine",-82.889595,32.4915619000001,605789,"81P01035",3,33,61,"Btg1","Silty clay loam",308672,15.5,46,38.5,14.1000004,"10YR",6,2
120449,"Chastain","CHASTAIN","Fine, kaolinitic, acid, thermic Typic Fluvaquents","Entisols","Aquents","Fluvaquents","Typic Fluvaquents","fine",-82.889595,32.4915619000001,605790,"81P01036",4,61,91,"Btg2","Clay loam",308673,24.7999992,40.2000008,35,13.3000002,"10YR",6,2
120449,"Chastain","CHASTAIN","Fine, kaolinitic, acid, thermic Typic Fluvaquents","Entisols","Aquents","Fluvaquents","Typic Fluvaquents","fine",-82.889595,32.4915619000001,605791,"81P01037",5,91,124,"Btg3","Clay loam",308674,31.6000004,40.5,27.8999996,12.8000002,"10YR",6,2
120449,"Chastain","CHASTAIN","Fine, kaolinitic, acid, thermic Typic Fluvaquents","Entisols","Aquents","Fluvaquents","Typic Fluvaquents","fine",-82.889595,32.4915619000001,605792,"81P01038",6,124,183,"C","Fine sandy loam",308675,69.4000015,17.6000004,13,6.8000002,"10YR",6,2
120551,"Tifton","TIFTON","Fine-loamy, siliceous, subactive, thermic Plinthic Paleudults","Ultisols","Udults","Paleudults","Plinthic Paleudults","fine-loamy",-83.8129577999999,32.0743484000001,606403,"81P02664",1,0,25,"Ap","Sand",355904,87.4000015,8.8999996,3.7,2.8,"10YR",4,2
120551,"Tifton","TIFTON","Fine-loamy, siliceous, subactive, thermic Plinthic Paleudults","Ultisols","Udults","Paleudults","Plinthic Paleudults","fine-loamy",-83.8129577999999,32.0743484000001,606404,"81P02665",2,25,38,"Bw","Fine sandy loam",355905,76.8000031,11.8999996,11.3000002,2.8,"10YR",5,6
120551,"Tifton","TIFTON","Fine-loamy, siliceous, subactive, thermic Plinthic Paleudults","Ultisols","Udults","Paleudults","Plinthic Paleudults","fine-loamy",-83.8129577999999,32.0743484000001,606405,"81P02666",3,38,56,"Btcn1","Sandy loam",355906,70.5999985,11.3000002,18.1000004,3.3,"10YR",5,8
120551,"Tifton","TIFTON","Fine-loamy, siliceous, subactive, thermic Plinthic Paleudults","Ultisols","Udults","Paleudults","Plinthic Paleudults","fine-loamy",-83.8129577999999,32.0743484000001,606406,"81P02667",4,56,84,"Btcn2","Sandy clay loam",355907,63.2999992,14.6999998,22,3.5,"10YR",5,8
120551,"Tifton","TIFTON","Fine-loamy, siliceous, subactive, thermic Plinthic Paleudults","Ultisols","Udults","Paleudults","Plinthic Paleudults","fine-loamy",-83.8129577999999,32.0743484000001,606407,"81P02668",5,84,102,"Bt1","Sandy clay loam",355908,67.3000031,9.1999998,23.5,3.2,"10YR",5,6
120551,"Tifton","TIFTON","Fine-loamy, siliceous, subactive, thermic Plinthic Paleudults","Ultisols","Udults","Paleudults","Plinthic Paleudults","fine-loamy",-83.8129577999999,32.0743484000001,606408,"81P02669",6,102,135,"Bt2","Sandy clay loam",355909,66.4000015,8,25.6000004,3.4000001,"7.5YR",5,8
120551,"Tifton","TIFTON","Fine-loamy, siliceous, subactive, thermic Plinthic Paleudults","Ultisols","Udults","Paleudults","Plinthic Paleudults","fine-loamy",-83.8129577999999,32.0743484000001,606409,"81P02670",7,135,193,"Bt3","Sandy clay loam",355910,68.6999969,6.9000001,24.3999996,3.2,"10YR",7,3
120551,"Tifton","TIFTON","Fine-loamy, siliceous, subactive, thermic Plinthic Paleudults","Ultisols","Udults","Paleudults","Plinthic Paleudults","fine-loamy",-83.8129577999999,32.0743484000001,606410,"81P02671",8,193,216,"BC","Sandy clay loam",355911,69.0999985,5.8000002,25.1000004,3.0999999,"10YR",7,2
120552,"Tifton","TIFTON","Fine-loamy, siliceous, subactive, thermic Plinthic Paleudults","Ultisols","Udults","Paleudults","Plinthic Paleudults","fine-loamy",-83.5432281,31.4999199000001,606411,"81P02672",1,0,25,"Apc","Loamy sand",355912,86.5,7,6.5,2.5999999,"10YR",4,2
120552,"Tifton","TIFTON","Fine-loamy, siliceous, subactive, thermic Plinthic Paleudults","Ultisols","Udults","Paleudults","Plinthic Paleudults","fine-loamy",-83.5432281,31.4999199000001,606412,"81P02673",2,25,46,"Bwc","Fine sandy loam",355913,78.0999985,8.5,13.3999996,2.3,"10YR",5,6
120552,"Tifton","TIFTON","Fine-loamy, siliceous, subactive, thermic Plinthic Paleudults","Ultisols","Udults","Paleudults","Plinthic Paleudults","fine-loamy",-83.5432281,31.4999199000001,606413,"81P02674",3,46,84,"Btcn","Sandy clay loam",355914,64.6999969,5.5999999,29.7000008,3.4000001,"10YR",5,6
120552,"Tifton","TIFTON","Fine-loamy, siliceous, subactive, thermic Plinthic Paleudults","Ultisols","Udults","Paleudults","Plinthic Paleudults","fine-loamy",-83.5432281,31.4999199000001,606414,"81P02675",4,84,104,"Btcn","Sandy clay loam",355915,57,8.6999998,34.2999992,3.8,"10YR",5,8
120552,"Tifton","TIFTON","Fine-loamy, siliceous, subactive, thermic Plinthic Paleudults","Ultisols","Udults","Paleudults","Plinthic Paleudults","fine-loamy",-83.5432281,31.4999199000001,606415,"81P02676",5,104,163,"Bt","Sandy clay loam",355916,58.2999992,8.3000002,33.4000015,4.4000001,"10YR",7,1
120552,"Tifton","TIFTON","Fine-loamy, siliceous, subactive, thermic Plinthic Paleudults","Ultisols","Udults","Paleudults","Plinthic Paleudults","fine-loamy",-83.5432281,31.4999199000001,606416,"81P02677",6,163,191,"BC","Sandy clay",355917,49.5,6,44.5,5.4000001,"10YR",7,2
120552,"Tifton","TIFTON","Fine-loamy, siliceous, subactive, thermic Plinthic Paleudults","Ultisols","Udults","Paleudults","Plinthic Paleudults","fine-loamy",-83.5432281,31.4999199000001,606417,"81P02678",7,191,216,"C","Sandy clay",355918,58.2999992,5,36.7000008,4.9000001,"10YR",7,2
120553,"Tifton","TIFTON","Fine-loamy, siliceous, subactive, thermic Plinthic Paleudults","Ultisols","Udults","Paleudults","Plinthic Paleudults","clayey",-83.5035018999999,31.0077114000001,606418,"81P02679",1,0,25,"Apc","Loamy fine sand",355919,86.3000031,9.1999998,4.5,3.5,"10YR",4,2
120553,"Tifton","TIFTON","Fine-loamy, siliceous, subactive, thermic Plinthic Paleudults","Ultisols","Udults","Paleudults","Plinthic Paleudults","clayey",-83.5035018999999,31.0077114000001,606419,"81P02680",2,25,38,"Acb","Fine sandy loam",355920,78,9.3999996,12.6000004,3.5999999,"10YR",5,4
120553,"Tifton","TIFTON","Fine-loamy, siliceous, subactive, thermic Plinthic Paleudults","Ultisols","Udults","Paleudults","Plinthic Paleudults","clayey",-83.5035018999999,31.0077114000001,606420,"81P02681",3,38,76,"Btcn1","Sandy clay",355921,48.2999992,6.9000001,44.7999992,5.1999998,"7.5YR",5,8
120553,"Tifton","TIFTON","Fine-loamy, siliceous, subactive, thermic Plinthic Paleudults","Ultisols","Udults","Paleudults","Plinthic Paleudults","clayey",-83.5035018999999,31.0077114000001,606421,"81P02682",4,76,102,"Btcn2","Sandy clay",355922,51.2999992,7.5,41.2000008,3.7,"7.5YR",5,8
120553,"Tifton","TIFTON","Fine-loamy, siliceous, subactive, thermic Plinthic Paleudults","Ultisols","Udults","Paleudults","Plinthic Paleudults","clayey",-83.5035018999999,31.0077114000001,606422,"81P02683",5,102,127,"Bt1","Sandy clay",355923,52.9000015,8.3999996,38.7000008,3.8,"10YR",5,6
120553,"Tifton","TIFTON","Fine-loamy, siliceous, subactive, thermic Plinthic Paleudults","Ultisols","Udults","Paleudults","Plinthic Paleudults","clayey",-83.5035018999999,31.0077114000001,606423,"81P02684",6,127,165,"Bt2","Sandy clay",355924,48.9000015,10,41.0999985,4.0999999,"2.5Y",7,2
110223,"Noboco","NOBOCO","Fine-loamy, siliceous, subactive, thermic Typic Paleudults","Ultisols","Udults","Paleudults","Typic Paleudults","fine-loamy",-78.7830810999999,35.0667725000001,547044,"80P02719",5,66,90,"Bt3","Loam",269781,46.7999992,28.2000008,25,5.5999999,"10YR",6,6
110223,"Noboco","NOBOCO","Fine-loamy, siliceous, subactive, thermic Typic Paleudults","Ultisols","Udults","Paleudults","Typic Paleudults","fine-loamy",-78.7830810999999,35.0667725000001,547045,"80P02720",6,90,130,"B","Clay loam",269782,42,25.2000008,32.7999992,6.9000001,"10YR",6,1
110223,"Noboco","NOBOCO","Fine-loamy, siliceous, subactive, thermic Typic Paleudults","Ultisols","Udults","Paleudults","Typic Paleudults","fine-loamy",-78.7830810999999,35.0667725000001,547048,"80P02715",1,0,22,"Ap","Sandy loam",269777,67.6999969,29.8999996,2.4000001,2.7,"10YR",4,1
110223,"Noboco","NOBOCO","Fine-loamy, siliceous, subactive, thermic Typic Paleudults","Ultisols","Udults","Paleudults","Typic Paleudults","fine-loamy",-78.7830810999999,35.0667725000001,547049,"80P02716",2,22,34,"E","Sandy loam",269778,55.2000008,36.4000015,8.3999996,1.9,"10YR",7,4
110223,"Noboco","NOBOCO","Fine-loamy, siliceous, subactive, thermic Typic Paleudults","Ultisols","Udults","Paleudults","Typic Paleudults","fine-loamy",-78.7830810999999,35.0667725000001,547050,"80P02717",3,34,46,"Bt1","Loam",269779,51.0999985,32.4000015,16.5,3.7,"10YR",6,6
110223,"Noboco","NOBOCO","Fine-loamy, siliceous, subactive, thermic Typic Paleudults","Ultisols","Udults","Paleudults","Typic Paleudults","fine-loamy",-78.7830810999999,35.0667725000001,547053,"80P02718",4,46,66,"Bt2","Loam",269780,51.5999985,29.7999992,18.6000004,4.1999998,"10YR",6,6
110223,"Noboco","NOBOCO","Fine-loamy, siliceous, subactive, thermic Typic Paleudults","Ultisols","Udults","Paleudults","Typic Paleudults","fine-loamy",-78.7830810999999,35.0667725000001,548030,"80P02721",7,130,160,"C1","Sandy clay loam",269783,45.7999992,21.7999992,32.4000015,7.9000001,"10YR",6,1
110223,"Noboco","NOBOCO","Fine-loamy, siliceous, subactive, thermic Typic Paleudults","Ultisols","Udults","Paleudults","Typic Paleudults","fine-loamy",-78.7830810999999,35.0667725000001,548099,"80P02722",8,160,180,"C2","Clay loam",269784,43.4000015,24.6000004,32,7.6999998,"10YR",6,1
110224,"State","STATE","Fine-loamy, mixed, semiactive, thermic Typic Hapludalfs","Alfisols","Udalfs","Hapludalfs","Typic Hapludalfs","fine-loamy",-78.683075,35.2834320000001,548763,"80P02690",1,0,11,"Ap","Loam",269752,49.0999985,43.5,7.4000001,5.5999999,"10YR",6,4
110224,"State","STATE","Fine-loamy, mixed, semiactive, thermic Typic Hapludalfs","Alfisols","Udalfs","Hapludalfs","Typic Hapludalfs","fine-loamy",-78.683075,35.2834320000001,548764,"80P02691",2,11,26,"B1","Loam",269753,49.4000015,39.7000008,10.8999996,4.5999999,"10YR",4,4
110224,"State","STATE","Fine-loamy, mixed, semiactive, thermic Typic Hapludalfs","Alfisols","Udalfs","Hapludalfs","Typic Hapludalfs","fine-loamy",-78.683075,35.2834320000001,548765,"80P02692",3,26,53,"Bt1","Loam",269754,37.2000008,41.7999992,21,7.3000002,"7.5YR",5,6
110224,"State","STATE","Fine-loamy, mixed, semiactive, thermic Typic Hapludalfs","Alfisols","Udalfs","Hapludalfs","Typic Hapludalfs","fine-loamy",-78.683075,35.2834320000001,548766,"80P02693",4,53,77,"Bt2","Silt loam",269755,20.7000008,56.5999985,22.7000008,9.1000004,"7.5YR",5,6
110224,"State","STATE","Fine-loamy, mixed, semiactive, thermic Typic Hapludalfs","Alfisols","Udalfs","Hapludalfs","Typic Hapludalfs","fine-loamy",-78.683075,35.2834320000001,548767,"80P02694",5,77,114,"B2","Silt loam",269756,20.1000004,58.4000015,21.5,9.3999996,"7.5YR",5,6
110224,"State","STATE","Fine-loamy, mixed, semiactive, thermic Typic Hapludalfs","Alfisols","Udalfs","Hapludalfs","Typic Hapludalfs","fine-loamy",-78.683075,35.2834320000001,548768,"80P02695",6,114,140,"C1","Loam",269757,40.0999985,44.2000008,15.6999998,7.5999999,"7.5YR",5,6
110224,"State","STATE","Fine-loamy, mixed, semiactive, thermic Typic Hapludalfs","Alfisols","Udalfs","Hapludalfs","Typic Hapludalfs","fine-loamy",-78.683075,35.2834320000001,548769,"80P02696",7,140,190,"C2","Loam",269758,48.5999985,34.5,16.8999996,7,"10YR",5,6
110224,"State","STATE","Fine-loamy, mixed, semiactive, thermic Typic Hapludalfs","Alfisols","Udalfs","Hapludalfs","Typic Hapludalfs","fine-loamy",-78.683075,35.2834320000001,548770,"80P02697",8,190,226,"C3","Loam",269759,46.5,37.7000008,15.8000002,7.5999999,"10YR",6,8
110224,"State","STATE","Fine-loamy, mixed, semiactive, thermic Typic Hapludalfs","Alfisols","Udalfs","Hapludalfs","Typic Hapludalfs","fine-loamy",-78.683075,35.2834320000001,549238,"80P02698",9,226,276,"2C","Loam",269760,28.7000008,47.7000008,23.6000004,10.1999998,"10YR",5,1
110225,"Hornsboro","HORNSBORO","Fine-silty, mixed, semiactive, thermic Aeric Endoaqualfs","Alfisols","Aqualfs","Endoaqualfs","Aeric Endoaqualfs","fine-silty",-78.683075,35.2834320000001,548746,"80P02699",1,0,11,"A","Silt loam",269761,13.3000002,64.6999969,22,14.1000004,"10YR",4,1
110225,"Hornsboro","HORNSBORO","Fine-silty, mixed, semiactive, thermic Aeric Endoaqualfs","Alfisols","Aqualfs","Endoaqualfs","Aeric Endoaqualfs","fine-silty",-78.683075,35.2834320000001,548747,"80P02700",2,11,29,"E","Silt loam",269762,22.2000008,64.8000031,13,5.9000001,"10YR",7,2
110225,"Hornsboro","HORNSBORO","Fine-silty, mixed, semiactive, thermic Aeric Endoaqualfs","Alfisols","Aqualfs","Endoaqualfs","Aeric Endoaqualfs","fine-silty",-78.683075,35.2834320000001,548748,"80P02701",3,29,43,"Bt1","Silt loam",269763,17.7000008,61.0999985,21.2000008,7.6999998,"10YR",5,4
110225,"Hornsboro","HORNSBORO","Fine-silty, mixed, semiactive, thermic Aeric Endoaqualfs","Alfisols","Aqualfs","Endoaqualfs","Aeric Endoaqualfs","fine-silty",-78.683075,35.2834320000001,548749,"80P02702",4,43,65,"Bt2","Silty clay loam",269764,16.2000008,53.7000008,30.1000004,10.3999996,"10YR",5,6
110225,"Hornsboro","HORNSBORO","Fine-silty, mixed, semiactive, thermic Aeric Endoaqualfs","Alfisols","Aqualfs","Endoaqualfs","Aeric Endoaqualfs","fine-silty",-78.683075,35.2834320000001,548750,"80P02703",5,65,93,"Bt3","Silty clay loam",269765,18.3999996,53.0999985,28.5,11.5,"10YR",7,2
110225,"Hornsboro","HORNSBORO","Fine-silty, mixed, semiactive, thermic Aeric Endoaqualfs","Alfisols","Aqualfs","Endoaqualfs","Aeric Endoaqualfs","fine-silty",-78.683075,35.2834320000001,548751,"80P02704",6,93,147,"B","Loam",269766,29.7000008,47.5,22.7999992,11.5,"10YR",6,2
110225,"Hornsboro","HORNSBORO","Fine-silty, mixed, semiactive, thermic Aeric Endoaqualfs","Alfisols","Aqualfs","Endoaqualfs","Aeric Endoaqualfs","fine-silty",-78.683075,35.2834320000001,548752,"80P02705",7,147,199,"C1","Fine sandy loam",269767,58.5999985,28.5,12.8999996,6.0999999,"10YR",5,6
110225,"Hornsboro","HORNSBORO","Fine-silty, mixed, semiactive, thermic Aeric Endoaqualfs","Alfisols","Aqualfs","Endoaqualfs","Aeric Endoaqualfs","fine-silty",-78.683075,35.2834320000001,548753,"80P02706",8,199,250,"C2","Loamy sand",269768,84.1999969,9.8000002,6,2.3,"10YR",6,4
1130409,"Norfolk","NORFOLK","Fine-loamy, siliceous, subactive, thermic Typic Paleudults","Ultisols","Udults","Kandiudults","Typic Kandiudults","fine-loamy",-78.779747,35.3045425,5548866,"80P02707",1,0,18,"A","Loamy sand",269769,75.6999969,21.8999996,2.4000001,2.5,"10YR",4,2
1130409,"Norfolk","NORFOLK","Fine-loamy, siliceous, subactive, thermic Typic Paleudults","Ultisols","Udults","Kandiudults","Typic Kandiudults","fine-loamy",-78.779747,35.3045425,5548867,"80P02708",2,18,48,"B1","Sandy clay loam",269770,55.0999985,24.7000008,20.2000008,4.3000002,"10YR",5,6
1130409,"Norfolk","NORFOLK","Fine-loamy, siliceous, subactive, thermic Typic Paleudults","Ultisols","Udults","Kandiudults","Typic Kandiudults","fine-loamy",-78.779747,35.3045425,5548868,"80P02709",3,48,64,"B2","Sandy clay loam",269771,57.2999992,20.5,22.2000008,4.0999999,"10YR",5,6
1130409,"Norfolk","NORFOLK","Fine-loamy, siliceous, subactive, thermic Typic Paleudults","Ultisols","Udults","Kandiudults","Typic Kandiudults","fine-loamy",-78.779747,35.3045425,5548869,"80P02710",4,64,84,"B3","Sandy clay loam",269772,54.5999985,16.7000008,28.7000008,5.0999999,"10YR",5,6
1130409,"Norfolk","NORFOLK","Fine-loamy, siliceous, subactive, thermic Typic Paleudults","Ultisols","Udults","Kandiudults","Typic Kandiudults","fine-loamy",-78.779747,35.3045425,5548870,"80P02711",5,84,104,"B4","Sandy clay loam",269773,56.0999985,13.1999998,30.7000008,5.3000002,"10YR",5,6
1130409,"Norfolk","NORFOLK","Fine-loamy, siliceous, subactive, thermic Typic Paleudults","Ultisols","Udults","Kandiudults","Typic Kandiudults","fine-loamy",-78.779747,35.3045425,5548871,"80P02712",6,104,124,"B5","Sandy clay loam",269774,59.5999985,12.6000004,27.7999992,5,"10YR",5,4
1130409,"Norfolk","NORFOLK","Fine-loamy, siliceous, subactive, thermic Typic Paleudults","Ultisols","Udults","Kandiudults","Typic Kandiudults","fine-loamy",-78.779747,35.3045425,5548872,"80P02713",7,124,158,"B6","Sandy clay loam",269775,62.2000008,11.6000004,26.2000008,5.1999998,"10YR",5,4
1130409,"Norfolk","NORFOLK","Fine-loamy, siliceous, subactive, thermic Typic Paleudults","Ultisols","Udults","Kandiudults","Typic Kandiudults","fine-loamy",-78.779747,35.3045425,5548873,"80P02714",8,158,210,"2C","Clay loam",269776,41.2999992,24,34.7000008,7.5999999,"10YR",6,1
113782,"Aycock","AYCOCK","Fine-silty, siliceous Typic Paleudults","Ultisols","Udults","Paleudults","Typic Paleudults","fine-silty",-77.7497101,35.4167633000001,569474,"80P00019",1,0,20,"Ap","Silt loam",189591,36.5,60.2000008,3.3,3.0999999,"10YR",6,3
113782,"Aycock","AYCOCK","Fine-silty, siliceous Typic Paleudults","Ultisols","Udults","Paleudults","Typic Paleudults","fine-silty",-77.7497101,35.4167633000001,570856,"80P00020",2,36,89,"Bt","Loam",189592,26.7000008,49.2999992,24,5.3000002,"10YR",5,8
113782,"Aycock","AYCOCK","Fine-silty, siliceous Typic Paleudults","Ultisols","Udults","Paleudults","Typic Paleudults","fine-silty",-77.7497101,35.4167633000001,571165,"80P00021",3,165,178,"B","Silt loam",189593,30.3999996,52.2999992,17.2999992,3.5999999,"10YR",7,6
113785,"Aycock","AYCOCK","Fine-silty, siliceous Typic Paleudults","Ultisols","Udults","Paleudults","Typic Paleudults","fine-silty",-77.9997177,35.2500992000001,569479,"80P00026",2,46,76,"B/Bt","Clay loam",189598,25.3999996,46.5999985,28,5.8000002,"10YR",5,8
113785,"Aycock","AYCOCK","Fine-silty, siliceous Typic Paleudults","Ultisols","Udults","Paleudults","Typic Paleudults","fine-silty",-77.9997177,35.2500992000001,571172,"80P00027",3,168,178,"B","Silt loam",189599,32.2999992,50,17.7000008,3.7,"10YR",6,8
113785,"Aycock","AYCOCK","Fine-silty, siliceous Typic Paleudults","Ultisols","Udults","Paleudults","Typic Paleudults","fine-silty",-77.9997177,35.2500992000001,571174,"80P00025",1,0,20,"Ap","Silt loam",189597,37.4000015,57.7000008,4.9000001,2.4000001,"10YR",5,2
167905,"Turbeville","TURBEVILLE","Fine-loamy over clayey, mixed, thermic Typic Paleudults","Ultisols","Udults","Paleudults","Typic Paleudults","fine-loamy over clayey",-77.1396789999999,38.1969872000001,818129,"80P01036",10,213,250,"Bt8","Clay",222434,39.5999985,16.8999996,43.5,7.8000002,"2.5YR",4,6
167905,"Turbeville","TURBEVILLE","Fine-loamy over clayey, mixed, thermic Typic Paleudults","Ultisols","Udults","Paleudults","Typic Paleudults","fine-loamy over clayey",-77.1396789999999,38.1969872000001,818130,"80P01035",9,175,213,"Bt7","Clay",222433,33.2999992,20.2999992,46.4000015,8.3999996,"2.5YR",4,6
167905,"Turbeville","TURBEVILLE","Fine-loamy over clayey, mixed, thermic Typic Paleudults","Ultisols","Udults","Paleudults","Typic Paleudults","fine-loamy over clayey",-77.1396789999999,38.1969872000001,818131,"80P01034",8,146,175,"Bt6","Clay",222432,31.5,20.7000008,47.7999992,8.8999996,"2.5YR",4,6
167905,"Turbeville","TURBEVILLE","Fine-loamy over clayey, mixed, thermic Typic Paleudults","Ultisols","Udults","Paleudults","Typic Paleudults","fine-loamy over clayey",-77.1396789999999,38.1969872000001,818132,"80P01033",7,112,146,"Bt5","Clay",222431,32.7000008,25,42.2999992,8.1999998,"2.5YR",4,6
167905,"Turbeville","TURBEVILLE","Fine-loamy over clayey, mixed, thermic Typic Paleudults","Ultisols","Udults","Paleudults","Typic Paleudults","fine-loamy over clayey",-77.1396789999999,38.1969872000001,818133,"80P01032",6,84,112,"Bt4","Clay",222430,29.8999996,26.1000004,44,8.5,"2.5YR",4,6
167905,"Turbeville","TURBEVILLE","Fine-loamy over clayey, mixed, thermic Typic Paleudults","Ultisols","Udults","Paleudults","Typic Paleudults","fine-loamy over clayey",-77.1396789999999,38.1969872000001,818134,"80P01031",5,60,84,"Bt3","Clay loam",222429,28.1000004,34.5,37.4000015,8.6000004,"2.5YR",4,6
167905,"Turbeville","TURBEVILLE","Fine-loamy over clayey, mixed, thermic Typic Paleudults","Ultisols","Udults","Paleudults","Typic Paleudults","fine-loamy over clayey",-77.1396789999999,38.1969872000001,818135,"80P01030",4,43,60,"Bt2","Clay loam",219528,24.3999996,42,33.5999985,8.6000004,"5YR",4,6
167905,"Turbeville","TURBEVILLE","Fine-loamy over clayey, mixed, thermic Typic Paleudults","Ultisols","Udults","Paleudults","Typic Paleudults","fine-loamy over clayey",-77.1396789999999,38.1969872000001,818136,"80P01029",3,28,43,"Bt1","Clay loam",219527,23.1000004,47.5,29.3999996,7.5999999,"10YR",4,3
167905,"Turbeville","TURBEVILLE","Fine-loamy over clayey, mixed, thermic Typic Paleudults","Ultisols","Udults","Paleudults","Typic Paleudults","fine-loamy over clayey",-77.1396789999999,38.1969872000001,818137,"80P01028",2,12,28,"Ap2","Loam",219526,30.7999992,49,20.2000008,8.6000004,"10YR",4,3
167905,"Turbeville","TURBEVILLE","Fine-loamy over clayey, mixed, thermic Typic Paleudults","Ultisols","Udults","Paleudults","Typic Paleudults","fine-loamy over clayey",-77.1396789999999,38.1969872000001,818138,"80P01027",1,0,12,"Ap1","Loam",219525,35.5,44.7000008,19.7999992,14.8999996,"10YR",4,2
120678,"Tumbleton","TUMBLETON","Clayey, kaolinitic, thermic Typic Paleudults","Ultisols","Udults","Paleudults","Typic Paleudults","clayey",-85.1811142,31.3180561,607282,"81P04328",1,0,15,"Ap","Fine sandy loam",32262,76.8000031,12,11.1999998,5.6999998,"7.5YR",4,4
120678,"Tumbleton","TUMBLETON","Clayey, kaolinitic, thermic Typic Paleudults","Ultisols","Udults","Paleudults","Typic Paleudults","clayey",-85.1811142,31.3180561,607283,"81P04329",2,15,36,"Bt1","Sandy clay loam",32263,56.5,11.6000004,31.8999996,3.3,"5YR",5,8
120678,"Tumbleton","TUMBLETON","Clayey, kaolinitic, thermic Typic Paleudults","Ultisols","Udults","Paleudults","Typic Paleudults","clayey",-85.1811142,31.3180561,607284,"81P04330",3,36,76,"Bt2","Sandy clay",32264,47.2000008,9.3999996,43.4000015,4.5,"5YR",5,6
120678,"Tumbleton","TUMBLETON","Clayey, kaolinitic, thermic Typic Paleudults","Ultisols","Udults","Paleudults","Typic Paleudults","clayey",-85.1811142,31.3180561,607285,"81P04331",4,76,109,"Bt3","Clay",32265,42.5,11.6999998,45.7999992,3.9000001,"10YR",6,6
120678,"Tumbleton","TUMBLETON","Clayey, kaolinitic, thermic Typic Paleudults","Ultisols","Udults","Paleudults","Typic Paleudults","clayey",-85.1811142,31.3180561,607286,"81P04332",5,109,147,"C1","Clay",32266,41.2999992,9.8000002,48.9000015,5.3000002,NA,NA,NA
120678,"Tumbleton","TUMBLETON","Clayey, kaolinitic, thermic Typic Paleudults","Ultisols","Udults","Paleudults","Typic Paleudults","clayey",-85.1811142,31.3180561,607287,"81P04333",6,147,165,"C2","Sandy clay",32267,50.4000015,6.4000001,43.2000008,4.1999998,"10YR",6,4
120679,"Shubuta Variant","SHUBUTA VARIANT","Clayey, kaolinitic Typic Hapludults","Ultisols","Udults","Hapludults","Typic Hapludults","clayey",-85.2102814,31.3250008000001,607288,"81P04334",1,0,10,"Ap","Fine sandy loam",32268,70.8000031,20.2000008,9,2.9000001,"5YR",5,6
120679,"Shubuta Variant","SHUBUTA VARIANT","Clayey, kaolinitic Typic Hapludults","Ultisols","Udults","Hapludults","Typic Hapludults","clayey",-85.2102814,31.3250008000001,607289,"81P04335",2,10,48,"Bt1","Sandy clay",32269,52.2999992,7.1999998,40.5,3.3,"2.5YR",4,8
120679,"Shubuta Variant","SHUBUTA VARIANT","Clayey, kaolinitic Typic Hapludults","Ultisols","Udults","Hapludults","Typic Hapludults","clayey",-85.2102814,31.3250008000001,607290,"81P04336",3,48,81,"Bt2","Clay",32270,35.4000015,9.1000004,55.5,4.1999998,"2.5YR",4,6
120679,"Shubuta Variant","SHUBUTA VARIANT","Clayey, kaolinitic Typic Hapludults","Ultisols","Udults","Hapludults","Typic Hapludults","clayey",-85.2102814,31.3250008000001,607291,"81P04337",4,81,119,"Bt3","Clay",32271,37.7000008,9.1999998,53.0999985,3.8,"2.5YR",5,6
120679,"Shubuta Variant","SHUBUTA VARIANT","Clayey, kaolinitic Typic Hapludults","Ultisols","Udults","Hapludults","Typic Hapludults","clayey",-85.2102814,31.3250008000001,607292,"81P04338",5,119,165,"C","Clay",32272,37.4000015,11.3000002,51.2999992,4.5999999,"10YR",8,1
120696,"Tifton","TIFTON","Fine-loamy, siliceous, subactive, thermic Typic Paleudults","Ultisols","Udults","Paleudults","Typic Paleudults","fine-loamy",-83.7698975,31.7388020000001,607386,"81P04589",1,0,10,"A","Fine sandy loam",41523,79.4000015,11.1000004,9.5,4.4000001,"10YR",3,2
120696,"Tifton","TIFTON","Fine-loamy, siliceous, subactive, thermic Typic Paleudults","Ultisols","Udults","Paleudults","Typic Paleudults","fine-loamy",-83.7698975,31.7388020000001,607385,"81P04589",1,0,10,"A","Fine sandy loam",41523,79.4000015,11.1000004,9.5,4.4000001,NA,NA,NA
120696,"Tifton","TIFTON","Fine-loamy, siliceous, subactive, thermic Typic Paleudults","Ultisols","Udults","Paleudults","Typic Paleudults","fine-loamy",-83.7698975,31.7388020000001,607386,"81P04589",1,0,10,"A","Fine sandy loam",41523,79.4000015,11.1000004,9.5,4.4000001,"10YR",3,2
120696,"Tifton","TIFTON","Fine-loamy, siliceous, subactive, thermic Typic Paleudults","Ultisols","Udults","Paleudults","Typic Paleudults","fine-loamy",-83.7698975,31.7388020000001,607385,"81P04589",1,0,10,"A","Fine sandy loam",41523,79.4000015,11.1000004,9.5,4.4000001,NA,NA,NA
120696,"Tifton","TIFTON","Fine-loamy, siliceous, subactive, thermic Typic Paleudults","Ultisols","Udults","Paleudults","Typic Paleudults","fine-loamy",-83.7698975,31.7388020000001,607387,"81P04590",2,10,31,"E","Loamy sand",41524,83.1999969,10.6999998,6.0999999,2.5999999,"10YR",4,3
120696,"Tifton","TIFTON","Fine-loamy, siliceous, subactive, thermic Typic Paleudults","Ultisols","Udults","Paleudults","Typic Paleudults","fine-loamy",-83.7698975,31.7388020000001,607388,"81P04591",3,31,38,"Bw","Loamy sand",41525,79.6999969,12.1999998,8.1000004,1.6,"10YR",5,8
120696,"Tifton","TIFTON","Fine-loamy, siliceous, subactive, thermic Typic Paleudults","Ultisols","Udults","Paleudults","Typic Paleudults","fine-loamy",-83.7698975,31.7388020000001,607389,"81P04592",4,38,69,"Bt1","Sandy clay loam",41526,55.9000015,9.1999998,34.9000015,3.9000001,"10YR",5,6
120696,"Tifton","TIFTON","Fine-loamy, siliceous, subactive, thermic Typic Paleudults","Ultisols","Udults","Paleudults","Typic Paleudults","fine-loamy",-83.7698975,31.7388020000001,607390,"81P04593",5,69,88,"Bt2","Sandy clay",41527,51.5,8.6999998,39.7999992,4.5,"10YR",5,6
120696,"Tifton","TIFTON","Fine-loamy, siliceous, subactive, thermic Typic Paleudults","Ultisols","Udults","Paleudults","Typic Paleudults","fine-loamy",-83.7698975,31.7388020000001,607391,"81P04594",6,88,111,"Bt3","Sandy clay",41528,53.9000015,9.1999998,36.9000015,4.5,"10YR",5,6
120696,"Tifton","TIFTON","Fine-loamy, siliceous, subactive, thermic Typic Paleudults","Ultisols","Udults","Paleudults","Typic Paleudults","fine-loamy",-83.7698975,31.7388020000001,607392,"81P04595",7,111,148,"Bt4","Sandy clay loam",41529,59.0999985,9.3999996,31.5,3.8,"10YR",5,6
120696,"Tifton","TIFTON","Fine-loamy, siliceous, subactive, thermic Typic Paleudults","Ultisols","Udults","Paleudults","Typic Paleudults","fine-loamy",-83.7698975,31.7388020000001,607393,"81P04596",8,148,178,"BC","Sandy clay loam",41530,61.5,5.4000001,33.0999985,4,"10YR",4,6
120696,"Tifton","TIFTON","Fine-loamy, siliceous, subactive, thermic Typic Paleudults","Ultisols","Udults","Paleudults","Typic Paleudults","fine-loamy",-83.7698975,31.7388020000001,607394,"81P04597",9,178,244,"C","Sandy loam",41531,77.9000015,2.8,19.2999992,2.2,"7.5YR",5,6
120697,"Fuquay","FUQUAY","Loamy, siliceous, subactive, thermic Arenic Plinthic Paleudults","Ultisols","Udults","Paleudults","Arenic Plinthic Paleudults","loamy",-83.7818450999999,31.7418575,607397,"81P04598",1,0,25,"Ap","Sand",41532,87.3000031,8.6000004,4.0999999,3,NA,NA,NA
120697,"Fuquay","FUQUAY","Loamy, siliceous, subactive, thermic Arenic Plinthic Paleudults","Ultisols","Udults","Paleudults","Arenic Plinthic Paleudults","loamy",-83.7818450999999,31.7418575,607396,"81P04598",1,0,25,"Ap","Sand",41532,87.3000031,8.6000004,4.0999999,3,NA,NA,NA
120697,"Fuquay","FUQUAY","Loamy, siliceous, subactive, thermic Arenic Plinthic Paleudults","Ultisols","Udults","Paleudults","Arenic Plinthic Paleudults","loamy",-83.7818450999999,31.7418575,607397,"81P04598",1,0,25,"Ap","Sand",41532,87.3000031,8.6000004,4.0999999,3,NA,NA,NA
120697,"Fuquay","FUQUAY","Loamy, siliceous, subactive, thermic Arenic Plinthic Paleudults","Ultisols","Udults","Paleudults","Arenic Plinthic Paleudults","loamy",-83.7818450999999,31.7418575,607396,"81P04598",1,0,25,"Ap","Sand",41532,87.3000031,8.6000004,4.0999999,3,NA,NA,NA
120697,"Fuquay","FUQUAY","Loamy, siliceous, subactive, thermic Arenic Plinthic Paleudults","Ultisols","Udults","Paleudults","Arenic Plinthic Paleudults","loamy",-83.7818450999999,31.7418575,607398,"81P04599",2,25,65,"E","Sand",41533,87.8000031,7.8000002,4.4000001,0.8,"10YR",5,4
120697,"Fuquay","FUQUAY","Loamy, siliceous, subactive, thermic Arenic Plinthic Paleudults","Ultisols","Udults","Paleudults","Arenic Plinthic Paleudults","loamy",-83.7818450999999,31.7418575,607399,"81P04600",3,65,82,"Bw","Loamy sand",41534,85.4000015,7,7.5999999,0.8,"10YR",5,6
120697,"Fuquay","FUQUAY","Loamy, siliceous, subactive, thermic Arenic Plinthic Paleudults","Ultisols","Udults","Paleudults","Arenic Plinthic Paleudults","loamy",-83.7818450999999,31.7418575,607400,"81P04601",4,82,136,"Bt1","Sandy clay loam",41535,72.5999985,6,21.3999996,2.4000001,"7.5YR",5,6
120697,"Fuquay","FUQUAY","Loamy, siliceous, subactive, thermic Arenic Plinthic Paleudults","Ultisols","Udults","Paleudults","Arenic Plinthic Paleudults","loamy",-83.7818450999999,31.7418575,607401,"81P04602",5,136,170,"Bt2","Sandy clay loam",41536,70.9000015,2.9000001,26.2000008,2,"7.5YR",5,6
120697,"Fuquay","FUQUAY","Loamy, siliceous, subactive, thermic Arenic Plinthic Paleudults","Ultisols","Udults","Paleudults","Arenic Plinthic Paleudults","loamy",-83.7818450999999,31.7418575,607402,"81P04603",6,170,186,"BC","Sandy clay loam",41537,73.4000015,3.5999999,23,1.8,"10YR",5,6
120697,"Fuquay","FUQUAY","Loamy, siliceous, subactive, thermic Arenic Plinthic Paleudults","Ultisols","Udults","Paleudults","Arenic Plinthic Paleudults","loamy",-83.7818450999999,31.7418575,607403,"81P04604",7,186,260,"C","Sandy clay loam",41538,78.3000031,0,21.7000008,1.3,"7.5YR",5,8
120698,"Dothan","DOTHAN","Fine-loamy, siliceous, subactive, thermic Plinthic Paleudults","Ultisols","Udults","Paleudults","Plinthic Paleudults","fine-loamy",-83.7787933,31.7521362000001,607406,"81P04605",1,0,20,"Ap","Loamy sand",41539,85.0999985,8.8000002,6.0999999,2.9000001,"10YR",4,2
120698,"Dothan","DOTHAN","Fine-loamy, siliceous, subactive, thermic Plinthic Paleudults","Ultisols","Udults","Paleudults","Plinthic Paleudults","fine-loamy",-83.7787933,31.7521362000001,607405,"81P04605",1,0,20,"Ap","Loamy sand",41539,85.0999985,8.8000002,6.0999999,2.9000001,NA,NA,NA
120698,"Dothan","DOTHAN","Fine-loamy, siliceous, subactive, thermic Plinthic Paleudults","Ultisols","Udults","Paleudults","Plinthic Paleudults","fine-loamy",-83.7787933,31.7521362000001,607406,"81P04605",1,0,20,"Ap","Loamy sand",41539,85.0999985,8.8000002,6.0999999,2.9000001,"10YR",4,2
120698,"Dothan","DOTHAN","Fine-loamy, siliceous, subactive, thermic Plinthic Paleudults","Ultisols","Udults","Paleudults","Plinthic Paleudults","fine-loamy",-83.7787933,31.7521362000001,607405,"81P04605",1,0,20,"Ap","Loamy sand",41539,85.0999985,8.8000002,6.0999999,2.9000001,NA,NA,NA
120698,"Dothan","DOTHAN","Fine-loamy, siliceous, subactive, thermic Plinthic Paleudults","Ultisols","Udults","Paleudults","Plinthic Paleudults","fine-loamy",-83.7787933,31.7521362000001,607407,"81P04606",2,20,38,"Bw","Loamy sand",41540,81.5,8.8000002,9.6999998,2,"10YR",4,6
120698,"Dothan","DOTHAN","Fine-loamy, siliceous, subactive, thermic Plinthic Paleudults","Ultisols","Udults","Paleudults","Plinthic Paleudults","fine-loamy",-83.7787933,31.7521362000001,607408,"81P04607",3,38,76,"Bt1","Sandy clay loam",41541,65.5999985,7.3000002,27.1000004,3,"10YR",5,6
120698,"Dothan","DOTHAN","Fine-loamy, siliceous, subactive, thermic Plinthic Paleudults","Ultisols","Udults","Paleudults","Plinthic Paleudults","fine-loamy",-83.7787933,31.7521362000001,607409,"81P04608",4,76,129,"Bt2","Sandy clay",41542,57.7999992,5.4000001,36.7999992,3,"10YR",5,6
120698,"Dothan","DOTHAN","Fine-loamy, siliceous, subactive, thermic Plinthic Paleudults","Ultisols","Udults","Paleudults","Plinthic Paleudults","fine-loamy",-83.7787933,31.7521362000001,607410,"81P04609",5,129,160,"Bt3","Sandy clay loam",41543,66.8000031,5.8000002,27.3999996,2.2,"10YR",5,6
120698,"Dothan","DOTHAN","Fine-loamy, siliceous, subactive, thermic Plinthic Paleudults","Ultisols","Udults","Paleudults","Plinthic Paleudults","fine-loamy",-83.7787933,31.7521362000001,607411,"81P04610",6,160,184,"BC","Sandy clay loam",41544,68.5999985,5.1999998,26.2000008,2.2,"10YR",5,6
120698,"Dothan","DOTHAN","Fine-loamy, siliceous, subactive, thermic Plinthic Paleudults","Ultisols","Udults","Paleudults","Plinthic Paleudults","fine-loamy",-83.7787933,31.7521362000001,607412,"81P04611",7,184,274,"C","Sandy clay loam",41545,76.3000031,3.5999999,20.1000004,1.2,"10YR",5,6
110653,"Norfolk","NORFOLK","Fine-loamy, siliceous, subactive, thermic Typic Paleudults","Ultisols","Udults","Paleudults","Typic Paleudults","fine-loamy",-79.0817031999999,34.2056808,545526,"82P01077",8,180,219,"2BC2","Sandy clay loam",90900,64.5,12.5,23,5.1999998,"2.5YR",4,8
110653,"Norfolk","NORFOLK","Fine-loamy, siliceous, subactive, thermic Typic Paleudults","Ultisols","Udults","Paleudults","Typic Paleudults","fine-loamy",-79.0817031999999,34.2056808,545541,"82P01076",7,145,180,"2BC1","Clay loam",87999,42.9000015,20.8999996,36.2000008,9.1000004,"10YR",6,1
110653,"Norfolk","NORFOLK","Fine-loamy, siliceous, subactive, thermic Typic Paleudults","Ultisols","Udults","Paleudults","Typic Paleudults","fine-loamy",-79.0817031999999,34.2056808,545548,"82P01070",1,0,25,"Ap","Loamy fine sand",87993,78,19.2000008,2.8,1.9,"10YR",4,2
110653,"Norfolk","NORFOLK","Fine-loamy, siliceous, subactive, thermic Typic Paleudults","Ultisols","Udults","Paleudults","Typic Paleudults","fine-loamy",-79.0817031999999,34.2056808,545549,"82P01071",2,25,51,"Bt1","Sandy clay loam",87994,59.5999985,19.2999992,21.1000004,4.0999999,"10YR",5,6
110653,"Norfolk","NORFOLK","Fine-loamy, siliceous, subactive, thermic Typic Paleudults","Ultisols","Udults","Paleudults","Typic Paleudults","fine-loamy",-79.0817031999999,34.2056808,545550,"82P01072",3,51,81,"Bt2","Sandy clay loam",87995,60.5999985,18.7999992,20.6000004,3.5999999,"10YR",5,8
110653,"Norfolk","NORFOLK","Fine-loamy, siliceous, subactive, thermic Typic Paleudults","Ultisols","Udults","Paleudults","Typic Paleudults","fine-loamy",-79.0817031999999,34.2056808,545551,"82P01073",4,81,99,"Bt3","Sandy clay loam",87996,58.7999992,20.2000008,21,3.8,"10YR",5,8
110653,"Norfolk","NORFOLK","Fine-loamy, siliceous, subactive, thermic Typic Paleudults","Ultisols","Udults","Paleudults","Typic Paleudults","fine-loamy",-79.0817031999999,34.2056808,545552,"82P01074",5,99,119,"Bt4","Sandy clay loam",87997,58.5,20.3999996,21.1000004,4.5,"10YR",5,8
110653,"Norfolk","NORFOLK","Fine-loamy, siliceous, subactive, thermic Typic Paleudults","Ultisols","Udults","Paleudults","Typic Paleudults","fine-loamy",-79.0817031999999,34.2056808,545553,"82P01075",6,119,145,"BC","Sandy clay loam",87998,52.5999985,20.2999992,27.1000004,6.1999998,"10YR",5,8
110654,"Norfolk","NORFOLK","Fine-loamy, siliceous, subactive, thermic Typic Paleudults","Ultisols","Udults","Paleudults","Typic Paleudults","fine-loamy",-79.0636444,34.2001228,545535,"82P01078",1,0,23,"Ap","Loamy fine sand",90901,75.8000031,22.6000004,1.6,2.0999999,"10YR",4,2
110654,"Norfolk","NORFOLK","Fine-loamy, siliceous, subactive, thermic Typic Paleudults","Ultisols","Udults","Paleudults","Typic Paleudults","fine-loamy",-79.0636444,34.2001228,545536,"82P01079",2,23,35,"E","Fine sandy loam",90902,68.8000031,27.2000008,4,1.6,"10YR",6,4
110654,"Norfolk","NORFOLK","Fine-loamy, siliceous, subactive, thermic Typic Paleudults","Ultisols","Udults","Paleudults","Typic Paleudults","fine-loamy",-79.0636444,34.2001228,545537,"82P01080",3,35,73,"Bt1","Fine sandy loam",90903,59.7999992,23.2999992,16.8999996,3.5,"10YR",5,6
110654,"Norfolk","NORFOLK","Fine-loamy, siliceous, subactive, thermic Typic Paleudults","Ultisols","Udults","Paleudults","Typic Paleudults","fine-loamy",-79.0636444,34.2001228,545538,"82P01081",4,73,109,"Bt2","Sandy clay loam",90904,56.0999985,23.2999992,20.6000004,4.8000002,"10YR",6,8
110654,"Norfolk","NORFOLK","Fine-loamy, siliceous, subactive, thermic Typic Paleudults","Ultisols","Udults","Paleudults","Typic Paleudults","fine-loamy",-79.0636444,34.2001228,545539,"82P01082",5,109,124,"Bt3","Sandy clay loam",90905,48.7999992,25.2000008,26,6.5999999,"10YR",6,6
110654,"Norfolk","NORFOLK","Fine-loamy, siliceous, subactive, thermic Typic Paleudults","Ultisols","Udults","Paleudults","Typic Paleudults","fine-loamy",-79.0636444,34.2001228,545540,"82P01083",6,124,147,"BC1","Clay loam",90906,41.2000008,26.7000008,32.0999985,8.6999998,"10YR",6,6
110654,"Norfolk","NORFOLK","Fine-loamy, siliceous, subactive, thermic Typic Paleudults","Ultisols","Udults","Paleudults","Typic Paleudults","fine-loamy",-79.0636444,34.2001228,545583,"82P01085",8,173,196,"2BC","Clay",90908,25.6000004,32,42.4000015,11.5,"10YR",7,1
110654,"Norfolk","NORFOLK","Fine-loamy, siliceous, subactive, thermic Typic Paleudults","Ultisols","Udults","Paleudults","Typic Paleudults","fine-loamy",-79.0636444,34.2001228,545598,"82P01084",7,147,173,"BC2","Clay loam",90907,40.2999992,24.3999996,35.2999992,9,"10YR",7,1
110654,"Norfolk","NORFOLK","Fine-loamy, siliceous, subactive, thermic Typic Paleudults","Ultisols","Udults","Paleudults","Typic Paleudults","fine-loamy",-79.0636444,34.2001228,546539,"82P01086",9,196,243,"2C","Fine sandy loam",90909,73.4000015,7.3000002,19.2999992,5.0999999,"2.5YR",4,6
120701,"Dothan","DOTHAN","Fine-loamy, siliceous, thermic Plinthic Kandiudults","Ultisols","Udults","Kandiudults","Plinthic Kandiudults","fine-loamy",-78.3330612,35.5000954000001,607425,"81P04701",1,0,13,"Ap","Loamy sand",44435,84.9000015,10.6999998,4.4000001,1.5,"10YR",5,4
120701,"Dothan","DOTHAN","Fine-loamy, siliceous, thermic Plinthic Kandiudults","Ultisols","Udults","Kandiudults","Plinthic Kandiudults","fine-loamy",-78.3330612,35.5000954000001,607426,"81P04702",2,13,38,"A1","Loamy sand",44436,83,11.3999996,5.5999999,1.6,"10YR",5,4
120701,"Dothan","DOTHAN","Fine-loamy, siliceous, thermic Plinthic Kandiudults","Ultisols","Udults","Kandiudults","Plinthic Kandiudults","fine-loamy",-78.3330612,35.5000954000001,607427,"81P04703",3,38,48,"A2","Loamy sand",44437,85.5,10.1000004,4.4000001,1.9,"10YR",4,3
120701,"Dothan","DOTHAN","Fine-loamy, siliceous, thermic Plinthic Kandiudults","Ultisols","Udults","Kandiudults","Plinthic Kandiudults","fine-loamy",-78.3330612,35.5000954000001,607428,"81P04704",4,48,69,"Bt1","Sandy clay loam",44438,68.5999985,9.6000004,21.7999992,3,"10YR",6,8
120701,"Dothan","DOTHAN","Fine-loamy, siliceous, thermic Plinthic Kandiudults","Ultisols","Udults","Kandiudults","Plinthic Kandiudults","fine-loamy",-78.3330612,35.5000954000001,607429,"81P04705",5,69,91,"Bt2","Sandy clay loam",44439,60.2000008,9,30.7999992,3.7,"10YR",6,8
120701,"Dothan","DOTHAN","Fine-loamy, siliceous, thermic Plinthic Kandiudults","Ultisols","Udults","Kandiudults","Plinthic Kandiudults","fine-loamy",-78.3330612,35.5000954000001,607430,"81P04706",6,91,117,"Bt3","Sandy clay loam",44440,56.2000008,9.3000002,34.5,4.4000001,"10YR",5,8
120701,"Dothan","DOTHAN","Fine-loamy, siliceous, thermic Plinthic Kandiudults","Ultisols","Udults","Kandiudults","Plinthic Kandiudults","fine-loamy",-78.3330612,35.5000954000001,607431,"81P04707",7,117,183,"Bt4","Sandy clay",44441,53.4000015,9.6000004,37,4.0999999,"10YR",5,8
120702,"Wagram","WAGRAM","Loamy, kaolinitic, thermic Arenic Kandiudults","Ultisols","Udults","Kandiudults","Arenic Kandiudults","loamy",-78.3330612,35.5000954000001,607432,"81P04708",1,0,25,"Ap","Sand",44442,88.6999969,9.6999998,1.6,1.3,"10YR",4,3
120702,"Wagram","WAGRAM","Loamy, kaolinitic, thermic Arenic Kandiudults","Ultisols","Udults","Kandiudults","Arenic Kandiudults","loamy",-78.3330612,35.5000954000001,607433,"81P04709",2,25,56,"A","Loamy sand",44443,83.6999969,12.3000002,4,0.8,"10YR",6,4
120702,"Wagram","WAGRAM","Loamy, kaolinitic, thermic Arenic Kandiudults","Ultisols","Udults","Kandiudults","Arenic Kandiudults","loamy",-78.3330612,35.5000954000001,607434,"81P04710",3,56,102,"Bt1","Sandy clay loam",44444,67.3000031,10.3999996,22.2999992,3.5,"10YR",5,8
120702,"Wagram","WAGRAM","Loamy, kaolinitic, thermic Arenic Kandiudults","Ultisols","Udults","Kandiudults","Arenic Kandiudults","loamy",-78.3330612,35.5000954000001,607435,"81P04711",4,102,140,"Bt2","Sandy clay loam",44445,57.2999992,8.5,34.2000008,5,"7.5YR",5,8
120702,"Wagram","WAGRAM","Loamy, kaolinitic, thermic Arenic Kandiudults","Ultisols","Udults","Kandiudults","Arenic Kandiudults","loamy",-78.3330612,35.5000954000001,607436,"81P04712",5,140,183,"Bt3","Sandy clay loam",44446,61.2000008,8.8000002,30,4.4000001,"5YR",5,6
1130408,"Norfolk","NORFOLK","Fine-loamy, siliceous, thermic Typic Paleudults","Ultisols","Udults","Paleudults","Typic Paleudults","fine-loamy",-78.3330612,35.5000954000001,5548860,"81P04695",1,0,23,"A","Loamy sand",44429,86.1999969,11,2.8,2,"10YR",4,3
1130408,"Norfolk","NORFOLK","Fine-loamy, siliceous, thermic Typic Paleudults","Ultisols","Udults","Paleudults","Typic Paleudults","fine-loamy",-78.3330612,35.5000954000001,5548861,"81P04696",2,23,43,"E","Loamy sand",44430,80.6999969,12.8000002,6.5,1.7,"10YR",5,6
1130408,"Norfolk","NORFOLK","Fine-loamy, siliceous, thermic Typic Paleudults","Ultisols","Udults","Paleudults","Typic Paleudults","fine-loamy",-78.3330612,35.5000954000001,5548862,"81P04697",3,43,91,"Bt1","Sandy loam",44431,70.3000031,10.6999998,19,3.2,"10YR",5,8
1130408,"Norfolk","NORFOLK","Fine-loamy, siliceous, thermic Typic Paleudults","Ultisols","Udults","Paleudults","Typic Paleudults","fine-loamy",-78.3330612,35.5000954000001,5548863,"81P04698",4,91,127,"Bt2","Sandy clay loam",44432,58.5,9.3999996,32.0999985,4.6999998,"10YR",5,8
1130408,"Norfolk","NORFOLK","Fine-loamy, siliceous, thermic Typic Paleudults","Ultisols","Udults","Paleudults","Typic Paleudults","fine-loamy",-78.3330612,35.5000954000001,5548864,"81P04699",5,127,152,"Bt3","Sandy clay loam",44433,60,9.8999996,30.1000004,4.5,"10YR",5,8
1130408,"Norfolk","NORFOLK","Fine-loamy, siliceous, thermic Typic Paleudults","Ultisols","Udults","Paleudults","Typic Paleudults","fine-loamy",-78.3330612,35.5000954000001,5548865,"81P04700",6,152,183,"Bt4","Sandy clay loam",44434,62.7999992,9.6000004,27.6000004,4.3000002,"10YR",6,2
120798,"Tifton","TIFTON","Fine-loamy, siliceous, subactive, thermic Plinthic Paleudults","Ultisols","Udults","Paleudults","Plinthic Paleudults","clayey",-83.7698975,31.7388020000001,608038,"82P01209",1,0,10,"A","Fine sandy loam",94032,79.5,8.1000004,12.3999996,4.0999999,"10YR",3,2
120798,"Tifton","TIFTON","Fine-loamy, siliceous, subactive, thermic Plinthic Paleudults","Ultisols","Udults","Paleudults","Plinthic Paleudults","clayey",-83.7698975,31.7388020000001,608043,"82P01210",2,88,111,"Bt3","Sandy clay",94033,53.7999992,6.4000001,39.7999992,4.5999999,"10YR",5,6
120798,"Tifton","TIFTON","Fine-loamy, siliceous, subactive, thermic Plinthic Paleudults","Ultisols","Udults","Paleudults","Plinthic Paleudults","clayey",-83.7698975,31.7388020000001,608046,"82P01211",3,178,244,"C","Sandy loam",94034,78.4000015,2.3,19.2999992,2,"5YR",5,6
120799,"Fuquay","FUQUAY","Loamy, siliceous, subactive, thermic Arenic Plinthic Paleudults","Ultisols","Udults","Paleudults","Arenic Plinthic Paleudults","loamy",-83.7818450999999,31.7418575,608048,"82P01212",1,0,25,"Ap","Sand",94035,89.9000015,6.4000001,3.7,3.0999999,NA,NA,NA
120799,"Fuquay","FUQUAY","Loamy, siliceous, subactive, thermic Arenic Plinthic Paleudults","Ultisols","Udults","Paleudults","Arenic Plinthic Paleudults","loamy",-83.7818450999999,31.7418575,608049,"82P01213",2,25,65,"E","Sand",94036,88.5,7.5,4,0.7,"10YR",5,4
120799,"Fuquay","FUQUAY","Loamy, siliceous, subactive, thermic Arenic Plinthic Paleudults","Ultisols","Udults","Paleudults","Arenic Plinthic Paleudults","loamy",-83.7818450999999,31.7418575,608052,"82P01214",3,136,170,"Bt2","Sandy clay loam",94037,72.5,4.9000001,22.6000004,1.9,"7.5YR",5,6
120799,"Fuquay","FUQUAY","Loamy, siliceous, subactive, thermic Arenic Plinthic Paleudults","Ultisols","Udults","Paleudults","Arenic Plinthic Paleudults","loamy",-83.7818450999999,31.7418575,608054,"82P01215",4,186,260,"C","Sandy clay loam",94038,77.6999969,1.8,20.5,1.2,"5YR",5,3
890639,"Dothan","DOTHAN","Fine-loamy, kaolinitic, thermic Plinthic Kandiudults","Ultisols","Udults","Kandiudults","Plinthic Kandiudults","fine-loamy",-83.7787933,31.7521362000001,4411241,"82P01216",1,0,20,"Ap","Loamy sand",94039,86.0999985,8.6000004,5.3000002,2.5999999,"10YR",4,2
890639,"Dothan","DOTHAN","Fine-loamy, kaolinitic, thermic Plinthic Kandiudults","Ultisols","Udults","Kandiudults","Plinthic Kandiudults","fine-loamy",-83.7787933,31.7521362000001,4411245,"82P01217",2,129,160,"1Bt3","Sandy clay loam",94040,67.0999985,5.9000001,27,2.2,"10YR",5,6
121126,"Orangeburg","ORANGEBURG","Fine-loamy, siliceous, thermic Typic Kandiudults","Ultisols","Udults","Paleudults","Typic Paleudults","fine-loamy",-83.8837890999999,32.5237808000001,610211,"83P00152",1,0,18,"Ap","Loamy fine sand",211239,82.4000015,12.8000002,4.8000002,3.2,"10YR",4,3
121126,"Orangeburg","ORANGEBURG","Fine-loamy, siliceous, thermic Typic Kandiudults","Ultisols","Udults","Paleudults","Typic Paleudults","fine-loamy",-83.8837890999999,32.5237808000001,610212,"83P00153",2,18,33,"EB","Fine sandy loam",211240,71.1999969,15.5,13.3000002,2.7,"5YR",5,6
121126,"Orangeburg","ORANGEBURG","Fine-loamy, siliceous, thermic Typic Kandiudults","Ultisols","Udults","Paleudults","Typic Paleudults","fine-loamy",-83.8837890999999,32.5237808000001,610213,"83P00154",3,33,61,"Bt1","Sandy clay",211241,49.7000008,11.3999996,38.9000015,4.9000001,"2.5YR",4,6
121126,"Orangeburg","ORANGEBURG","Fine-loamy, siliceous, thermic Typic Kandiudults","Ultisols","Udults","Paleudults","Typic Paleudults","fine-loamy",-83.8837890999999,32.5237808000001,610214,"83P00155",4,61,112,"Bt2","Sandy clay",211242,51.5999985,9.5,38.9000015,4,"2.5YR",4,6
121126,"Orangeburg","ORANGEBURG","Fine-loamy, siliceous, thermic Typic Kandiudults","Ultisols","Udults","Paleudults","Typic Paleudults","fine-loamy",-83.8837890999999,32.5237808000001,610215,"83P00156",5,112,213,"Bt3","Sandy clay",211243,48.5999985,4.6999998,46.7000008,3.4000001,"2.5YR",4,6
121127,"Orangeburg","ORANGEBURG","Fine-loamy, siliceous, thermic Typic Kandiudults","Ultisols","Udults","Paleudults","Typic Paleudults","fine-loamy",-84.2910309,31.3543682000001,610216,"83P00157",1,0,28,"Ap","Loamy sand",211244,82.4000015,12.3999996,5.1999998,3.4000001,"10YR",4,3
121127,"Orangeburg","ORANGEBURG","Fine-loamy, siliceous, thermic Typic Kandiudults","Ultisols","Udults","Paleudults","Typic Paleudults","fine-loamy",-84.2910309,31.3543682000001,610217,"83P00158",2,28,43,"EB","Sandy loam",211245,78,12.3999996,9.6000004,2.2,"7.5YR",5,4
121127,"Orangeburg","ORANGEBURG","Fine-loamy, siliceous, thermic Typic Kandiudults","Ultisols","Udults","Paleudults","Typic Paleudults","fine-loamy",-84.2910309,31.3543682000001,610218,"83P00159",3,43,66,"Bt1","Sandy loam",211246,74.5999985,11.6000004,13.8000002,2.2,"5YR",4,6
121127,"Orangeburg","ORANGEBURG","Fine-loamy, siliceous, thermic Typic Kandiudults","Ultisols","Udults","Paleudults","Typic Paleudults","fine-loamy",-84.2910309,31.3543682000001,610219,"83P00160",4,66,122,"Bt2","Sandy loam",211247,72.3000031,9.1999998,18.5,2.5999999,"2.5YR",4,8
121127,"Orangeburg","ORANGEBURG","Fine-loamy, siliceous, thermic Typic Kandiudults","Ultisols","Udults","Paleudults","Typic Paleudults","fine-loamy",-84.2910309,31.3543682000001,610220,"83P00161",5,122,208,"Bt3","Sandy loam",211248,77.9000015,8.8000002,13.3000002,1.4,"5YR",5,8
121128,"Orangeburg","ORANGEBURG","Fine-loamy, siliceous, thermic Typic Kandiudults","Ultisols","Udults","Paleudults","Typic Paleudults","fine-loamy",-84.2593613,32.1035156,610221,"83P00162",1,0,18,"Ap","Sandy loam",211249,77.9000015,12.5,9.6000004,3,"7.5YR",4,4
121128,"Orangeburg","ORANGEBURG","Fine-loamy, siliceous, thermic Typic Kandiudults","Ultisols","Udults","Paleudults","Typic Paleudults","fine-loamy",-84.2593613,32.1035156,610222,"83P00163",2,18,36,"Bt1","Sandy clay loam",211250,59.4000015,13.3000002,27.2999992,3.3,"5YR",4,8
121128,"Orangeburg","ORANGEBURG","Fine-loamy, siliceous, thermic Typic Kandiudults","Ultisols","Udults","Paleudults","Typic Paleudults","fine-loamy",-84.2593613,32.1035156,610223,"83P00164",3,36,81,"Bt2","Sandy clay loam",211251,55.4000015,11.6999998,32.9000015,3.7,"2.5YR",4,8
121128,"Orangeburg","ORANGEBURG","Fine-loamy, siliceous, thermic Typic Kandiudults","Ultisols","Udults","Paleudults","Typic Paleudults","fine-loamy",-84.2593613,32.1035156,610224,"83P00165",4,81,203,"Bt3","Sandy clay",211252,46,7.9000001,46.0999985,3.7,"2.5YR",4,8
121254,"Rains","RAINS","Typic Paleaquults, fine-loamy, siliceous, semiactive, thermic","Ultisols","Aquults","Paleaquults","Typic Paleaquults","fine-loamy",-79.9067229999999,34.1487389000001,NA,NA,NA,NA,NA,NA,NA,NA,NA,NA,NA,NA,NA,NA,NA
121540,"Faceville","FACEVILLE","Clayey, kaolinitic, thermic Typic Kandiudults","Ultisols","Udults","Kandiudults","Typic Kandiudults","clayey",-84.7499999999999,31.2999992000001,612814,"83P03763",1,0,15,"Ap","Sandy loam",319378,77.8000031,14.3000002,7.9000001,5.8000002,"10YR",3,3
121540,"Faceville","FACEVILLE","Clayey, kaolinitic, thermic Typic Kandiudults","Ultisols","Udults","Kandiudults","Typic Kandiudults","clayey",-84.7499999999999,31.2999992000001,612815,"83P03764",2,15,38,"Bt1","Sandy clay",319379,46.4000015,10.1000004,43.5,4.8000002,"2.5YR",4,6
121540,"Faceville","FACEVILLE","Clayey, kaolinitic, thermic Typic Kandiudults","Ultisols","Udults","Kandiudults","Typic Kandiudults","clayey",-84.7499999999999,31.2999992000001,612816,"83P03765",3,38,92,"Bt2","Clay",319380,27.2999992,11.1000004,61.5999985,5.1999998,"2.5YR",4,8
121540,"Faceville","FACEVILLE","Clayey, kaolinitic, thermic Typic Kandiudults","Ultisols","Udults","Kandiudults","Typic Kandiudults","clayey",-84.7499999999999,31.2999992000001,612817,"83P03766",4,92,135,"Bt3","Clay",319381,19.2000008,13.1000004,67.6999969,5.8000002,"2.5YR",4,8
121540,"Faceville","FACEVILLE","Clayey, kaolinitic, thermic Typic Kandiudults","Ultisols","Udults","Kandiudults","Typic Kandiudults","clayey",-84.7499999999999,31.2999992000001,612818,"83P03767",5,135,200,"Bt4","Clay",319382,25.6000004,11.8000002,62.5999985,5.5,"2.5YR",4,8
121541,"Orangeburg","ORANGEBURG","Fine-loamy, siliceous, thermic Typic Kandiudults","Ultisols","Udults","Kandiudults","Typic Kandiudults","fine-loamy",-82.3083344,33.2249985,612819,"83P03768",1,0,18,"Ap","Loamy sand",319383,86.4000015,10.8000002,2.8,2,"10YR",5,2
121541,"Orangeburg","ORANGEBURG","Fine-loamy, siliceous, thermic Typic Kandiudults","Ultisols","Udults","Kandiudults","Typic Kandiudults","fine-loamy",-82.3083344,33.2249985,612820,"83P03769",2,18,28,"Bt1","Fine sandy loam",319384,66,15.5,18.5,3.8,"7.5YR",5,8
121541,"Orangeburg","ORANGEBURG","Fine-loamy, siliceous, thermic Typic Kandiudults","Ultisols","Udults","Kandiudults","Typic Kandiudults","fine-loamy",-82.3083344,33.2249985,612821,"83P03770",3,28,38,"Bt2","Sandy clay loam",319385,55.9000015,12.1000004,32,5.1999998,"5YR",5,6
121541,"Orangeburg","ORANGEBURG","Fine-loamy, siliceous, thermic Typic Kandiudults","Ultisols","Udults","Kandiudults","Typic Kandiudults","fine-loamy",-82.3083344,33.2249985,612822,"83P03771",4,38,64,"Bt3","Sandy clay",319386,50.0999985,10.3000002,39.5999985,5.6999998,"2.5YR",4,8
121541,"Orangeburg","ORANGEBURG","Fine-loamy, siliceous, thermic Typic Kandiudults","Ultisols","Udults","Kandiudults","Typic Kandiudults","fine-loamy",-82.3083344,33.2249985,612823,"83P03772",5,64,122,"Bt4","Sandy clay",319387,47.7999992,7.5999999,44.5999985,4.9000001,"2.5YR",4,6
121541,"Orangeburg","ORANGEBURG","Fine-loamy, siliceous, thermic Typic Kandiudults","Ultisols","Udults","Kandiudults","Typic Kandiudults","fine-loamy",-82.3083344,33.2249985,612824,"83P03773",6,122,215,"Bt5","Clay",319388,43.7999992,5.5999999,50.5999985,5,"10YR",5,8
121542,"Pelham","PELHAM","Loamy, siliceous, subactive, thermic Arenic Paleaquults","Ultisols","Aquults","Paleaquults","Arenic Paleaquults","loamy",-82.0333328,32.1166649,612825,"83P03774",1,0,20,"A","Loamy sand",319389,82.1999969,12,5.8000002,3.3,"10YR",3,1
121542,"Pelham","PELHAM","Loamy, siliceous, subactive, thermic Arenic Paleaquults","Ultisols","Aquults","Paleaquults","Arenic Paleaquults","loamy",-82.0333328,32.1166649,612826,"83P03775",2,20,55,"E","Loamy sand",319390,79.8000031,12.1000004,8.1000004,1.9,"10YR",6,2
121542,"Pelham","PELHAM","Loamy, siliceous, subactive, thermic Arenic Paleaquults","Ultisols","Aquults","Paleaquults","Arenic Paleaquults","loamy",-82.0333328,32.1166649,612827,"83P03776",3,55,87,"Btg","Fine sandy loam",319391,77.4000015,11,11.6000004,2.7,"10YR",4,1
121542,"Pelham","PELHAM","Loamy, siliceous, subactive, thermic Arenic Paleaquults","Ultisols","Aquults","Paleaquults","Arenic Paleaquults","loamy",-82.0333328,32.1166649,612828,"83P03777",4,87,140,"Bt1","Sandy loam",319392,71.9000015,10.6999998,17.3999996,2.8,"10YR",4,1
121542,"Pelham","PELHAM","Loamy, siliceous, subactive, thermic Arenic Paleaquults","Ultisols","Aquults","Paleaquults","Arenic Paleaquults","loamy",-82.0333328,32.1166649,612829,"83P03778",5,140,200,"Bt2","Sandy loam",319393,75.6999969,8.6000004,15.6999998,3,"10YR",7,1
121543,"Orangeburg","ORANGEBURG","Fine-loamy, siliceous, thermic Typic Kandiudults","Ultisols","Udults","Kandiudults","Typic Kandiudults","fine-loamy",-83.9833298,31.6833324,612830,"83P03779",1,0,25,"Ap","Loamy sand",319394,84.0999985,12.3000002,3.5999999,2.9000001,"10YR",4,3
121543,"Orangeburg","ORANGEBURG","Fine-loamy, siliceous, thermic Typic Kandiudults","Ultisols","Udults","Kandiudults","Typic Kandiudults","fine-loamy",-83.9833298,31.6833324,612831,"83P03780",2,25,38,"Bt1","Sandy loam",319395,71.5,11.8000002,16.7000008,3.5999999,"2.5YR",4,6
121543,"Orangeburg","ORANGEBURG","Fine-loamy, siliceous, thermic Typic Kandiudults","Ultisols","Udults","Kandiudults","Typic Kandiudults","fine-loamy",-83.9833298,31.6833324,612832,"83P03781",3,38,150,"Bt2","Sandy clay loam",319396,65.0999985,9.6000004,25.2999992,3.8,"2.5YR",4,6
121543,"Orangeburg","ORANGEBURG","Fine-loamy, siliceous, thermic Typic Kandiudults","Ultisols","Udults","Kandiudults","Typic Kandiudults","fine-loamy",-83.9833298,31.6833324,612833,"83P03782",4,150,203,"Bt3","Sandy clay loam",319397,70.9000015,8.3999996,20.7000008,2.5999999,"2.5YR",4,8
122344,"Orangeburg","ORANGEBURG","Fine-loamy, siliceous, subactive, thermic Typic Paleudults","Ultisols","Udults","Paleudults","Typic Paleudults","fine-loamy",-82.4283371,33.1130562000001,618342,"85P00795",1,0,20,"Ap","Loamy sand",161486,83.1999969,13,3.8,2,"10YR",4,2
122344,"Orangeburg","ORANGEBURG","Fine-loamy, siliceous, subactive, thermic Typic Paleudults","Ultisols","Udults","Paleudults","Typic Paleudults","fine-loamy",-82.4283371,33.1130562000001,618343,"85P00796",2,20,35,"Bt1","Sandy loam",161487,68.8000031,13.5,17.7000008,2.5,"5YR",5,8
122344,"Orangeburg","ORANGEBURG","Fine-loamy, siliceous, subactive, thermic Typic Paleudults","Ultisols","Udults","Paleudults","Typic Paleudults","fine-loamy",-82.4283371,33.1130562000001,618344,"85P00797",3,35,59,"Bt2","Sandy clay",161488,49.5,10.3000002,40.2000008,5.0999999,"2.5YR",4,8
122344,"Orangeburg","ORANGEBURG","Fine-loamy, siliceous, subactive, thermic Typic Paleudults","Ultisols","Udults","Paleudults","Typic Paleudults","fine-loamy",-82.4283371,33.1130562000001,618345,"85P00798",4,59,109,"Bt3","Sandy clay",161489,45.9000015,8.1999998,45.9000015,5.5,"2.5YR",4,8
122344,"Orangeburg","ORANGEBURG","Fine-loamy, siliceous, subactive, thermic Typic Paleudults","Ultisols","Udults","Paleudults","Typic Paleudults","fine-loamy",-82.4283371,33.1130562000001,618346,"85P00799",5,109,178,"Bt4","Clay",161490,40.5,7.9000001,51.5999985,5.4000001,"2.5YR",4,8
122973,"Ailey","AILEY","Loamy, siliceous, subactive, thermic Arenic Hapludults","Ultisols","Udults","Hapludults","Arenic Hapludults","loamy",-82.4972228999999,33.2825012000001,622733,"85P05100",1,0,18,"Ap","Coarse sand",297140,92.4000015,6.5,1.1,1.8,"10YR",4,2
122973,"Ailey","AILEY","Loamy, siliceous, subactive, thermic Arenic Hapludults","Ultisols","Udults","Hapludults","Arenic Hapludults","loamy",-82.4972228999999,33.2825012000001,622734,"85P05101",2,18,48,"E1","Coarse sand",297141,90.4000015,7.9000001,1.7,0.6,"10YR",6,6
122973,"Ailey","AILEY","Loamy, siliceous, subactive, thermic Arenic Hapludults","Ultisols","Udults","Hapludults","Arenic Hapludults","loamy",-82.4972228999999,33.2825012000001,622735,"85P05102",3,48,64,"E2","Coarse sand",297142,91.1999969,6.9000001,1.9,0.5,"10YR",5,6
122973,"Ailey","AILEY","Loamy, siliceous, subactive, thermic Arenic Hapludults","Ultisols","Udults","Hapludults","Arenic Hapludults","loamy",-82.4972228999999,33.2825012000001,622736,"85P05103",4,64,84,"Bt","Sandy clay loam",297143,65.1999969,5.5999999,29.2000008,3.4000001,"7.5YR",5,8
122973,"Ailey","AILEY","Loamy, siliceous, subactive, thermic Arenic Hapludults","Ultisols","Udults","Hapludults","Arenic Hapludults","loamy",-82.4972228999999,33.2825012000001,622737,"85P05104",5,84,107,"Btx1","Sandy clay loam",297144,67.6999969,5.5,26.7999992,1.8,"7.5YR",5,8
122973,"Ailey","AILEY","Loamy, siliceous, subactive, thermic Arenic Hapludults","Ultisols","Udults","Hapludults","Arenic Hapludults","loamy",-82.4972228999999,33.2825012000001,622738,"85P05105",6,107,127,"Btx2","Sandy clay loam",297145,76.0999985,3.3,20.6000004,1.3,"5YR",5,8
122973,"Ailey","AILEY","Loamy, siliceous, subactive, thermic Arenic Hapludults","Ultisols","Udults","Hapludults","Arenic Hapludults","loamy",-82.4972228999999,33.2825012000001,622739,"85P05106",7,127,203,"2C","Loamy coarse sand",297146,85.6999969,2.2,12.1000004,0.9,"5YR",5,6
122974,"Ailey","AILEY","Loamy, siliceous, subactive, thermic Arenic Hapludults","Ultisols","Udults","Hapludults","Arenic Hapludults","loamy",-82.5319443,33.2727776,622740,"85P05107",1,0,10,"Ap","Sand",297147,93.5999985,4.8000002,1.6,4.1999998,"10YR",4,2
122974,"Ailey","AILEY","Loamy, siliceous, subactive, thermic Arenic Hapludults","Ultisols","Udults","Hapludults","Arenic Hapludults","loamy",-82.5319443,33.2727776,622741,"85P05108",2,10,23,"E1","Sand",297148,91.1999969,6.0999999,2.7,1.6,"10YR",5,4
122974,"Ailey","AILEY","Loamy, siliceous, subactive, thermic Arenic Hapludults","Ultisols","Udults","Hapludults","Arenic Hapludults","loamy",-82.5319443,33.2727776,622742,"85P05109",3,23,64,"E2","Sand",297149,88.9000015,8.3000002,2.8,0.7,"10YR",5,8
122974,"Ailey","AILEY","Loamy, siliceous, subactive, thermic Arenic Hapludults","Ultisols","Udults","Hapludults","Arenic Hapludults","loamy",-82.5319443,33.2727776,622743,"85P05110",4,64,76,"Bt1","Fine sandy loam",297150,74.9000015,5.6999998,19.3999996,1.9,"7.5YR",5,8
122974,"Ailey","AILEY","Loamy, siliceous, subactive, thermic Arenic Hapludults","Ultisols","Udults","Hapludults","Arenic Hapludults","loamy",-82.5319443,33.2727776,622744,"85P05111",5,76,102,"Bt2","Sandy clay loam",297151,68.1999969,4.5,27.2999992,2.4000001,"5YR",5,8
122974,"Ailey","AILEY","Loamy, siliceous, subactive, thermic Arenic Hapludults","Ultisols","Udults","Hapludults","Arenic Hapludults","loamy",-82.5319443,33.2727776,622745,"85P05112",6,102,150,"2Btx","Coarse sandy loam",297152,80.1999969,3.2,16.6000004,0.9,"10YR",5,4
122974,"Ailey","AILEY","Loamy, siliceous, subactive, thermic Arenic Hapludults","Ultisols","Udults","Hapludults","Arenic Hapludults","loamy",-82.5319443,33.2727776,622746,"85P05113",7,150,203,"3C","Sandy clay loam",297153,73.5999985,2.5999999,23.7999992,1.8,"2.5YR",5,8
123154,"Red Bay","RED BAY","Fine-loamy, siliceous, thermic Rhodic Kandiudults","Ultisols","Udults","Kandiudults","Rhodic Kandiudults","fine-loamy",-84.4000015,32.0033340000001,624048,"86P01090",1,0,17,"Ap","Loamy sand",339763,84.3000031,8.3000002,7.4000001,2.2,"2.5YR",3,4
123154,"Red Bay","RED BAY","Fine-loamy, siliceous, thermic Rhodic Kandiudults","Ultisols","Udults","Kandiudults","Rhodic Kandiudults","fine-loamy",-84.4000015,32.0033340000001,624049,"86P01091",2,17,50,"Bt1","Sandy clay loam",339764,63.0999985,8.3999996,28.5,2.8,"2.5YR",3,6
123154,"Red Bay","RED BAY","Fine-loamy, siliceous, thermic Rhodic Kandiudults","Ultisols","Udults","Kandiudults","Rhodic Kandiudults","fine-loamy",-84.4000015,32.0033340000001,624050,"86P01092",3,50,100,"Bt2","Sandy clay",339765,58.0999985,5.1999998,36.7000008,2.9000001,"2.5YR",3,6
123154,"Red Bay","RED BAY","Fine-loamy, siliceous, thermic Rhodic Kandiudults","Ultisols","Udults","Kandiudults","Rhodic Kandiudults","fine-loamy",-84.4000015,32.0033340000001,624051,"86P01093",4,100,137,"Bt3","Sandy clay",339766,56.7000008,5.5999999,37.7000008,2.9000001,"2.5YR",3,6
123154,"Red Bay","RED BAY","Fine-loamy, siliceous, thermic Rhodic Kandiudults","Ultisols","Udults","Kandiudults","Rhodic Kandiudults","fine-loamy",-84.4000015,32.0033340000001,624052,"86P01094",5,137,175,"Bt4","Sandy clay",339767,51.5,6.8000002,41.7000008,3.2,"2.5YR",3,6
123154,"Red Bay","RED BAY","Fine-loamy, siliceous, thermic Rhodic Kandiudults","Ultisols","Udults","Kandiudults","Rhodic Kandiudults","fine-loamy",-84.4000015,32.0033340000001,624053,"86P01095",6,240,300,"Bt5","Clay",339768,41.2000008,5.5,53.2999992,4.1999998,"2.5YR",3,6
123155,"Greenville","GREENVILLE","Clayey, kaolinitic, thermic Rhodic Kandiudults","Ultisols","Udults","Kandiudults","Rhodic Kandiudults","clayey",-84.398613,32.0041656000001,624054,"86P01096",1,0,10,"Ap","Sandy clay loam",339769,61.7999992,8.8999996,29.2999992,5.9000001,"2.5YR",3,4
123155,"Greenville","GREENVILLE","Clayey, kaolinitic, thermic Rhodic Kandiudults","Ultisols","Udults","Kandiudults","Rhodic Kandiudults","clayey",-84.398613,32.0041656000001,624055,"86P01097",2,10,60,"Bt1","Clay",339770,42.2000008,6.4000001,51.4000015,4.1999998,"2.5YR",3,6
123155,"Greenville","GREENVILLE","Clayey, kaolinitic, thermic Rhodic Kandiudults","Ultisols","Udults","Kandiudults","Rhodic Kandiudults","clayey",-84.398613,32.0041656000001,624056,"86P01098",3,60,100,"Bt2","Clay",339771,42,3.5,54.5,3.5999999,"2.5YR",3,6
123155,"Greenville","GREENVILLE","Clayey, kaolinitic, thermic Rhodic Kandiudults","Ultisols","Udults","Kandiudults","Rhodic Kandiudults","clayey",-84.398613,32.0041656000001,624057,"86P01099",4,100,150,"Bt3","Clay",339772,43.9000015,2.9000001,53.2000008,3.4000001,"2.5YR",3,6
123155,"Greenville","GREENVILLE","Clayey, kaolinitic, thermic Rhodic Kandiudults","Ultisols","Udults","Kandiudults","Rhodic Kandiudults","clayey",-84.398613,32.0041656000001,624058,"86P01100",5,150,225,"Bt4","Sandy clay",339773,46.5,2.3,51.2000008,3.2,"2.5YR",3,6
123155,"Greenville","GREENVILLE","Clayey, kaolinitic, thermic Rhodic Kandiudults","Ultisols","Udults","Kandiudults","Rhodic Kandiudults","clayey",-84.398613,32.0041656000001,624059,"86P01101",6,225,300,"Bt5","Sandy clay",339774,50.2999992,1.7,48,3.2,"2.5YR",3,6
123156,"Lucy","LUCY","Arenic Kandiudults, loamy, kaolinitic, thermic","Ultisols","Udults","Kandiudults","Arenic Kandiudults","loamy",-84.3958359,32.0016670000001,624060,"86P01102",1,0,22,"Ap","Sand",339775,89.0999985,6.5,4.4000001,1.8,"5YR",4,6
123156,"Lucy","LUCY","Arenic Kandiudults, loamy, kaolinitic, thermic","Ultisols","Udults","Kandiudults","Arenic Kandiudults","loamy",-84.3958359,32.0016670000001,624061,"86P01103",2,22,75,"E","Sandy loam",339776,78.0999985,9.1999998,12.6999998,1.6,"5YR",4,6
123156,"Lucy","LUCY","Arenic Kandiudults, loamy, kaolinitic, thermic","Ultisols","Udults","Kandiudults","Arenic Kandiudults","loamy",-84.3958359,32.0016670000001,624062,"86P01104",3,75,100,"Bt1","Sandy loam",339777,74.0999985,8.3000002,17.6000004,1.9,"2.5YR",4,8
123156,"Lucy","LUCY","Arenic Kandiudults, loamy, kaolinitic, thermic","Ultisols","Udults","Kandiudults","Arenic Kandiudults","loamy",-84.3958359,32.0016670000001,624063,"86P01105",4,100,165,"Bt2","Sandy clay loam",339778,68.5,4,27.5,2.7,"2.5YR",4,8
123156,"Lucy","LUCY","Arenic Kandiudults, loamy, kaolinitic, thermic","Ultisols","Udults","Kandiudults","Arenic Kandiudults","loamy",-84.3958359,32.0016670000001,624064,"86P01106",5,165,245,"Bt3","Sandy clay loam",339779,69.4000015,3.3,27.2999992,2.5,"2.5YR",4,8
123156,"Lucy","LUCY","Arenic Kandiudults, loamy, kaolinitic, thermic","Ultisols","Udults","Kandiudults","Arenic Kandiudults","loamy",-84.3958359,32.0016670000001,624065,"86P01107",6,245,300,"C","Sandy clay loam",339780,68.1999969,3.3,28.5,2.2,"2.5YR",4,8
123157,"Americus","AMERICUS","Sandy, siliceous Typic Dystrochrepts","Inceptisols","Ochrepts","Dystrochrepts","Typic Dystrochrepts","sandy",-84.3972244,32.0011101000001,624066,"86P01108",1,0,18,"Ap","Loamy coarse sand",339781,83.5999985,7.5999999,8.8000002,3.0999999,"5YR",3,4
123157,"Americus","AMERICUS","Sandy, siliceous Typic Dystrochrepts","Inceptisols","Ochrepts","Dystrochrepts","Typic Dystrochrepts","sandy",-84.3972244,32.0011101000001,624067,"86P01109",2,18,45,"Bt1","Loamy coarse sand",339782,86.1999969,4.4000001,9.3999996,1.5,"2.5YR",3,4
123157,"Americus","AMERICUS","Sandy, siliceous Typic Dystrochrepts","Inceptisols","Ochrepts","Dystrochrepts","Typic Dystrochrepts","sandy",-84.3972244,32.0011101000001,624068,"86P01110",3,45,105,"Bt2","Loamy coarse sand",339783,85.5999985,4.6999998,9.6999998,1.3,"2.5YR",3,6
123157,"Americus","AMERICUS","Sandy, siliceous Typic Dystrochrepts","Inceptisols","Ochrepts","Dystrochrepts","Typic Dystrochrepts","sandy",-84.3972244,32.0011101000001,624069,"86P01111",4,105,150,"Bt3","Loamy coarse sand",339784,87.9000015,2.7,9.3999996,0.9,"2.5YR",3,6
123157,"Americus","AMERICUS","Sandy, siliceous Typic Dystrochrepts","Inceptisols","Ochrepts","Dystrochrepts","Typic Dystrochrepts","sandy",-84.3972244,32.0011101000001,624070,"86P01112",5,150,230,"Bt4","Loamy coarse sand",339785,87.1999969,2,10.8000002,0.9,"2.5YR",3,6
123157,"Americus","AMERICUS","Sandy, siliceous Typic Dystrochrepts","Inceptisols","Ochrepts","Dystrochrepts","Typic Dystrochrepts","sandy",-84.3972244,32.0011101000001,624071,"86P01113",6,230,300,"Bt5","Coarse sand",339786,90.1999969,1,8.8000002,0.6,"2.5YR",3,6
123158,"Freemanville","FREEMANVILLE","Fine-loamy, siliceous Plinthic Kandiudults","Ultisols","Udults","Kandiudults","Plinthic Kandiudults","fine-loamy",-84.3958359,32.0088882000001,624072,"86P01114",1,0,18,"Ap","Sandy clay loam",339787,59.7999992,15.8999996,24.2999992,5.0999999,"5YR",4,6
123158,"Freemanville","FREEMANVILLE","Fine-loamy, siliceous Plinthic Kandiudults","Ultisols","Udults","Kandiudults","Plinthic Kandiudults","fine-loamy",-84.3958359,32.0088882000001,624073,"86P01115",2,18,35,"Bt1","Sandy clay loam",339788,54.5,14.6000004,30.8999996,3.2,"2.5YR",4,8
123158,"Freemanville","FREEMANVILLE","Fine-loamy, siliceous Plinthic Kandiudults","Ultisols","Udults","Kandiudults","Plinthic Kandiudults","fine-loamy",-84.3958359,32.0088882000001,624074,"86P01116",3,35,63,"Bt2","Sandy clay loam",339789,52.7000008,14.1999998,33.0999985,3.2,"2.5YR",4,8
123158,"Freemanville","FREEMANVILLE","Fine-loamy, siliceous Plinthic Kandiudults","Ultisols","Udults","Kandiudults","Plinthic Kandiudults","fine-loamy",-84.3958359,32.0088882000001,624075,"86P01117",4,63,98,"Btc","Sandy clay",339790,46.7000008,12.8999996,40.4000015,3.7,"2.5YR",4,6
123158,"Freemanville","FREEMANVILLE","Fine-loamy, siliceous Plinthic Kandiudults","Ultisols","Udults","Kandiudults","Plinthic Kandiudults","fine-loamy",-84.3958359,32.0088882000001,624076,"86P01118",5,98,160,"Btcv","Clay",339791,43,13.1999998,43.7999992,3.8,"2.5YR",4,6
123158,"Freemanville","FREEMANVILLE","Fine-loamy, siliceous Plinthic Kandiudults","Ultisols","Udults","Kandiudults","Plinthic Kandiudults","fine-loamy",-84.3958359,32.0088882000001,624077,"86P01119",6,160,195,"Bt3","Sandy clay",339792,48,11.8999996,40.0999985,3.3,"2.5YR",3,6
123158,"Freemanville","FREEMANVILLE","Fine-loamy, siliceous Plinthic Kandiudults","Ultisols","Udults","Kandiudults","Plinthic Kandiudults","fine-loamy",-84.3958359,32.0088882000001,624078,"86P01120",7,195,235,"BC1","Sandy clay",339793,49.7000008,10.3999996,39.9000015,3,"2.5YR",3,6
123158,"Freemanville","FREEMANVILLE","Fine-loamy, siliceous Plinthic Kandiudults","Ultisols","Udults","Kandiudults","Plinthic Kandiudults","fine-loamy",-84.3958359,32.0088882000001,624079,"86P01121",8,235,300,"BC2","Sandy clay",339794,45.9000015,9.3999996,44.7000008,2.9000001,"2.5YR",4,8
123160,"Ochlockonee","OCHLOCKONEE","Fine-loamy, siliceous Typic Udorthents","Entisols","Orthents","Udorthents","Typic Udorthents","fine-loamy",-84.3972244,32.0111122000001,624088,"86P01130",1,0,20,"Ap","Sandy clay",339803,50.7000008,14,35.2999992,7.8000002,"2.5YR",3,4
123160,"Ochlockonee","OCHLOCKONEE","Fine-loamy, siliceous Typic Udorthents","Entisols","Orthents","Udorthents","Typic Udorthents","fine-loamy",-84.3972244,32.0111122000001,624089,"86P01131",2,20,45,"A","Sandy clay",339804,51.2000008,13.1000004,35.7000008,5.6999998,"2.5YR",4,4
123160,"Ochlockonee","OCHLOCKONEE","Fine-loamy, siliceous Typic Udorthents","Entisols","Orthents","Udorthents","Typic Udorthents","fine-loamy",-84.3972244,32.0111122000001,624090,"86P01132",3,45,98,"Bw1","Sandy clay loam",339805,59.7000008,8.1000004,32.2000008,3.8,"2.5YR",4,8
123160,"Ochlockonee","OCHLOCKONEE","Fine-loamy, siliceous Typic Udorthents","Entisols","Orthents","Udorthents","Typic Udorthents","fine-loamy",-84.3972244,32.0111122000001,624091,"86P01133",4,98,180,"Bw2","Sandy clay",339806,52.0999985,8.8000002,39.0999985,4.0999999,"2.5YR",4,8
123160,"Ochlockonee","OCHLOCKONEE","Fine-loamy, siliceous Typic Udorthents","Entisols","Orthents","Udorthents","Typic Udorthents","fine-loamy",-84.3972244,32.0111122000001,624092,"86P01134",5,180,223,"Bw3","Sandy clay loam",339807,59,8.3000002,32.7000008,3.4000001,"2.5YR",5,8
123160,"Ochlockonee","OCHLOCKONEE","Fine-loamy, siliceous Typic Udorthents","Entisols","Orthents","Udorthents","Typic Udorthents","fine-loamy",-84.3972244,32.0111122000001,624093,"86P01135",6,223,300,"Bw4","Sandy clay loam",339808,62.2999992,7.1999998,30.5,3.3,"2.5YR",5,8
123160,"Ochlockonee","OCHLOCKONEE","Fine-loamy, siliceous Typic Udorthents","Entisols","Orthents","Udorthents","Typic Udorthents","fine-loamy",-84.3972244,32.0111122000001,624094,"86P01136",7,300,338,"C","Loamy sand",339809,86.8000031,0.6,12.6000004,1.1,"2.5YR",5,8
123161,"Greenville","GREENVILLE","Clayey, kaolinitic, thermic Rhodic Kandiudults","Ultisols","Udults","Kandiudults","Rhodic Kandiudults","clayey",-84.398613,32.0208321000001,624095,"86P01137",1,0,23,"Ap","Sandy clay loam",339810,59.7000008,15.1999998,25.1000004,6.1999998,"2.5YR",3,4
123161,"Greenville","GREENVILLE","Clayey, kaolinitic, thermic Rhodic Kandiudults","Ultisols","Udults","Kandiudults","Rhodic Kandiudults","clayey",-84.398613,32.0208321000001,624096,"86P01138",2,23,50,"Bt1","Clay",339811,42.7999992,14.1999998,43,5.5999999,"2.5YR",3,6
123161,"Greenville","GREENVILLE","Clayey, kaolinitic, thermic Rhodic Kandiudults","Ultisols","Udults","Kandiudults","Rhodic Kandiudults","clayey",-84.398613,32.0208321000001,624097,"86P01139",3,50,125,"Bt2","Clay",339812,38.5999985,9.6999998,51.7000008,5,"2.5YR",3,6
123161,"Greenville","GREENVILLE","Clayey, kaolinitic, thermic Rhodic Kandiudults","Ultisols","Udults","Kandiudults","Rhodic Kandiudults","clayey",-84.398613,32.0208321000001,624098,"86P01140",4,125,190,"Bt3","Clay",339813,39,5.4000001,55.5999985,4.9000001,"2.5YR",3,6
123161,"Greenville","GREENVILLE","Clayey, kaolinitic, thermic Rhodic Kandiudults","Ultisols","Udults","Kandiudults","Rhodic Kandiudults","clayey",-84.398613,32.0208321000001,624099,"86P01141",5,190,225,"Bt4","Clay",339814,42,4.5999999,53.4000015,4.4000001,"2.5YR",3,6
123161,"Greenville","GREENVILLE","Clayey, kaolinitic, thermic Rhodic Kandiudults","Ultisols","Udults","Kandiudults","Rhodic Kandiudults","clayey",-84.398613,32.0208321000001,624100,"86P01142",6,225,300,"Bt5","Clay",339815,44.5999985,4.9000001,50.5,4,"2.5YR",3,6
890611,"Carnegie","CARNEGIE","Fine, kaolinitic, thermic Plinthic Kandiudults","Ultisols","Udults","Kandiudults","Plinthic Kandiudults","fine",-84.3958359,32.0102768,4411075,"86P01122",1,0,13,"1A p","Sandy clay loam",339795,61.2999992,12.8999996,25.7999992,3.8,"2.5YR",4,4
890611,"Carnegie","CARNEGIE","Fine, kaolinitic, thermic Plinthic Kandiudults","Ultisols","Udults","Kandiudults","Plinthic Kandiudults","fine",-84.3958359,32.0102768,4411076,"86P01123",2,13,48,"1B t","Sandy clay",339796,45.5,11.3999996,43.0999985,3.8,"2.5YR",4,6
890611,"Carnegie","CARNEGIE","Fine, kaolinitic, thermic Plinthic Kandiudults","Ultisols","Udults","Kandiudults","Plinthic Kandiudults","fine",-84.3958359,32.0102768,4411077,"86P01124",3,48,70,"1B tv1","Sandy clay",339797,49.5999985,11.3999996,39,3.7,"2.5YR",4,8
890611,"Carnegie","CARNEGIE","Fine, kaolinitic, thermic Plinthic Kandiudults","Ultisols","Udults","Kandiudults","Plinthic Kandiudults","fine",-84.3958359,32.0102768,4411078,"86P01125",4,70,100,"1B tv2","Sandy clay",339798,53.7000008,9.8000002,36.5,3.8,"10YR",6,6
890611,"Carnegie","CARNEGIE","Fine, kaolinitic, thermic Plinthic Kandiudults","Ultisols","Udults","Kandiudults","Plinthic Kandiudults","fine",-84.3958359,32.0102768,4411079,"86P01126",5,100,150,"1B tv3","Sandy clay",339799,53.2999992,9,37.7000008,3.4000001,"10YR",6,6
890611,"Carnegie","CARNEGIE","Fine, kaolinitic, thermic Plinthic Kandiudults","Ultisols","Udults","Kandiudults","Plinthic Kandiudults","fine",-84.3958359,32.0102768,4411080,"86P01127",6,150,210,"1B tv4","Clay",339800,44.2000008,10.3999996,45.4000015,3.7,"10YR",6,6
890611,"Carnegie","CARNEGIE","Fine, kaolinitic, thermic Plinthic Kandiudults","Ultisols","Udults","Kandiudults","Plinthic Kandiudults","fine",-84.3958359,32.0102768,4411081,"86P01128",7,210,255,"1B' t1","Clay",339801,42.5999985,10.3999996,47,4.5,"10YR",6,6
890611,"Carnegie","CARNEGIE","Fine, kaolinitic, thermic Plinthic Kandiudults","Ultisols","Udults","Kandiudults","Plinthic Kandiudults","fine",-84.3958359,32.0102768,4411082,"86P01129",8,255,338,"1B' t2","Clay",339802,24.2000008,11.8999996,63.9000015,8.1000004,"10YR",7,2
123429,"Turbeville","TURBEVILLE","Fine, kaolinitic, thermic Typic Kandiudults","Ultisols","Udults","Kandiudults","Typic Kandiudults","fine",-77.5911101999999,36.3875008000001,625889,"86P02887",1,0,23,"Ap","Sandy loam",20733,73.5999985,20.6000004,5.8000002,2.3,"7.5YR",4,4
123429,"Turbeville","TURBEVILLE","Fine, kaolinitic, thermic Typic Kandiudults","Ultisols","Udults","Kandiudults","Typic Kandiudults","fine",-77.5911101999999,36.3875008000001,625890,"86P02888",2,23,30,"EB","Sandy clay loam",20734,49.9000015,25.7999992,24.2999992,4,"5YR",4,6
123429,"Turbeville","TURBEVILLE","Fine, kaolinitic, thermic Typic Kandiudults","Ultisols","Udults","Kandiudults","Typic Kandiudults","fine",-77.5911101999999,36.3875008000001,625891,"86P02889",3,30,43,"BE","Clay loam",20735,42,23.3999996,34.5999985,5.4000001,"2.5YR",4,8
123429,"Turbeville","TURBEVILLE","Fine, kaolinitic, thermic Typic Kandiudults","Ultisols","Udults","Kandiudults","Typic Kandiudults","fine",-77.5911101999999,36.3875008000001,625892,"86P02890",4,43,61,"Bt1","Clay",20736,34.2999992,18.7999992,46.9000015,6.9000001,"10R",4,6
123429,"Turbeville","TURBEVILLE","Fine, kaolinitic, thermic Typic Kandiudults","Ultisols","Udults","Kandiudults","Typic Kandiudults","fine",-77.5911101999999,36.3875008000001,625893,"86P02891",5,61,112,"Bt2","Clay",20737,33.4000015,17.2999992,49.2999992,7.1999998,"10R",4,6
123429,"Turbeville","TURBEVILLE","Fine, kaolinitic, thermic Typic Kandiudults","Ultisols","Udults","Kandiudults","Typic Kandiudults","fine",-77.5911101999999,36.3875008000001,625894,"86P02892",6,112,150,"Bt3","Clay",20738,32.2000008,16,51.7999992,7.1999998,"10R",3,6
123429,"Turbeville","TURBEVILLE","Fine, kaolinitic, thermic Typic Kandiudults","Ultisols","Udults","Kandiudults","Typic Kandiudults","fine",-77.5911101999999,36.3875008000001,625895,"86P02893",7,150,163,"Bt4","Clay",20739,31.8999996,14.3999996,53.7000008,7.1999998,"10R",3,6
123429,"Turbeville","TURBEVILLE","Fine, kaolinitic, thermic Typic Kandiudults","Ultisols","Udults","Kandiudults","Typic Kandiudults","fine",-77.5911101999999,36.3875008000001,625896,"86P02894",8,163,218,"Bt5","Clay",20740,36.0999985,12.3000002,51.5999985,7.3000002,"10R",3,6
123430,"Turbeville","TURBEVILLE","Fine, kaolinitic, thermic Typic Kandiudults","Ultisols","Udults","Kandiudults","Typic Kandiudults","fine",-77.6763916,36.4994431000001,625898,"86P02895",1,0,23,"Ap","Sandy loam",20741,68,21,11,2.8,"5YR",4,4
123430,"Turbeville","TURBEVILLE","Fine, kaolinitic, thermic Typic Kandiudults","Ultisols","Udults","Kandiudults","Typic Kandiudults","fine",-77.6763916,36.4994431000001,625899,"86P02896",2,23,41,"Bt1","Clay",20742,38.0999985,17.6000004,44.2999992,6.3000002,"2.5YR",4,6
123430,"Turbeville","TURBEVILLE","Fine, kaolinitic, thermic Typic Kandiudults","Ultisols","Udults","Kandiudults","Typic Kandiudults","fine",-77.6763916,36.4994431000001,625900,"86P02897",3,41,66,"Bt21","Clay",20743,34.5,13,52.5,6.3000002,"10YR",4,8
123430,"Turbeville","TURBEVILLE","Fine, kaolinitic, thermic Typic Kandiudults","Ultisols","Udults","Kandiudults","Typic Kandiudults","fine",-77.6763916,36.4994431000001,625901,"86P02902",8,173,193,"Bt31","Sandy clay",20748,49,11.3999996,39.5999985,5,"10YR",4,8
123935,"Byars","BYARS","Clayey, kaolinitic, thermic Umbric Paleaquults","Ultisols","Aquults","Paleaquults","Umbric Paleaquults","clayey",-79.4166640999999,34.2083321000001,629185,"87P00739",1,0,23,"Ap","Sandy loam",151523,60.2000008,22.1000004,17.7000008,12.6999998,"10YR",2,1
123935,"Byars","BYARS","Clayey, kaolinitic, thermic Umbric Paleaquults","Ultisols","Aquults","Paleaquults","Umbric Paleaquults","clayey",-79.4166640999999,34.2083321000001,629186,"87P00740",2,23,33,"A","Clay loam",151524,41.7000008,30.3999996,27.8999996,14.5,"10YR",2,1
123935,"Byars","BYARS","Clayey, kaolinitic, thermic Umbric Paleaquults","Ultisols","Aquults","Paleaquults","Umbric Paleaquults","clayey",-79.4166640999999,34.2083321000001,629187,"87P00741",3,33,53,"Btg1","Clay loam",151525,36.7999992,30.8999996,32.2999992,11,"10YR",4,1
123935,"Byars","BYARS","Clayey, kaolinitic, thermic Umbric Paleaquults","Ultisols","Aquults","Paleaquults","Umbric Paleaquults","clayey",-79.4166640999999,34.2083321000001,629188,"87P00742",4,53,109,"Btg2","Clay loam",151526,35.5,31.2999992,33.2000008,9.6000004,"10YR",5,1
123935,"Byars","BYARS","Clayey, kaolinitic, thermic Umbric Paleaquults","Ultisols","Aquults","Paleaquults","Umbric Paleaquults","clayey",-79.4166640999999,34.2083321000001,629189,"87P00743",5,109,165,"Btg3","Clay loam",151527,34.5999985,27.2999992,38.0999985,11.6000004,"10YR",4,1
123935,"Byars","BYARS","Clayey, kaolinitic, thermic Umbric Paleaquults","Ultisols","Aquults","Paleaquults","Umbric Paleaquults","clayey",-79.4166640999999,34.2083321000001,629190,"87P00744",6,165,185,"Btg4","Clay",151528,25.7999992,19,55.2000008,18,"10YR",4,1
123640,"Cowarts","COWARTS","Clayey, kaolinitic, thermic Typic Kanhapludults","Ultisols","Udults","Kanhapludults","Typic Kanhapludults","clayey",-82.4355545,32.7775002000001,627303,"86P04937",1,0,25,"Ap","Coarse sand",87747,88,8.3999996,3.5999999,1.4,"10YR",7,4
123640,"Cowarts","COWARTS","Clayey, kaolinitic, thermic Typic Kanhapludults","Ultisols","Udults","Kanhapludults","Typic Kanhapludults","clayey",-82.4355545,32.7775002000001,627304,"86P04938",2,25,41,"Bt1","Sandy clay loam",87748,59.7999992,7.1999998,33,3.8,"10YR",5,6
123640,"Cowarts","COWARTS","Clayey, kaolinitic, thermic Typic Kanhapludults","Ultisols","Udults","Kanhapludults","Typic Kanhapludults","clayey",-82.4355545,32.7775002000001,627305,"86P04939",3,41,56,"Bt2","Sandy clay loam",87749,63.5,3.2,33.2999992,3.2,"10YR",6,8
123640,"Cowarts","COWARTS","Clayey, kaolinitic, thermic Typic Kanhapludults","Ultisols","Udults","Kanhapludults","Typic Kanhapludults","clayey",-82.4355545,32.7775002000001,627306,"86P04940",4,56,82,"C","Sandy clay",87750,54.2000008,4.8000002,41,4.4000001,"10YR",6,8
123640,"Cowarts","COWARTS","Clayey, kaolinitic, thermic Typic Kanhapludults","Ultisols","Udults","Kanhapludults","Typic Kanhapludults","clayey",-82.4355545,32.7775002000001,627307,"86P04941",5,82,183,"2C","Sandy clay",87751,48.2999992,6.9000001,44.7999992,5.4000001,"2.5YR",4,8
123641,"Cowarts","COWARTS","Clayey, kaolinitic, thermic Typic Kanhapludults","Ultisols","Udults","Kanhapludults","Typic Kanhapludults","clayey",-82.5180587999999,32.8227768,627308,"86P04942",1,0,28,"Ap","Coarse sand",87752,89.6999969,7,3.3,1.8,"10YR",5,2
123641,"Cowarts","COWARTS","Clayey, kaolinitic, thermic Typic Kanhapludults","Ultisols","Udults","Kanhapludults","Typic Kanhapludults","clayey",-82.5180587999999,32.8227768,627309,"86P04943",2,28,41,"BE","Sandy loam",87753,75.5999985,12.6000004,11.8000002,1.7,"10YR",6,6
123641,"Cowarts","COWARTS","Clayey, kaolinitic, thermic Typic Kanhapludults","Ultisols","Udults","Kanhapludults","Typic Kanhapludults","clayey",-82.5180587999999,32.8227768,627310,"86P04944",3,41,61,"Bt1","Sandy clay loam",87754,60.2999992,7.8000002,31.8999996,3.8,"10YR",6,6
123641,"Cowarts","COWARTS","Clayey, kaolinitic, thermic Typic Kanhapludults","Ultisols","Udults","Kanhapludults","Typic Kanhapludults","clayey",-82.5180587999999,32.8227768,627311,"86P04945",4,61,91,"Bt2","Sandy clay",87755,53.9000015,6.1999998,39.9000015,4.5,"10YR",6,3
123641,"Cowarts","COWARTS","Clayey, kaolinitic, thermic Typic Kanhapludults","Ultisols","Udults","Kanhapludults","Typic Kanhapludults","clayey",-82.5180587999999,32.8227768,627312,"86P04946",5,91,138,"C1","Sandy clay loam",87756,65,3.3,31.7000008,2.9000001,"10YR",6,8
123641,"Cowarts","COWARTS","Clayey, kaolinitic, thermic Typic Kanhapludults","Ultisols","Udults","Kanhapludults","Typic Kanhapludults","clayey",-82.5180587999999,32.8227768,627313,"86P04947",6,138,183,"C2","Sandy clay loam",87757,66.0999985,6,27.8999996,3.4000001,"2.5YR",4,8
123642,"Cowarts","COWARTS","Clayey, kaolinitic, thermic Typic Kanhapludults","Ultisols","Udults","Kanhapludults","Typic Kanhapludults","clayey",-83.8758316,31.5002785,627315,"86P04948",1,0,15,"A","Loamy sand",87758,86.5999985,7.3000002,6.0999999,4.1999998,"10YR",4,2
123642,"Cowarts","COWARTS","Clayey, kaolinitic, thermic Typic Kanhapludults","Ultisols","Udults","Kanhapludults","Typic Kanhapludults","clayey",-83.8758316,31.5002785,627316,"86P04949",2,15,40,"E","Loamy sand",87759,83.8000031,8,8.1999998,2.8,"10YR",4,3
123642,"Cowarts","COWARTS","Clayey, kaolinitic, thermic Typic Kanhapludults","Ultisols","Udults","Kanhapludults","Typic Kanhapludults","clayey",-83.8758316,31.5002785,627317,"86P04950",3,40,56,"BE","Sandy loam",87760,78.6999969,7.5999999,13.6999998,2.5,"10YR",4,4
123642,"Cowarts","COWARTS","Clayey, kaolinitic, thermic Typic Kanhapludults","Ultisols","Udults","Kanhapludults","Typic Kanhapludults","clayey",-83.8758316,31.5002785,627318,"86P04951",4,56,82,"Bt1","Sandy clay",87761,60.0999985,4.1999998,35.7000008,3.3,"10YR",5,8
123642,"Cowarts","COWARTS","Clayey, kaolinitic, thermic Typic Kanhapludults","Ultisols","Udults","Kanhapludults","Typic Kanhapludults","clayey",-83.8758316,31.5002785,627319,"86P04952",5,82,97,"Bt2","Sandy clay",87762,54.2000008,2.3,43.5,4,"10YR",6,8
123642,"Cowarts","COWARTS","Clayey, kaolinitic, thermic Typic Kanhapludults","Ultisols","Udults","Kanhapludults","Typic Kanhapludults","clayey",-83.8758316,31.5002785,627320,"86P04953",6,97,145,"C1","Sandy clay loam",87763,74.8000031,2.0999999,23.1000004,2.5,"2.5YR",5,4
123642,"Cowarts","COWARTS","Clayey, kaolinitic, thermic Typic Kanhapludults","Ultisols","Udults","Kanhapludults","Typic Kanhapludults","clayey",-83.8758316,31.5002785,627321,"86P04954",7,145,183,"C2","Sandy loam",87764,78.8000031,2.9000001,18.2999992,2.0999999,"10R",5,4
125004,"Tifton","TIFTON","Fine-loamy, siliceous, thermic Plinthic Kandiudults","Ultisols","Udults","Kandiudults","Plinthic Kandiudults","fine-loamy",-83.6563872999999,31.5080547000001,635973,"88P02637",1,0,25,"Ap / C","Loamy sand",355226,86.4000015,10.8000002,2.8,2.0999999,"10YR",4,3
125004,"Tifton","TIFTON","Fine-loamy, siliceous, thermic Plinthic Kandiudults","Ultisols","Udults","Kandiudults","Plinthic Kandiudults","fine-loamy",-83.6563872999999,31.5080547000001,635974,"88P02638",2,25,46,"Btc","Sandy clay loam",355227,61,12.3999996,26.6000004,4.6999998,"10YR",5,8
125004,"Tifton","TIFTON","Fine-loamy, siliceous, thermic Plinthic Kandiudults","Ultisols","Udults","Kandiudults","Plinthic Kandiudults","fine-loamy",-83.6563872999999,31.5080547000001,635975,"88P02639",3,46,81,"Bt","Sandy clay loam",355228,57.2999992,13.6999998,29,4.0999999,"10YR",5,8
125004,"Tifton","TIFTON","Fine-loamy, siliceous, thermic Plinthic Kandiudults","Ultisols","Udults","Kandiudults","Plinthic Kandiudults","fine-loamy",-83.6563872999999,31.5080547000001,635976,"88P02640",4,81,91,"Btv1","Sandy clay loam",358329,63.7999992,11.3000002,24.8999996,3.8,"10YR",5,8
125004,"Tifton","TIFTON","Fine-loamy, siliceous, thermic Plinthic Kandiudults","Ultisols","Udults","Kandiudults","Plinthic Kandiudults","fine-loamy",-83.6563872999999,31.5080547000001,635977,"88P02641",5,91,130,"Btv21","Sandy clay loam",358330,64.1999969,10.6999998,25.1000004,3,"7.5YR",5,8
125004,"Tifton","TIFTON","Fine-loamy, siliceous, thermic Plinthic Kandiudults","Ultisols","Udults","Kandiudults","Plinthic Kandiudults","fine-loamy",-83.6563872999999,31.5080547000001,635978,"88P02643",7,183,230,"BC","Sandy clay loam",358332,63.5999985,9.8999996,26.5,4,"10YR",7,2
125005,"Tifton","TIFTON","Fine-loamy, siliceous, thermic Plinthic Kandiudults","Ultisols","Udults","Kandiudults","Plinthic Kandiudults","fine-loamy",-83.6563872999999,31.5080547000001,635979,"88P02644",1,0,30,"Ap / C","Sand",358333,87.5999985,10.3999996,2,1.8,"10YR",4,2
125005,"Tifton","TIFTON","Fine-loamy, siliceous, thermic Plinthic Kandiudults","Ultisols","Udults","Kandiudults","Plinthic Kandiudults","fine-loamy",-83.6563872999999,31.5080547000001,635980,"88P02645",2,30,46,"Btc","Sandy loam",358334,71.3000031,15.6000004,13.1000004,2.5999999,"10YR",5,8
125005,"Tifton","TIFTON","Fine-loamy, siliceous, thermic Plinthic Kandiudults","Ultisols","Udults","Kandiudults","Plinthic Kandiudults","fine-loamy",-83.6563872999999,31.5080547000001,635981,"88P02646",3,46,74,"Bt","Sandy clay loam",358335,65.6999969,11.6999998,22.6000004,3.3,"7.5YR",5,8
125007,"Bonifay","BONIFAY","Loamy, siliceous, subactive, thermic Grossarenic plinthic paleudults","Ultisols","Udults","Kandiudults","Grossarenic Plinthic Kandiudults","loamy",-83.5427779999999,31.4916668000001,635987,"88P02650",1,0,25,"Ap","Fine sand",358339,91.1999969,5.5,3.3,1.7,"10YR",4,2
125007,"Bonifay","BONIFAY","Loamy, siliceous, subactive, thermic Grossarenic plinthic paleudults","Ultisols","Udults","Kandiudults","Grossarenic Plinthic Kandiudults","loamy",-83.5427779999999,31.4916668000001,635988,"88P02651",2,25,51,"E1","Loamy fine sand",358340,87.0999985,8.6999998,4.1999998,1.3,"10YR",5,4
125007,"Bonifay","BONIFAY","Loamy, siliceous, subactive, thermic Grossarenic plinthic paleudults","Ultisols","Udults","Kandiudults","Grossarenic Plinthic Kandiudults","loamy",-83.5427779999999,31.4916668000001,635989,"88P02652",3,51,89,"E2","Fine sand",358341,89.1999969,6.5,4.3000002,1.1,"10YR",6,6
125007,"Bonifay","BONIFAY","Loamy, siliceous, subactive, thermic Grossarenic plinthic paleudults","Ultisols","Udults","Kandiudults","Grossarenic Plinthic Kandiudults","loamy",-83.5427779999999,31.4916668000001,635990,"88P02653",4,89,102,"E3","Loamy fine sand",358342,84.5999985,6.1999998,9.1999998,1.7,"7.5YR",5,8
125007,"Bonifay","BONIFAY","Loamy, siliceous, subactive, thermic Grossarenic plinthic paleudults","Ultisols","Udults","Kandiudults","Grossarenic Plinthic Kandiudults","loamy",-83.5427779999999,31.4916668000001,635991,"88P02654",5,102,130,"Bt1","Sandy clay loam",358343,74.5999985,4.5999999,20.7999992,3.0999999,"7.5YR",5,8
125007,"Bonifay","BONIFAY","Loamy, siliceous, subactive, thermic Grossarenic plinthic paleudults","Ultisols","Udults","Kandiudults","Grossarenic Plinthic Kandiudults","loamy",-83.5427779999999,31.4916668000001,635992,"88P02655",6,130,173,"Btv1","Sandy clay loam",358344,63.4000015,7.0999999,29.5,5.1999998,"7.5YR",5,8
125007,"Bonifay","BONIFAY","Loamy, siliceous, subactive, thermic Grossarenic plinthic paleudults","Ultisols","Udults","Kandiudults","Grossarenic Plinthic Kandiudults","loamy",-83.5427779999999,31.4916668000001,635993,"88P02656",7,173,203,"Btv2","Sandy clay loam",358345,62.7999992,6.6999998,30.5,5.0999999,"7.5YR",7,2
125007,"Bonifay","BONIFAY","Loamy, siliceous, subactive, thermic Grossarenic plinthic paleudults","Ultisols","Udults","Kandiudults","Grossarenic Plinthic Kandiudults","loamy",-83.5427779999999,31.4916668000001,635994,"88P02657",8,203,283,"Bt2","Sandy clay loam",358346,67.5999985,4.9000001,27.5,4.3000002,"10YR",7,2
125008,"Bonifay","BONIFAY","Loamy, siliceous, subactive, thermic Grossarenic plinthic paleudults","Ultisols","Udults","Kandiudults","Grossarenic Plinthic Kandiudults","loamy",-83.5427779999999,31.4916668000001,635995,"88P02660",1,0,36,"Ap","Fine sand",358349,92.5,5.3000002,2.2,1.8,"10YR",4,2
125008,"Bonifay","BONIFAY","Loamy, siliceous, subactive, thermic Grossarenic plinthic paleudults","Ultisols","Udults","Kandiudults","Grossarenic Plinthic Kandiudults","loamy",-83.5427779999999,31.4916668000001,635996,"88P02661",2,36,71,"E1","Sand",358350,89,8.3999996,2.5999999,1,"10YR",6,6
125008,"Bonifay","BONIFAY","Loamy, siliceous, subactive, thermic Grossarenic plinthic paleudults","Ultisols","Udults","Kandiudults","Grossarenic Plinthic Kandiudults","loamy",-83.5427779999999,31.4916668000001,635997,"88P02662",3,71,122,"E2","Sand",358351,91.1999969,6.3000002,2.5,0.7,"10YR",6,4
125008,"Bonifay","BONIFAY","Loamy, siliceous, subactive, thermic Grossarenic plinthic paleudults","Ultisols","Udults","Kandiudults","Grossarenic Plinthic Kandiudults","loamy",-83.5427779999999,31.4916668000001,635998,"88P02663",4,122,140,"Bt1","Fine sandy loam",358352,80.5,5.8000002,13.6999998,2.2,"7.5YR",5,8
125008,"Bonifay","BONIFAY","Loamy, siliceous, subactive, thermic Grossarenic plinthic paleudults","Ultisols","Udults","Kandiudults","Grossarenic Plinthic Kandiudults","loamy",-83.5427779999999,31.4916668000001,635999,"88P02664",5,140,176,"Btv","Sandy clay loam",358353,73.5,4.6999998,21.7999992,4.4000001,"7.5YR",5,8
125008,"Bonifay","BONIFAY","Loamy, siliceous, subactive, thermic Grossarenic plinthic paleudults","Ultisols","Udults","Kandiudults","Grossarenic Plinthic Kandiudults","loamy",-83.5427779999999,31.4916668000001,636000,"88P02665",6,176,274,"Bt2","Sandy clay loam",358354,75.9000015,1.5,22.6000004,4.1999998,"10YR",6,6
890622,"Tifton","TIFTON","Fine-loamy, kaolinitic, thermic Plinthic Kandiudults","Ultisols","Udults","Kandiudults","Plinthic Kandiudults","fine-loamy",-83.6563872999999,31.5080547000001,4411138,"88P02647",1,0,29,"1Apc","Loamy sand",358336,84.4000015,14,1.6,2.5,"10YR",4,3
890622,"Tifton","TIFTON","Fine-loamy, kaolinitic, thermic Plinthic Kandiudults","Ultisols","Udults","Kandiudults","Plinthic Kandiudults","fine-loamy",-83.6563872999999,31.5080547000001,4411139,"88P02648",2,29,48,"1Btc","Sandy clay loam",358337,66.1999969,10.1999998,23.6000004,3.9000001,"10YR",5,8
890622,"Tifton","TIFTON","Fine-loamy, kaolinitic, thermic Plinthic Kandiudults","Ultisols","Udults","Kandiudults","Plinthic Kandiudults","fine-loamy",-83.6563872999999,31.5080547000001,4411140,"88P02649",3,48,74,"1Bt","Sandy clay loam",358338,61.5,8,30.5,4,"7.5YR",5,8
125081,"Emporia","EMPORIA","Fine-loamy, mixed, thermic Typic Hapludults","Ultisols","Udults","Hapludults","Typic Hapludults","fine-loamy",-77.3233337,38.081665,636530,"88P03460",1,0,20,"Ap","Fine sandy loam",384348,71.4000015,22.5,6.0999999,NA,"10YR",4,3
125081,"Emporia","EMPORIA","Fine-loamy, mixed, thermic Typic Hapludults","Ultisols","Udults","Hapludults","Typic Hapludults","fine-loamy",-77.3233337,38.081665,636533,"88P03461",2,76,114,"Bt2","Sandy clay loam",384349,60.2999992,10.1999998,29.5,NA,"7.5YR",5,8
125739,"Emporia","EMPORIA","Fine-loamy, siliceous, subactive, thermic Typic Paleudults","Ultisols","Udults","Paleudults","Typic Paleudults","fine-loamy",-77.7430573,36.2097206,640889,"89P02927",1,0,20,"Ap","Fine sandy loam",170959,58.7999992,33.5,7.6999998,4.0999999,"10YR",5,3
125739,"Emporia","EMPORIA","Fine-loamy, siliceous, subactive, thermic Typic Paleudults","Ultisols","Udults","Paleudults","Typic Paleudults","fine-loamy",-77.7430573,36.2097206,640890,"89P02928",2,20,30,"BE","Loam",170960,45.4000015,29.3999996,25.2000008,5,"10YR",5,6
125739,"Emporia","EMPORIA","Fine-loamy, siliceous, subactive, thermic Typic Paleudults","Ultisols","Udults","Paleudults","Typic Paleudults","fine-loamy",-77.7430573,36.2097206,640891,"89P02929",3,30,75,"Bt1","Clay loam",170961,40.9000015,27.2999992,31.7999992,6.1999998,"10YR",5,6
125739,"Emporia","EMPORIA","Fine-loamy, siliceous, subactive, thermic Typic Paleudults","Ultisols","Udults","Paleudults","Typic Paleudults","fine-loamy",-77.7430573,36.2097206,640892,"89P02930",4,75,105,"Bt2","Clay loam",170962,43,25.2999992,31.7000008,6.1999998,"10YR",5,6
125739,"Emporia","EMPORIA","Fine-loamy, siliceous, subactive, thermic Typic Paleudults","Ultisols","Udults","Paleudults","Typic Paleudults","fine-loamy",-77.7430573,36.2097206,640893,"89P02931",5,105,135,"Bt3","Clay loam",170963,42.2999992,26.5,31.2000008,6.5,"7.5YR",5,6
125739,"Emporia","EMPORIA","Fine-loamy, siliceous, subactive, thermic Typic Paleudults","Ultisols","Udults","Paleudults","Typic Paleudults","fine-loamy",-77.7430573,36.2097206,640894,"89P02932",6,135,155,"C","Sandy clay loam",170964,48.2999992,25.7999992,25.8999996,5.9000001,"7.5YR",5,6
125740,"Emporia","EMPORIA","Fine-loamy, siliceous, subactive, thermic Typic Paleudults","Ultisols","Udults","Paleudults","Typic Paleudults","fine-loamy",-77.6930541999999,36.3069458000001,640895,"89P02933",1,0,28,"Ap","Loamy sand",170965,79,20.6000004,0.4,1.2,"10YR",5,3
125740,"Emporia","EMPORIA","Fine-loamy, siliceous, subactive, thermic Typic Paleudults","Ultisols","Udults","Paleudults","Typic Paleudults","fine-loamy",-77.6930541999999,36.3069458000001,640896,"89P02934",2,28,43,"EB","Fine sandy loam",170966,68.5,27.8999996,3.5999999,1.9,"10YR",5,6
125740,"Emporia","EMPORIA","Fine-loamy, siliceous, subactive, thermic Typic Paleudults","Ultisols","Udults","Paleudults","Typic Paleudults","fine-loamy",-77.6930541999999,36.3069458000001,640897,"89P02935",3,43,108,"Bt1","Fine sandy loam",170967,59.2999992,22.2000008,18.5,4.0999999,"10YR",5,6
125740,"Emporia","EMPORIA","Fine-loamy, siliceous, subactive, thermic Typic Paleudults","Ultisols","Udults","Paleudults","Typic Paleudults","fine-loamy",-77.6930541999999,36.3069458000001,640898,"89P02936",4,108,145,"Bt2","Clay loam",170968,41.2999992,25.7000008,33,8.6999998,"10YR",5,6
125740,"Emporia","EMPORIA","Fine-loamy, siliceous, subactive, thermic Typic Paleudults","Ultisols","Udults","Paleudults","Typic Paleudults","fine-loamy",-77.6930541999999,36.3069458000001,640899,"89P02937",5,145,168,"C","Clay loam",170969,35.7000008,29.5,34.7999992,10.3000002,"10R",4,6
125741,"Noboco","NOBOCO","Fine-loamy, siliceous, subactive, thermic Typic Paleudults","Ultisols","Udults","Paleudults","Typic Paleudults","fine-loamy",-77.4472198,36.0736122000001,640900,"89P02938",1,0,28,"Ap","Fine sandy loam",170970,69.6999969,27.8999996,2.4000001,1.6,"10YR",5,4
125741,"Noboco","NOBOCO","Fine-loamy, siliceous, subactive, thermic Typic Paleudults","Ultisols","Udults","Paleudults","Typic Paleudults","fine-loamy",-77.4472198,36.0736122000001,640901,"89P02939",2,28,45,"EB","Fine sandy loam",170971,57.4000015,36.5999985,6,2.7,"10YR",7,4
125741,"Noboco","NOBOCO","Fine-loamy, siliceous, subactive, thermic Typic Paleudults","Ultisols","Udults","Paleudults","Typic Paleudults","fine-loamy",-77.4472198,36.0736122000001,640902,"89P02940",3,45,75,"Bt1","Fine sandy loam",170972,53.9000015,27.6000004,18.5,4.3000002,"10YR",5,8
125741,"Noboco","NOBOCO","Fine-loamy, siliceous, subactive, thermic Typic Paleudults","Ultisols","Udults","Paleudults","Typic Paleudults","fine-loamy",-77.4472198,36.0736122000001,640903,"89P02941",4,75,105,"Bt2","Loam",170973,50.0999985,28.6000004,21.2999992,6.5,"10YR",5,8
125741,"Noboco","NOBOCO","Fine-loamy, siliceous, subactive, thermic Typic Paleudults","Ultisols","Udults","Paleudults","Typic Paleudults","fine-loamy",-77.4472198,36.0736122000001,640904,"89P02942",5,105,135,"Bt3","Sandy clay loam",170974,50.7000008,15,34.2999992,10,"10YR",5,8
125741,"Noboco","NOBOCO","Fine-loamy, siliceous, subactive, thermic Typic Paleudults","Ultisols","Udults","Paleudults","Typic Paleudults","fine-loamy",-77.4472198,36.0736122000001,640905,"89P02943",6,135,160,"Bt4","Sandy clay loam",170975,55.7999992,11.8999996,32.2999992,8.1999998,"10YR",5,8
125308,"Eustis","EUSTIS","Siliceous, thermic Psammentic Paleudult","Ultisols","Udults","Paleudults","Psammentic Paleudults","sandy",-84.4038925,31.9947224000001,637972,"88P05086",1,0,12,"Ap","Coarse sand",60381,88.6999969,5.8000002,5.5,2.4000001,"5YR",3,4
125308,"Eustis","EUSTIS","Siliceous, thermic Psammentic Paleudult","Ultisols","Udults","Paleudults","Psammentic Paleudults","sandy",-84.4038925,31.9947224000001,637973,"88P05087",2,12,34,"A / B","Loamy sand",60382,86.4000015,6.4000001,7.1999998,2.4000001,"5YR",3,4
125308,"Eustis","EUSTIS","Siliceous, thermic Psammentic Paleudult","Ultisols","Udults","Paleudults","Psammentic Paleudults","sandy",-84.4038925,31.9947224000001,637974,"88P05088",3,34,72,"Bw","Sandy loam",60383,81.1999969,6.1999998,12.6000004,2.5,"2.5YR",4,8
125308,"Eustis","EUSTIS","Siliceous, thermic Psammentic Paleudult","Ultisols","Udults","Paleudults","Psammentic Paleudults","sandy",-84.4038925,31.9947224000001,637975,"88P05089",4,72,92,"Bt1","Coarse sandy loam",60384,78.3000031,6.5999999,15.1000004,2.5,"2.5YR",4,6
125308,"Eustis","EUSTIS","Siliceous, thermic Psammentic Paleudult","Ultisols","Udults","Paleudults","Psammentic Paleudults","sandy",-84.4038925,31.9947224000001,637976,"88P05090",5,92,128,"Bt2","Sandy clay loam",60385,70.3000031,6.6999998,23,3.2,"2.5YR",4,6
125308,"Eustis","EUSTIS","Siliceous, thermic Psammentic Paleudult","Ultisols","Udults","Paleudults","Psammentic Paleudults","sandy",-84.4038925,31.9947224000001,637977,"88P05091",6,128,166,"Bt3","Sandy clay loam",60386,71,3.5999999,25.3999996,2.8,"2.5YR",4,6
125308,"Eustis","EUSTIS","Siliceous, thermic Psammentic Paleudult","Ultisols","Udults","Paleudults","Psammentic Paleudults","sandy",-84.4038925,31.9947224000001,637978,"88P05092",7,166,210,"Bt4","Sandy loam",60387,77.4000015,3.5,19.1000004,2.0999999,"2.5YR",4,6
125308,"Eustis","EUSTIS","Siliceous, thermic Psammentic Paleudult","Ultisols","Udults","Paleudults","Psammentic Paleudults","sandy",-84.4038925,31.9947224000001,637979,"88P05093",8,210,244,"Bt5","Sandy clay loam",60388,72.1999969,3.0999999,24.7000008,2.2,NA,NA,NA
125308,"Eustis","EUSTIS","Siliceous, thermic Psammentic Paleudult","Ultisols","Udults","Paleudults","Psammentic Paleudults","sandy",-84.4038925,31.9947224000001,637980,"88P05094",9,244,266,"Bt6","Sandy clay loam",60389,77.5999985,1.9,20.5,1.9,NA,NA,NA
125308,"Eustis","EUSTIS","Siliceous, thermic Psammentic Paleudult","Ultisols","Udults","Paleudults","Psammentic Paleudults","sandy",-84.4038925,31.9947224000001,637981,"88P05095",10,266,296,"Bt7","Loamy coarse sand",60390,84.5,2,13.5,1.4,NA,NA,NA
125308,"Eustis","EUSTIS","Siliceous, thermic Psammentic Paleudult","Ultisols","Udults","Paleudults","Psammentic Paleudults","sandy",-84.4038925,31.9947224000001,637982,"88P05096",11,296,320,"Bt8","Loamy coarse sand",60391,88.5,1.6,9.8999996,1.3,"2.5YR",4,6
125309,"Troup","TROUP","Grossarenic Kandiudults, loamy, kaolinitic, thermic","Ultisols","Udults","Paleudults","Grossarenic Paleudults","loamy",-84.4069443,31.9902782,637983,"88P05105",1,0,14,"Ap1","Coarse sand",63800,91.4000015,4.5,4.0999999,2.3,"5YR",3,4
125309,"Troup","TROUP","Grossarenic Kandiudults, loamy, kaolinitic, thermic","Ultisols","Udults","Paleudults","Grossarenic Paleudults","loamy",-84.4069443,31.9902782,637984,"88P05106",2,14,26,"Ap2","Coarse sand",63801,90.5999985,4.8000002,4.5999999,1.9,"5YR",3,4
125309,"Troup","TROUP","Grossarenic Kandiudults, loamy, kaolinitic, thermic","Ultisols","Udults","Paleudults","Grossarenic Paleudults","loamy",-84.4069443,31.9902782,637985,"88P05107",3,26,68,"Bw1","Coarse sand",63802,90.1999969,5.1999998,4.5999999,1.7,"5YR",4,8
125309,"Troup","TROUP","Grossarenic Kandiudults, loamy, kaolinitic, thermic","Ultisols","Udults","Paleudults","Grossarenic Paleudults","loamy",-84.4069443,31.9902782,637986,"88P05108",4,68,104,"Bw2","Coarse sand",63803,89.9000015,5,5.0999999,1.5,"5YR",4,6
125309,"Troup","TROUP","Grossarenic Kandiudults, loamy, kaolinitic, thermic","Ultisols","Udults","Paleudults","Grossarenic Paleudults","loamy",-84.4069443,31.9902782,637987,"88P05109",5,104,150,"Bt1","Coarse sand",63804,90.9000015,3.4000001,5.6999998,1.5,"2.5YR",4,6
125309,"Troup","TROUP","Grossarenic Kandiudults, loamy, kaolinitic, thermic","Ultisols","Udults","Paleudults","Grossarenic Paleudults","loamy",-84.4069443,31.9902782,637988,"88P05110",6,150,182,"Bt1","Loamy coarse sand",63805,86.8000031,2.3,10.8999996,1.3,"2.5YR",4,6
125309,"Troup","TROUP","Grossarenic Kandiudults, loamy, kaolinitic, thermic","Ultisols","Udults","Paleudults","Grossarenic Paleudults","loamy",-84.4069443,31.9902782,637989,"88P05111",7,182,218,"Bt3","Loamy coarse sand",63806,87.6999969,2.2,10.1000004,1,"2.5YR",4,6
125309,"Troup","TROUP","Grossarenic Kandiudults, loamy, kaolinitic, thermic","Ultisols","Udults","Paleudults","Grossarenic Paleudults","loamy",-84.4069443,31.9902782,637990,"88P05112",8,218,308,"Bt4","Coarse sand",63807,89.9000015,1.6,8.5,0.7,NA,NA,NA
100593,"Foxworth","FOXWORTH","Siliceous, thermic Typic Quartzipsamments","Entisols","Psamments","Quartzipsamments","Typic Quartzipsamments","sandy",-84.4205550999999,30.3091660000001,478285,"92P01336",1,0,15,"A","Fine sand",18415,94.8000031,4.9000001,0.3,1.5,"10YR",3,3
100593,"Foxworth","FOXWORTH","Siliceous, thermic Typic Quartzipsamments","Entisols","Psamments","Quartzipsamments","Typic Quartzipsamments","sandy",-84.4205550999999,30.3091660000001,478286,"92P01337",2,15,41,"C1","Fine sand",18416,94.8000031,4.6999998,0.5,0.6,"10YR",6,4
100593,"Foxworth","FOXWORTH","Siliceous, thermic Typic Quartzipsamments","Entisols","Psamments","Quartzipsamments","Typic Quartzipsamments","sandy",-84.4205550999999,30.3091660000001,478287,"92P01338",3,41,112,"C2","Fine sand",18417,94.5,5.0999999,0.4,0.4,"10YR",6,4
100593,"Foxworth","FOXWORTH","Siliceous, thermic Typic Quartzipsamments","Entisols","Psamments","Quartzipsamments","Typic Quartzipsamments","sandy",-84.4205550999999,30.3091660000001,478288,"92P01339",4,112,132,"C3","Fine sand",18418,95.6999969,4.3000002,0,0.2,"10YR",8,2
100593,"Foxworth","FOXWORTH","Siliceous, thermic Typic Quartzipsamments","Entisols","Psamments","Quartzipsamments","Typic Quartzipsamments","sandy",-84.4205550999999,30.3091660000001,478289,"92P01340",5,132,157,"C4","Fine sand",18419,95.0999985,4.9000001,0,0.4,"10YR",7,4
100593,"Foxworth","FOXWORTH","Siliceous, thermic Typic Quartzipsamments","Entisols","Psamments","Quartzipsamments","Typic Quartzipsamments","sandy",-84.4205550999999,30.3091660000001,478290,"92P01341",6,157,203,"C5","Fine sand",18420,97.5999985,2.4000001,0,0.1,"10YR",8,1
100593,"Foxworth","FOXWORTH","Siliceous, thermic Typic Quartzipsamments","Entisols","Psamments","Quartzipsamments","Typic Quartzipsamments","sandy",-84.4205550999999,30.3091660000001,478291,"92P01342",7,203,8888,"Btb","Loamy fine sand",18421,84.3000031,6.9000001,8.8000002,1.8,"10YR",7,4
108947,"Persanti","PERSANTI","Fine, kaolinitic, thermic Aquic Paleudults","Ultisols","Udults","Paleudults","Aquic Paleudults","fine",-77.9202805,34.9680557,554177,"98P02282",2,36,58,"Bt2","Clay",52824,30.8999996,16.3999996,52.7000008,23.8999996,"10YR",5,6
108947,"Persanti","PERSANTI","Fine, kaolinitic, thermic Aquic Paleudults","Ultisols","Udults","Paleudults","Aquic Paleudults","fine",-77.9202805,34.9680557,554176,"98P02281",1,15,36,"Bt1","Clay",52823,31.5,17.8999996,50.5999985,22,"10YR",5,6
108952,"Duplin","DUPLIN","AQUIC PALEUDULTS, FINE, KAOLINITIC, THERMIC","Ultisols","Udults","Paleudults","Aquic Paleudults","fine",-77.9916686999999,35.0830574,554408,"98P02286",1,28,78,"Bt","Clay",52828,17.8999996,14.1999998,67.9000015,27.7999992,"5YR",5,6
109202,"Hosford","HOSFORD","Loamy, siliceous Typic Umbraquults","Ultisols","Aquults","Umbraquults","Typic Umbraquults","loamy",-84.9144439999999,30.4602776,553009,"98P02207",2,10,168,"A2","Coarse sand",49249,99,1,0,10,"10YR",3,2
109202,"Hosford","HOSFORD","Loamy, siliceous Typic Umbraquults","Ultisols","Aquults","Umbraquults","Typic Umbraquults","loamy",-84.9144439999999,30.4602776,553008,"98P02206",1,0,10,"A1","Coarse sand",49248,97.1999969,2.8,0,57.2000008,"10YR",2,1
109202,"Hosford","HOSFORD","Loamy, siliceous Typic Umbraquults","Ultisols","Aquults","Umbraquults","Typic Umbraquults","loamy",-84.9144439999999,30.4602776,553010,"98P02208",3,168,203,"Btg","Sand",49250,96.6999969,3.3,0,7,"10YR",3,2
109562,"Tifton","TIFTON","Fine-loamy, siliceous, subactive, thermic Plinthic Paleudults","Ultisols","Udults","Paleudults","Plinthic Paleudults","fine-loamy",-83.5905533,31.5061111000001,555405,"99P02112",1,0,64,"Ap","Sand",174366,88.0999985,9.1000004,2.8,1.6,"10YR",5,3
109562,"Tifton","TIFTON","Fine-loamy, siliceous, subactive, thermic Plinthic Paleudults","Ultisols","Udults","Paleudults","Plinthic Paleudults","fine-loamy",-83.5905533,31.5061111000001,555406,"99P02113",2,64,122,"Bt1","Fine sandy loam",174367,78.5,10,11.5,2.0999999,"10YR",6,8
109562,"Tifton","TIFTON","Fine-loamy, siliceous, subactive, thermic Plinthic Paleudults","Ultisols","Udults","Paleudults","Plinthic Paleudults","fine-loamy",-83.5905533,31.5061111000001,555407,"99P02114",3,122,226,"Btc","Sandy clay loam",174368,69.4000015,10,20.6000004,2.7,"10YR",6,8
109562,"Tifton","TIFTON","Fine-loamy, siliceous, subactive, thermic Plinthic Paleudults","Ultisols","Udults","Paleudults","Plinthic Paleudults","fine-loamy",-83.5905533,31.5061111000001,555408,"99P02115",4,226,259,"Bt2","Sandy clay loam",174369,64.0999985,8.1999998,27.7000008,3.4000001,"10YR",6,8
109562,"Tifton","TIFTON","Fine-loamy, siliceous, subactive, thermic Plinthic Paleudults","Ultisols","Udults","Paleudults","Plinthic Paleudults","fine-loamy",-83.5905533,31.5061111000001,555409,"99P02116",5,259,323,"BtV1","Sandy clay loam",174370,64.3000031,7.6999998,28,2.7,"10YR",6,8
109562,"Tifton","TIFTON","Fine-loamy, siliceous, subactive, thermic Plinthic Paleudults","Ultisols","Udults","Paleudults","Plinthic Paleudults","fine-loamy",-83.5905533,31.5061111000001,555410,"99P02117",6,323,386,"Btv2","Sandy clay loam",174371,66.0999985,8.3000002,25.6000004,2.5999999,"10YR",7,1
111367,"Bonneau","BONNEAU","Loamy, siliceous, subactive, thermic Arenic Paleudults","Ultisols","Udults","Paleudults","Arenic Paleudults","loamy",-81.7638092,32.6448898,538467,"00P02826",3,119,163,"Bt3","Fine sandy loam",59037,77.1999969,4.9000001,17.8999996,2.9000001,"10YR",5,6
111367,"Bonneau","BONNEAU","Loamy, siliceous, subactive, thermic Arenic Paleudults","Ultisols","Udults","Paleudults","Arenic Paleudults","loamy",-81.7638092,32.6448898,538466,"00P02825",2,86,119,"Bt2","Sandy loam",59036,73,7.0999999,19.8999996,3.8,"10YR",5,6
111367,"Bonneau","BONNEAU","Loamy, siliceous, subactive, thermic Arenic Paleudults","Ultisols","Udults","Paleudults","Arenic Paleudults","loamy",-81.7638092,32.6448898,538465,"00P02824",1,56,86,"Bt1","Sandy clay loam",59035,69.8000031,8,22.2000008,4.1999998,"10YR",5,6
111368,"Bonneau","BONNEAU","Loamy, siliceous, subactive, thermic Arenic Paleudults","Ultisols","Udults","Paleudults","Arenic Paleudults","loamy",-81.7618027,32.6445541000001,538473,"00P02827",1,160,188,"Btg1","Fine sandy loam",59038,74.9000015,8.8999996,16.2000008,3.9000001,"10YR",5,2
111368,"Bonneau","BONNEAU","Loamy, siliceous, subactive, thermic Arenic Paleudults","Ultisols","Udults","Paleudults","Arenic Paleudults","loamy",-81.7618027,32.6445541000001,538474,"00P02828",2,188,203,"Btg2","Fine sandy loam",59039,75.5,5.0999999,19.3999996,4.5999999,"10YR",5,2
111416,"Bonneau","BONNEAU","Loamy, siliceous, subactive, thermic Arenic Paleudults","Ultisols","Udults","Paleudults","Arenic Paleudults","loamy",-81.7683334,32.6448898,538450,"00P02817",3,168,203,"Bt3","Sandy clay loam",59028,55.7999992,10,34.2000008,15.6000004,"10YR",6,1
111416,"Bonneau","BONNEAU","Loamy, siliceous, subactive, thermic Arenic Paleudults","Ultisols","Udults","Paleudults","Arenic Paleudults","loamy",-81.7683334,32.6448898,538447,"00P02815",1,81,127,"Bt1","Sandy loam",59026,70.4000015,12.6000004,17,4.0999999,"10YR",5,6
111416,"Bonneau","BONNEAU","Loamy, siliceous, subactive, thermic Arenic Paleudults","Ultisols","Udults","Paleudults","Arenic Paleudults","loamy",-81.7683334,32.6448898,538448,"00P02816",2,127,168,"Bt2","Sandy loam",59027,72.1999969,11.6000004,16.2000008,3.4000001,"10YR",5,6
111417,"Norfolk","NORFOLK","Fine-loamy, siliceous, subactive, thermic Typic Paleudults","Ultisols","Udults","Kandiudults","Typic Kandiudults","fine-loamy",-81.7674713,32.6448059000001,538455,"00P02820",3,147,170,"Bt3","Sandy clay loam",59031,72.6999969,5.8000002,21.5,2.7,"10YR",5,6
111417,"Norfolk","NORFOLK","Fine-loamy, siliceous, subactive, thermic Typic Paleudults","Ultisols","Udults","Kandiudults","Typic Kandiudults","fine-loamy",-81.7674713,32.6448059000001,538453,"00P02818",1,30,89,"Bt1","Sandy clay loam",59029,62.7000008,7.3000002,30,4.4000001,"10YR",5,6
111417,"Norfolk","NORFOLK","Fine-loamy, siliceous, subactive, thermic Typic Paleudults","Ultisols","Udults","Kandiudults","Typic Kandiudults","fine-loamy",-81.7674713,32.6448059000001,538454,"00P02819",2,89,147,"Bt2","Sandy clay loam",59030,67.3000031,5.5,27.2000008,3.5999999,"10YR",5,6
145476,"Foxworth","FOXWORTH","Thermic, coated Typic Quartzipsamments","Entisols","Psamments","Quartzipsamments","Typic Quartzipsamments","sandy",-84.7222222,30.4911111000001,NA,NA,NA,NA,NA,NA,NA,NA,NA,NA,NA,NA,NA,NA,NA
962564,"Lakeland","LAKELAND","Thermic, coated Typic Quartzipsamment","Entisols","Psamments","Quartzipsamments","Typic Quartzipsamments","not used",-85.5508333,30.4791667000001,4829687,"06N02899",1,25,102,"C","Sand",213924,94.3000031,3,2.7,NA,NA,NA,NA
962565,"Lakeland","LAKELAND","Thermic, coated Typic Quartzipsamment","Entisols","Psamments","Quartzipsamments","Typic Quartzipsamments","not used",-85.5508333,30.4791667000001,4829688,"06N02900",2,25,102,"C","Sand",213925,92.9000015,4.0999999,3,NA,NA,NA,NA
962566,"Lakeland","LAKELAND","Thermic Typic Quartzipsamment","Entisols","Psamments","Quartzipsamments","Typic Quartzipsamments","not used",-85.5508333,30.4791667000001,4829689,"06N02901",3,25,102,"C","Sand",213926,94.4000015,3.0999999,2.5,NA,NA,NA,NA
962567,"Lakeland","LAKELAND","Thermic, coated Typic Quartzipsamment","Entisols","Psamments","Quartzipsamments","Typic Quartzipsamments","not used",-85.5508333,30.4791667000001,4829690,"06N02902",4,25,102,"C","Sand",213927,93,4.1999998,2.8,NA,NA,NA,NA
962568,"Lakeland","LAKELAND","Thermic, coated Typic Quartzipsamment","Entisols","Psamments","Quartzipsamments","Typic Quartzipsamments","not used",-85.7416666999999,30.6963889,4829691,"06N02903",5,25,102,"C","Sand",213928,92.5,4.4000001,3.0999999,NA,NA,NA,NA
962569,"Eustis","EUSTIS","Siliceous, thermic Psammentic Paleudult","Ultisols","Udults","Paleudults","Psammentic Paleudults","sandy",-85.4888888999999,30.5019444000001,4829692,"06N02904",6,25,102,"C","Coarse sand",216629,94,2.5999999,3.4000001,NA,NA,NA,NA
962570,"Eustis","EUSTIS","Siliceous, thermic Psammentic Paleudult","Ultisols","Udults","Paleudults","Psammentic Paleudults","sandy",-85.7013889,30.5375000000001,4829693,"06N02905",7,25,102,"C","Coarse sand",216630,91.8000031,4.3000002,3.9000001,NA,NA,NA,NA
962571,"Lakeland","LAKELAND","Siliceous, thermic Typic Quartzipsamment","Entisols","Psamments","Quartzipsamments","Typic Quartzipsamments","not used",-85.5508333,30.4791667000001,4829694,"06N02906",8,25,102,"C","Sand",216631,92.5,5.1999998,2.3,NA,NA,NA,NA
962572,"Lakeland","LAKELAND","Siliceous, thermic Typic Quartzipsamment","Entisols","Psamments","Quartzipsamments","Typic Quartzipsamments","not used",-85.8192222,30.7646667000001,4829695,"06N02907",9,25,102,"C","Sand",216632,93.0999985,5,1.9,NA,NA,NA,NA
962573,"Lakeland","LAKELAND","Siliceous, thermic Typic Quartzipsamment","Entisols","Psamments","Quartzipsamments","Typic Quartzipsamments","not used",-85.8270277999999,30.7636111,4829696,"06N02908",10,25,102,"C","Sand",216633,94,3.7,2.3,NA,NA,NA,NA
962574,"Lakeland","LAKELAND","Siliceous, thermic Typic Quartzipsamment","Entisols","Psamments","Quartzipsamments","Typic Quartzipsamments","not used",-85.8186611,30.7639722000001,4829697,"06N02909",11,25,102,"C","Sand",216634,92.8000031,5.1999998,2,NA,NA,NA,NA
962575,"Lakeland","LAKELAND","Thermic Typic Quartzipsamment","Entisols","Psamments","Quartzipsamments","Typic Quartzipsamments","not used",-85.5508333,30.4791667000001,4829698,"06N02910",12,25,102,"C","Sand",216635,93.6999969,3.5,2.8,NA,NA,NA,NA
184313,"Orangeburg","ORANGEBURG","Fine-loamy, kaolinitic, thermic Typic Kandiudults","Ultisols","Udults","Kandiudults","Typic Kandiudults","fine-loamy",-85.8844452,31.2838898000001,905313,"05N00762",8,165,203,"Btx","Sandy clay",43426,52.5,5,42.5,NA,"2.5YR",4,8
184313,"Orangeburg","ORANGEBURG","Fine-loamy, kaolinitic, thermic Typic Kandiudults","Ultisols","Udults","Kandiudults","Typic Kandiudults","fine-loamy",-85.8844452,31.2838898000001,905314,"05N00761",7,145,165,"Bt4","Sandy clay",43425,54.2999992,5.5,40.2000008,NA,"2.5YR",4,8
184313,"Orangeburg","ORANGEBURG","Fine-loamy, kaolinitic, thermic Typic Kandiudults","Ultisols","Udults","Kandiudults","Typic Kandiudults","fine-loamy",-85.8844452,31.2838898000001,905315,"05N00760",6,114,145,"Bt3","Sandy clay",43424,57.7000008,7,35.2999992,NA,"2.5YR",4,8
184313,"Orangeburg","ORANGEBURG","Fine-loamy, kaolinitic, thermic Typic Kandiudults","Ultisols","Udults","Kandiudults","Typic Kandiudults","fine-loamy",-85.8844452,31.2838898000001,905316,"05N00759",5,94,114,"Bt2","Sandy clay loam",43423,61.4000015,9.1999998,29.3999996,NA,"2.5YR",4,6
184313,"Orangeburg","ORANGEBURG","Fine-loamy, kaolinitic, thermic Typic Kandiudults","Ultisols","Udults","Kandiudults","Typic Kandiudults","fine-loamy",-85.8844452,31.2838898000001,905317,"05N00758",4,61,94,"Bt1","Sandy clay loam",43422,60.7000008,10.3999996,28.8999996,NA,"2.5YR",5,6
184313,"Orangeburg","ORANGEBURG","Fine-loamy, kaolinitic, thermic Typic Kandiudults","Ultisols","Udults","Kandiudults","Typic Kandiudults","fine-loamy",-85.8844452,31.2838898000001,905318,"05N00757",3,31,61,"BE","Fine sandy loam",43421,71.9000015,11.6000004,16.5,NA,"7.5YR",4,6
184313,"Orangeburg","ORANGEBURG","Fine-loamy, kaolinitic, thermic Typic Kandiudults","Ultisols","Udults","Kandiudults","Typic Kandiudults","fine-loamy",-85.8844452,31.2838898000001,905319,"05N00756",2,18,31,"Ap2","Fine sandy loam",43420,78.3000031,12.1000004,9.6000004,NA,"10YR",3,2
184313,"Orangeburg","ORANGEBURG","Fine-loamy, kaolinitic, thermic Typic Kandiudults","Ultisols","Udults","Kandiudults","Typic Kandiudults","fine-loamy",-85.8844452,31.2838898000001,905320,"05N00755",1,0,18,"Ap1","Loamy sand",43419,80,11.3999996,8.6000004,NA,"10YR",4,2
1266200,"Dothan","DOTHAN","Fine, kaolinitic, thermic Plinthic Kandiudults","Ultisols","Udults","Kandiudults","Plinthic Kandiudults","fine",-80.4825592,34.1112785,6362214,"06N03552",97,23,45,"E","Loamy sand",232012,80.4000015,15.3999996,4.1999998,NA,"10YR",7,3
1266200,"Dothan","DOTHAN","Fine, kaolinitic, thermic Plinthic Kandiudults","Ultisols","Udults","Kandiudults","Plinthic Kandiudults","fine",-80.4825592,34.1112785,6362215,"06N03564",109,118,132,"2Btvx2","Sandy clay",232024,50.2999992,13.5,36.2000008,NA,"7.5YR",5,6
1266200,"Dothan","DOTHAN","Fine, kaolinitic, thermic Plinthic Kandiudults","Ultisols","Udults","Kandiudults","Plinthic Kandiudults","fine",-80.4825592,34.1112785,6362216,"06N03567",112,132,152,"2Btvx3","Clay",232027,43.2999992,6.3000002,50.4000015,NA,"7.5YR",5,6
1266200,"Dothan","DOTHAN","Fine, kaolinitic, thermic Plinthic Kandiudults","Ultisols","Udults","Kandiudults","Plinthic Kandiudults","fine",-80.4825592,34.1112785,6362217,"06N03558",103,152,184,"2Btvx4","Sandy clay",232018,50.7999992,8.5,40.7000008,NA,"10YR",6,8
1266200,"Dothan","DOTHAN","Fine, kaolinitic, thermic Plinthic Kandiudults","Ultisols","Udults","Kandiudults","Plinthic Kandiudults","fine",-80.4825592,34.1112785,6362218,"06N03550",95,0,11,"Ap1","Loamy sand",232010,80.6999969,15.3999996,3.9000001,NA,"10YR",3,2
1266200,"Dothan","DOTHAN","Fine, kaolinitic, thermic Plinthic Kandiudults","Ultisols","Udults","Kandiudults","Plinthic Kandiudults","fine",-80.4825592,34.1112785,6362219,"06N03555",100,100,118,"Btvx1","Sandy clay",232015,47.7999992,11.6999998,40.5,NA,"10YR",6,6
1266200,"Dothan","DOTHAN","Fine, kaolinitic, thermic Plinthic Kandiudults","Ultisols","Udults","Kandiudults","Plinthic Kandiudults","fine",-80.4825592,34.1112785,6362220,"06N03551",96,11,23,"Ap2","Loamy sand",232011,84.6999969,11.5,3.8,NA,"10YR",3,3
1266200,"Dothan","DOTHAN","Fine, kaolinitic, thermic Plinthic Kandiudults","Ultisols","Udults","Kandiudults","Plinthic Kandiudults","fine",-80.4825592,34.1112785,6362221,"06N03559",104,184,205,"2Btvx5","Sandy clay",232019,55.5,7.5999999,36.9000015,NA,NA,NA,NA
1266200,"Dothan","DOTHAN","Fine, kaolinitic, thermic Plinthic Kandiudults","Ultisols","Udults","Kandiudults","Plinthic Kandiudults","fine",-80.4825592,34.1112785,6362222,"06N03553",98,45,76,"Bt1","Sandy clay",232013,52.2999992,11.1999998,36.5,NA,"10YR",5,8
1266200,"Dothan","DOTHAN","Fine, kaolinitic, thermic Plinthic Kandiudults","Ultisols","Udults","Kandiudults","Plinthic Kandiudults","fine",-80.4825592,34.1112785,6362223,"06N03561",106,76,100,"Bt2","Sandy clay",232021,48.7999992,11.3000002,39.9000015,NA,NA,NA,NA
1266200,"Dothan","DOTHAN","Fine, kaolinitic, thermic Plinthic Kandiudults","Ultisols","Udults","Kandiudults","Plinthic Kandiudults","fine",-80.4825592,34.1112785,6362215,"06N03556",101,118,132,"2Btvx2","Sandy clay",232016,47.5,12.3999996,40.0999985,NA,"7.5YR",5,6
1266200,"Dothan","DOTHAN","Fine, kaolinitic, thermic Plinthic Kandiudults","Ultisols","Udults","Kandiudults","Plinthic Kandiudults","fine",-80.4825592,34.1112785,6362215,"06N03565",110,118,132,"2Btvx2","Sandy clay",232025,45.0999985,9.6000004,45.2999992,NA,"7.5YR",5,6
1266200,"Dothan","DOTHAN","Fine, kaolinitic, thermic Plinthic Kandiudults","Ultisols","Udults","Kandiudults","Plinthic Kandiudults","fine",-80.4825592,34.1112785,6362216,"06N03566",111,132,152,"2Btvx3","Sandy clay",232026,50.9000015,11.6999998,37.4000015,NA,"7.5YR",5,6
1266200,"Dothan","DOTHAN","Fine, kaolinitic, thermic Plinthic Kandiudults","Ultisols","Udults","Kandiudults","Plinthic Kandiudults","fine",-80.4825592,34.1112785,6362216,"06N03557",102,132,152,"2Btvx3","Sandy clay",232017,49.7999992,11.3000002,38.9000015,NA,"7.5YR",5,6
1266200,"Dothan","DOTHAN","Fine, kaolinitic, thermic Plinthic Kandiudults","Ultisols","Udults","Kandiudults","Plinthic Kandiudults","fine",-80.4825592,34.1112785,6362219,"06N03563",108,100,118,"Btvx1","Clay",232023,43.9000015,8.8999996,47.2000008,NA,"10YR",6,6
1266200,"Dothan","DOTHAN","Fine, kaolinitic, thermic Plinthic Kandiudults","Ultisols","Udults","Kandiudults","Plinthic Kandiudults","fine",-80.4825592,34.1112785,6362219,"06N03562",107,100,118,"Btvx1","Sandy clay",232022,50.5,14.5,35,NA,"10YR",6,6
1266200,"Dothan","DOTHAN","Fine, kaolinitic, thermic Plinthic Kandiudults","Ultisols","Udults","Kandiudults","Plinthic Kandiudults","fine",-80.4825592,34.1112785,6362223,"06N03560",105,76,100,"Bt2","Sandy clay",232020,51.2999992,13.1000004,35.5999985,NA,NA,NA,NA
1266200,"Dothan","DOTHAN","Fine, kaolinitic, thermic Plinthic Kandiudults","Ultisols","Udults","Kandiudults","Plinthic Kandiudults","fine",-80.4825592,34.1112785,6362223,"06N03554",99,76,100,"Bt2","Sandy clay",232014,48.2999992,10.6000004,41.0999985,NA,NA,NA,NA
1266201,"Ailey","AILEY","Loamy, kaolinitic, thermic Arenic Kanhapludults","Ultisols","Udults","Kanhapludults","Arenic Kanhapludults","loamy",-80.496109,34.0927773000001,6362224,"06N03571",116,55,65,"Ex","Coarse sandy loam",234631,78.0999985,10.8000002,11.1000004,NA,"2.5Y",7,4
1266201,"Ailey","AILEY","Loamy, kaolinitic, thermic Arenic Kanhapludults","Ultisols","Udults","Kanhapludults","Arenic Kanhapludults","loamy",-80.496109,34.0927773000001,6362225,"06N03574",119,102,119,"Btx3","Sandy clay loam",234634,66.9000015,4.0999999,29,NA,"2.5YR",5,8
1266201,"Ailey","AILEY","Loamy, kaolinitic, thermic Arenic Kanhapludults","Ultisols","Udults","Kanhapludults","Arenic Kanhapludults","loamy",-80.496109,34.0927773000001,6362226,"06N03577",122,180,210,"C","Loamy coarse sand",234637,81.8000031,8,10.1999998,NA,"10YR",8,8
1266201,"Ailey","AILEY","Loamy, kaolinitic, thermic Arenic Kanhapludults","Ultisols","Udults","Kanhapludults","Arenic Kanhapludults","loamy",-80.496109,34.0927773000001,6362227,"06N03568",113,0,4,"Ap1","Coarse sand",232028,89.8000031,6,4.1999998,NA,"10YR",3,2
1266201,"Ailey","AILEY","Loamy, kaolinitic, thermic Arenic Kanhapludults","Ultisols","Udults","Kanhapludults","Arenic Kanhapludults","loamy",-80.496109,34.0927773000001,6362228,"06N03572",117,65,80,"Btx1","Sandy clay loam",234632,64.9000015,5.6999998,29.3999996,NA,"10YR",6,6
1266201,"Ailey","AILEY","Loamy, kaolinitic, thermic Arenic Kanhapludults","Ultisols","Udults","Kanhapludults","Arenic Kanhapludults","loamy",-80.496109,34.0927773000001,6362229,"06N03569",114,4,24,"Ap2","Coarse sand",234629,90.4000015,5.0999999,4.5,NA,"10YR",4,2
1266201,"Ailey","AILEY","Loamy, kaolinitic, thermic Arenic Kanhapludults","Ultisols","Udults","Kanhapludults","Arenic Kanhapludults","loamy",-80.496109,34.0927773000001,6362230,"06N03575",120,119,150,"BCtx1","Sandy clay loam",234635,72.8000031,6.3000002,20.8999996,NA,"7.5YR",5,8
1266201,"Ailey","AILEY","Loamy, kaolinitic, thermic Arenic Kanhapludults","Ultisols","Udults","Kanhapludults","Arenic Kanhapludults","loamy",-80.496109,34.0927773000001,6362231,"06N03570",115,24,55,"E","Coarse sand",234630,88.5999985,7.9000001,3.5,NA,"2.5Y",6,4
1266201,"Ailey","AILEY","Loamy, kaolinitic, thermic Arenic Kanhapludults","Ultisols","Udults","Kanhapludults","Arenic Kanhapludults","loamy",-80.496109,34.0927773000001,6362232,"06N03576",121,150,180,"BCt2","Sandy clay loam",234636,58.9000015,17.7999992,23.2999992,NA,"7.5YR",5,8
1266201,"Ailey","AILEY","Loamy, kaolinitic, thermic Arenic Kanhapludults","Ultisols","Udults","Kanhapludults","Arenic Kanhapludults","loamy",-80.496109,34.0927773000001,6362233,"06N03579",124,80,102,"Btx2","Sandy clay loam",234639,64.0999985,4.3000002,31.6000004,NA,"10YR",6,8
1266201,"Ailey","AILEY","Loamy, kaolinitic, thermic Arenic Kanhapludults","Ultisols","Udults","Kanhapludults","Arenic Kanhapludults","loamy",-80.496109,34.0927773000001,6362233,"06N03578",123,80,102,"Btx2","Sandy clay loam",234638,67.3000031,5.8000002,26.8999996,NA,"10YR",6,8
1266201,"Ailey","AILEY","Loamy, kaolinitic, thermic Arenic Kanhapludults","Ultisols","Udults","Kanhapludults","Arenic Kanhapludults","loamy",-80.496109,34.0927773000001,6362233,"06N03573",118,80,102,"Btx2","Sandy clay loam",234633,68.4000015,6.5,25.1000004,NA,"10YR",6,8
1266202,"Masada","MASADA","Fine, mixed, subactive, thermic Typic Hapludults","Ultisols","Udults","Hapludults","Typic Hapludults","fine",-80.5858307,34.0086098,6362234,"07N04553",11,46,61,"Bt2","Clay",243301,26.7000008,26.6000004,46.7000008,NA,"7.5YR",5,8
1266202,"Masada","MASADA","Fine, mixed, subactive, thermic Typic Hapludults","Ultisols","Udults","Hapludults","Typic Hapludults","fine",-80.5858307,34.0086098,6362235,"07N04552",10,28,46,"Bt1","Loam",243300,44.0999985,34.0999985,21.7999992,NA,"10YR",5,6
1266202,"Masada","MASADA","Fine, mixed, subactive, thermic Typic Hapludults","Ultisols","Udults","Hapludults","Typic Hapludults","fine",-80.5858307,34.0086098,6362236,"07N04556",14,109,183,"Bt5","Sandy clay loam",243304,63.9000015,6.1999998,29.8999996,NA,"7.5YR",5,8
1266202,"Masada","MASADA","Fine, mixed, subactive, thermic Typic Hapludults","Ultisols","Udults","Hapludults","Typic Hapludults","fine",-80.5858307,34.0086098,6362237,"07N04550",8,0,15,"Ap","Fine sandy loam",243298,56.7999992,37.4000015,5.8000002,NA,"10YR",5,4
1266202,"Masada","MASADA","Fine, mixed, subactive, thermic Typic Hapludults","Ultisols","Udults","Hapludults","Typic Hapludults","fine",-80.5858307,34.0086098,6362238,"07N04554",12,61,79,"Bt3","Clay",243302,31.7000008,20.3999996,47.9000015,NA,"7.5YR",5,8
1266202,"Masada","MASADA","Fine, mixed, subactive, thermic Typic Hapludults","Ultisols","Udults","Hapludults","Typic Hapludults","fine",-80.5858307,34.0086098,6362239,"07N04551",9,15,28,"E","Fine sandy loam",243299,57.7000008,35.4000015,6.9000001,NA,"10YR",6,4
1266202,"Masada","MASADA","Fine, mixed, subactive, thermic Typic Hapludults","Ultisols","Udults","Hapludults","Typic Hapludults","fine",-80.5858307,34.0086098,6362240,"07N04555",13,79,109,"Bt4","Sandy clay",243303,45.7999992,15.6999998,38.5,NA,"7.5YR",5,8
1266203,"Hornsville","HORNSVILLE","Fine-loamy, mixed, subactive, thermic Aeric Endoaquults","Ultisols","Udults","Endoaquults","Aeric Endoaquults","fine-loamy",-80.5827788999999,33.9888878,6362241,"07N04544",2,13,28,"Bt1","Loam",243292,45.2999992,37.2000008,17.5,NA,"2.5YR",6,4
1266203,"Hornsville","HORNSVILLE","Fine-loamy, mixed, subactive, thermic Aeric Endoaquults","Ultisols","Udults","Endoaquults","Aeric Endoaquults","fine-loamy",-80.5827788999999,33.9888878,6362242,"07N04546",4,51,94,"Bt3","Clay loam",243294,27.8999996,33,39.0999985,NA,"2.5Y",6,6
1266203,"Hornsville","HORNSVILLE","Fine-loamy, mixed, subactive, thermic Aeric Endoaquults","Ultisols","Udults","Endoaquults","Aeric Endoaquults","fine-loamy",-80.5827788999999,33.9888878,6362243,"07N04548",6,119,165,"BC2","Fine sandy loam",243296,62.7000008,20.2999992,17,NA,"10YR",7,6
1266203,"Hornsville","HORNSVILLE","Fine-loamy, mixed, subactive, thermic Aeric Endoaquults","Ultisols","Udults","Endoaquults","Aeric Endoaquults","fine-loamy",-80.5827788999999,33.9888878,6362244,"07N04543",1,0,13,"Ap","Loam",243291,47,38.2000008,14.8000002,NA,"2.5Y",5,4
1266203,"Hornsville","HORNSVILLE","Fine-loamy, mixed, subactive, thermic Aeric Endoaquults","Ultisols","Udults","Endoaquults","Aeric Endoaquults","fine-loamy",-80.5827788999999,33.9888878,6362245,"07N04547",5,94,119,"BC1","Sandy clay loam",243295,60.5,16.8999996,22.6000004,NA,"10YR",7,6
1266203,"Hornsville","HORNSVILLE","Fine-loamy, mixed, subactive, thermic Aeric Endoaquults","Ultisols","Udults","Endoaquults","Aeric Endoaquults","fine-loamy",-80.5827788999999,33.9888878,6362246,"07N04545",3,28,51,"Bt2","Clay loam",243293,27.1000004,34.4000015,38.5,NA,"10YR",6,8
1266203,"Hornsville","HORNSVILLE","Fine-loamy, mixed, subactive, thermic Aeric Endoaquults","Ultisols","Udults","Endoaquults","Aeric Endoaquults","fine-loamy",-80.5827788999999,33.9888878,6362247,"07N04549",7,165,183,"Cg","Clay",243297,28.6000004,30,41.4000015,NA,"10YR",6,1
1266204,"Hornsville","HORNSVILLE","Fine, kaolinitic, thermic Aquic Hapludults","Ultisols","Udults","Hapludults","Aquic Hapludults","fine",-80.577774,34.0033340000001,6362248,"07N04560",18,86,112,"Bt3","Clay",243308,26.3999996,31,42.5999985,NA,"10YR",6,6
1266204,"Hornsville","HORNSVILLE","Fine, kaolinitic, thermic Aquic Hapludults","Ultisols","Udults","Hapludults","Aquic Hapludults","fine",-80.577774,34.0033340000001,6362249,"07N04557",15,0,20,"Ap","Very fine sandy loam",243305,55.7000008,35.7999992,8.5,NA,"10YR",5,4
1266204,"Hornsville","HORNSVILLE","Fine, kaolinitic, thermic Aquic Hapludults","Ultisols","Udults","Hapludults","Aquic Hapludults","fine",-80.577774,34.0033340000001,6362250,"07N04563",21,145,175,"BCg","Sandy clay loam",243311,50.2000008,22.7000008,27.1000004,NA,"2.5Y",7,1
1266204,"Hornsville","HORNSVILLE","Fine, kaolinitic, thermic Aquic Hapludults","Ultisols","Udults","Hapludults","Aquic Hapludults","fine",-80.577774,34.0033340000001,6362251,"07N04564",22,175,183,"BC","Coarse sandy loam",243312,79.9000015,3,17.1000004,NA,"5YR",5,8
1266204,"Hornsville","HORNSVILLE","Fine, kaolinitic, thermic Aquic Hapludults","Ultisols","Udults","Hapludults","Aquic Hapludults","fine",-80.577774,34.0033340000001,6362252,"07N04558",16,20,56,"Bt1","Clay",243306,24.7999992,26.3999996,48.7999992,NA,"7.5YR",5,8
1266204,"Hornsville","HORNSVILLE","Fine, kaolinitic, thermic Aquic Hapludults","Ultisols","Udults","Hapludults","Aquic Hapludults","fine",-80.577774,34.0033340000001,6362253,"07N04561",19,112,135,"Bt4","Clay loam",243309,31.5,33.7000008,34.7999992,NA,"10YR",6,6
1266204,"Hornsville","HORNSVILLE","Fine, kaolinitic, thermic Aquic Hapludults","Ultisols","Udults","Hapludults","Aquic Hapludults","fine",-80.577774,34.0033340000001,6362254,"07N04559",17,56,86,"Bt2","Clay",243307,21.1000004,29.3999996,49.5,NA,"10YR",6,8
1266204,"Hornsville","HORNSVILLE","Fine, kaolinitic, thermic Aquic Hapludults","Ultisols","Udults","Hapludults","Aquic Hapludults","fine",-80.577774,34.0033340000001,6362255,"07N04562",20,135,145,"Bt5","Sandy clay loam",243310,46.7000008,24.1000004,29.2000008,NA,"10YR",6,6
1266205,"Hornsville","HORNSVILLE","Fine, kaolinitic, thermic Oxyaquic Kanhapludults","Ultisols","Udults","Kanhapludults","Oxyaquic Kanhapludults","fine",-80.5838851999999,34.0169449000001,6362256,"07N04571",29,142,183,"C","Loamy fine sand",243319,82.0999985,7.3000002,10.6000004,NA,"2.5Y",6,8
1266205,"Hornsville","HORNSVILLE","Fine, kaolinitic, thermic Oxyaquic Kanhapludults","Ultisols","Udults","Kanhapludults","Oxyaquic Kanhapludults","fine",-80.5838851999999,34.0169449000001,6362257,"07N04566",24,8,25,"E","Loam",243314,48.5999985,38.5,12.8999996,NA,"2.5Y",5,3
1266205,"Hornsville","HORNSVILLE","Fine, kaolinitic, thermic Oxyaquic Kanhapludults","Ultisols","Udults","Kanhapludults","Oxyaquic Kanhapludults","fine",-80.5838851999999,34.0169449000001,6362258,"07N04569",27,91,114,"Bt3","Clay",243317,31.2000008,20.2999992,48.5,NA,"10YR",6,4
1266205,"Hornsville","HORNSVILLE","Fine, kaolinitic, thermic Oxyaquic Kanhapludults","Ultisols","Udults","Kanhapludults","Oxyaquic Kanhapludults","fine",-80.5838851999999,34.0169449000001,6362259,"07N04570",28,114,142,"BC","Sandy clay loam",243318,57.2999992,13.3999996,29.2999992,NA,"2.5Y",6,4
1266205,"Hornsville","HORNSVILLE","Fine, kaolinitic, thermic Oxyaquic Kanhapludults","Ultisols","Udults","Kanhapludults","Oxyaquic Kanhapludults","fine",-80.5838851999999,34.0169449000001,6362260,"07N04567",25,25,53,"Bt1","Clay",243315,28.2999992,24,47.7000008,NA,"10YR",6,6
1266205,"Hornsville","HORNSVILLE","Fine, kaolinitic, thermic Oxyaquic Kanhapludults","Ultisols","Udults","Kanhapludults","Oxyaquic Kanhapludults","fine",-80.5838851999999,34.0169449000001,6362261,"07N04568",26,53,91,"Bt2","Clay",243316,23.3999996,19.8999996,56.7000008,NA,"10YR",6,6
1266205,"Hornsville","HORNSVILLE","Fine, kaolinitic, thermic Oxyaquic Kanhapludults","Ultisols","Udults","Kanhapludults","Oxyaquic Kanhapludults","fine",-80.5838851999999,34.0169449000001,6362262,"07N04565",23,0,8,"Ap","Loam",243313,51,39,10,NA,"10YR",5,3
1266206,"Masada","MASADA","Fine-loamy, mixed, semiactive, thermic Typic Kanhapludults","Ultisols","Udults","Kanhapludults","Typic Kanhapludults","fine-loamy",-80.5847244,34.0147209,6362263,"07N04572",30,0,23,"Ap","Sandy loam",243320,71.5,18,10.5,NA,"7.5YR",4,3
1266206,"Masada","MASADA","Fine-loamy, mixed, semiactive, thermic Typic Kanhapludults","Ultisols","Udults","Kanhapludults","Typic Kanhapludults","fine-loamy",-80.5847244,34.0147209,6362264,"07N04577",35,145,183,"Bt5","Sandy clay loam",243325,65.4000015,11.6000004,23,NA,"2.5YR",4,8
1266206,"Masada","MASADA","Fine-loamy, mixed, semiactive, thermic Typic Kanhapludults","Ultisols","Udults","Kanhapludults","Typic Kanhapludults","fine-loamy",-80.5847244,34.0147209,6362265,"07N04574",32,41,64,"Bt2","Sandy clay loam",243322,61.2999992,13.5,25.2000008,NA,"2.5YR",4,6
1266206,"Masada","MASADA","Fine-loamy, mixed, semiactive, thermic Typic Kanhapludults","Ultisols","Udults","Kanhapludults","Typic Kanhapludults","fine-loamy",-80.5847244,34.0147209,6362266,"07N04573",31,23,41,"Bt1","Sandy loam",243321,66.5,15.3000002,18.2000008,NA,"5YR",5,8
1266206,"Masada","MASADA","Fine-loamy, mixed, semiactive, thermic Typic Kanhapludults","Ultisols","Udults","Kanhapludults","Typic Kanhapludults","fine-loamy",-80.5847244,34.0147209,6362267,"07N04576",34,119,145,"Bt4","Sandy clay loam",243324,62.7999992,12,25.2000008,NA,"2.5YR",4,8
1266206,"Masada","MASADA","Fine-loamy, mixed, semiactive, thermic Typic Kanhapludults","Ultisols","Udults","Kanhapludults","Typic Kanhapludults","fine-loamy",-80.5847244,34.0147209,6362268,"07N04575",33,64,119,"Bt3","Sandy clay loam",243323,58.2000008,10.3000002,31.5,NA,"2.5YR",4,8
1266207,"Scapo","SCAPO","Fine, kaolinitic, acid, thermic Histic Humaquepts","Inceptisols","Aquepts","Humaquepts","Histic Humaquepts","fine",-80.5616684,33.9405556,NA,NA,NA,NA,NA,NA,NA,NA,NA,NA,NA,NA,NA,NA,NA
1266208,"Scapo","SCAPO","Fine, kaolinitic, acid, thermic Fluvaquentic Humaquepts","Inceptisols","Aquepts","Humaquepts","Fluvaquentic Humaquepts","fine",-80.2433319,33.9869461000001,NA,NA,NA,NA,NA,NA,NA,NA,NA,NA,NA,NA,NA,NA,NA
1266209,"Scapo","SCAPO","Fine-loamy, siliceous, subactive, acid, thermic Typic Fluvaquents","Entisols","Aquents","Fluvaquents","Typic Fluvaquents","fine-loamy",-80.2438888999999,33.9869461000001,NA,NA,NA,NA,NA,NA,NA,NA,NA,NA,NA,NA,NA,NA,NA
1266210,"Yemassee","YEMASSEE","Fine-loamy, siliceous, semiactive, thermic Aeric Kanhaplaquults","Ultisols","Aquults","Kanhaplaquults","Aeric Kanhaplaquults","fine-loamy",-80.234726,33.9552765,NA,NA,NA,NA,NA,NA,NA,NA,NA,NA,NA,NA,NA,NA,NA
1266211,"Persanti","PERSANTI","Fine, kaolinitic, thermic Aquic Paleudults","Ultisols","Udults","Paleudults","Aquic Paleudults","fine",-80.5891647,34.0455551000001,6362291,"07N04591",49,8,18,"BE","Loam",245839,39.7999992,46.2000008,14,NA,"2.5Y",6,6
1266211,"Persanti","PERSANTI","Fine, kaolinitic, thermic Aquic Paleudults","Ultisols","Udults","Paleudults","Aquic Paleudults","fine",-80.5891647,34.0455551000001,6362292,"07N04594",52,61,94,"Bt3","Clay",245842,12,28.1000004,59.9000015,NA,"10YR",6,6
1266211,"Persanti","PERSANTI","Fine, kaolinitic, thermic Aquic Paleudults","Ultisols","Udults","Paleudults","Aquic Paleudults","fine",-80.5891647,34.0455551000001,6362293,"07N04592",50,18,38,"Bt1","Clay",245840,22.1000004,36.2000008,41.7000008,NA,"10YR",6,6
1266211,"Persanti","PERSANTI","Fine, kaolinitic, thermic Aquic Paleudults","Ultisols","Udults","Paleudults","Aquic Paleudults","fine",-80.5891647,34.0455551000001,6362294,"07N04595",53,94,129,"Bt4","Clay",245843,14.8000002,34.2000008,51,NA,"10YR",6,8
1266211,"Persanti","PERSANTI","Fine, kaolinitic, thermic Aquic Paleudults","Ultisols","Udults","Paleudults","Aquic Paleudults","fine",-80.5891647,34.0455551000001,6362295,"07N04596",54,129,183,"Bt5","Clay",245844,6.1999998,39.9000015,53.9000015,NA,"10YR",6,6
1266211,"Persanti","PERSANTI","Fine, kaolinitic, thermic Aquic Paleudults","Ultisols","Udults","Paleudults","Aquic Paleudults","fine",-80.5891647,34.0455551000001,6362296,"07N04593",51,38,61,"Bt2","Clay",245841,16.1000004,29.2999992,54.5999985,NA,"10YR",6,6
1266211,"Persanti","PERSANTI","Fine, kaolinitic, thermic Aquic Paleudults","Ultisols","Udults","Paleudults","Aquic Paleudults","fine",-80.5891647,34.0455551000001,6362297,"07N04590",48,0,8,"Ap","Sandy loam",245838,49.4000015,44.9000015,5.6999998,NA,"2.5Y",5,3
1266212,"Masada","MASADA","Fine, siliceous, semiactive, thermic Typic Kanhapludults","Ultisols","Udults","Kanhapludults","Typic Kanhapludults","fine",-80.5933304,34.0480537,6362298,"07N04585",43,0,16,"Ap","Very fine sandy loam",245833,54.7999992,33.9000015,11.3000002,NA,"10YR",5,4
1266212,"Masada","MASADA","Fine, siliceous, semiactive, thermic Typic Kanhapludults","Ultisols","Udults","Kanhapludults","Typic Kanhapludults","fine",-80.5933304,34.0480537,6362299,"07N04589",47,132,183,"Bt4","Clay loam",245837,29.2999992,42.2999992,28.3999996,NA,"7.5YR",6,8
1266212,"Masada","MASADA","Fine, siliceous, semiactive, thermic Typic Kanhapludults","Ultisols","Udults","Kanhapludults","Typic Kanhapludults","fine",-80.5933304,34.0480537,6362300,"07N04587",45,33,99,"Bt2","Clay",245835,16.7999992,29.7000008,53.5,NA,"10YR",6,8
1266212,"Masada","MASADA","Fine, siliceous, semiactive, thermic Typic Kanhapludults","Ultisols","Udults","Kanhapludults","Typic Kanhapludults","fine",-80.5933304,34.0480537,6362301,"07N04588",46,99,132,"Bt3","Clay",245836,9,39.9000015,51.0999985,NA,"10YR",6,8
1266212,"Masada","MASADA","Fine, siliceous, semiactive, thermic Typic Kanhapludults","Ultisols","Udults","Kanhapludults","Typic Kanhapludults","fine",-80.5933304,34.0480537,6362302,"07N04586",44,16,33,"Bt1","Clay",245834,31.2999992,26.3999996,42.2999992,NA,"7.5YR",5,8
1266213,"Masada","MASADA","Fine, mixed, semiactive, thermic Typic Kandiudults","Ultisols","Udults","Kandiudults","Typic Kandiudults","fine",-80.5936126999999,34.0511093000001,6362303,"07N04578",36,0,18,"Ap","Fine sandy loam",243326,62.7000008,23.1000004,14.1999998,NA,"7.5YR",4,4
1266213,"Masada","MASADA","Fine, mixed, semiactive, thermic Typic Kandiudults","Ultisols","Udults","Kandiudults","Typic Kandiudults","fine",-80.5936126999999,34.0511093000001,6362304,"07N04580",38,38,79,"Bt2","Clay",243328,34.7000008,20.1000004,45.2000008,NA,"2.5YR",4,8
1266213,"Masada","MASADA","Fine, mixed, semiactive, thermic Typic Kandiudults","Ultisols","Udults","Kandiudults","Typic Kandiudults","fine",-80.5936126999999,34.0511093000001,6362305,"07N04582",40,107,130,"Bt4","Clay",245830,27.1000004,25.7999992,47.0999985,NA,"2.5YR",4,8
1266213,"Masada","MASADA","Fine, mixed, semiactive, thermic Typic Kandiudults","Ultisols","Udults","Kandiudults","Typic Kandiudults","fine",-80.5936126999999,34.0511093000001,6362306,"07N04583",41,130,157,"Bt5","Clay",245831,20.2000008,31.2999992,48.5,NA,"5YR",5,8
1266213,"Masada","MASADA","Fine, mixed, semiactive, thermic Typic Kandiudults","Ultisols","Udults","Kandiudults","Typic Kandiudults","fine",-80.5936126999999,34.0511093000001,6362307,"07N04579",37,18,38,"Bt1","Clay loam",243327,39.5,23.5,37,NA,"2.5YR",4,6
1266213,"Masada","MASADA","Fine, mixed, semiactive, thermic Typic Kandiudults","Ultisols","Udults","Kandiudults","Typic Kandiudults","fine",-80.5936126999999,34.0511093000001,6362308,"07N04584",42,157,183,"Bt6","Clay",245832,28.6000004,28.2000008,43.2000008,NA,"5YR",5,8
1266213,"Masada","MASADA","Fine, mixed, semiactive, thermic Typic Kandiudults","Ultisols","Udults","Kandiudults","Typic Kandiudults","fine",-80.5936126999999,34.0511093000001,6362309,"07N04581",39,79,107,"Bt3","Clay",245829,34.2999992,23.1000004,42.5999985,NA,"2.5YR",4,8
1266214,"Smithboro","SMITHBORO","Fine, kaolinitic, thermic Aeric Endoaquults","Ultisols","Aquults","Endoaquults","Aeric Endoaquults","fine",-80.5155563,33.6627769,6362310,"07N04625",83,145,170,"Btg2","Clay",245873,17.8999996,13.8999996,68.1999969,NA,"2.5Y",6,2
1266214,"Smithboro","SMITHBORO","Fine, kaolinitic, thermic Aeric Endoaquults","Ultisols","Aquults","Endoaquults","Aeric Endoaquults","fine",-80.5155563,33.6627769,6362311,"07N04619",77,3,10,"A","Loam",245867,30.6000004,46.9000015,22.5,NA,"10YR",5,4
1266214,"Smithboro","SMITHBORO","Fine, kaolinitic, thermic Aeric Endoaquults","Ultisols","Aquults","Endoaquults","Aeric Endoaquults","fine",-80.5155563,33.6627769,6362312,"07N04622",80,46,76,"Bt2","Clay",245870,10.1000004,25.3999996,64.5,NA,"2.5Y",6,6
1266214,"Smithboro","SMITHBORO","Fine, kaolinitic, thermic Aeric Endoaquults","Ultisols","Aquults","Endoaquults","Aeric Endoaquults","fine",-80.5155563,33.6627769,6362313,"07N04621",79,23,46,"Bt1","Clay",245869,12.1000004,32.2999992,55.5999985,NA,"2.5Y",6,6
1266214,"Smithboro","SMITHBORO","Fine, kaolinitic, thermic Aeric Endoaquults","Ultisols","Aquults","Endoaquults","Aeric Endoaquults","fine",-80.5155563,33.6627769,6362314,"07N04624",82,99,145,"Btg1","Clay",245872,8.3000002,22.5,69.1999969,NA,"2.5Y",6,1
1266214,"Smithboro","SMITHBORO","Fine, kaolinitic, thermic Aeric Endoaquults","Ultisols","Aquults","Endoaquults","Aeric Endoaquults","fine",-80.5155563,33.6627769,6362315,"07N04618",76,0,3,"Oe","",245866,NA,NA,NA,NA,"10YR",2,2
1266214,"Smithboro","SMITHBORO","Fine, kaolinitic, thermic Aeric Endoaquults","Ultisols","Aquults","Endoaquults","Aeric Endoaquults","fine",-80.5155563,33.6627769,6362316,"07N04626",84,170,183,"Btg3","Clay",245874,36.5,14.5,49,NA,"2.5Y",7,2
1266214,"Smithboro","SMITHBORO","Fine, kaolinitic, thermic Aeric Endoaquults","Ultisols","Aquults","Endoaquults","Aeric Endoaquults","fine",-80.5155563,33.6627769,6362317,"07N04620",78,10,23,"BE","Silt loam",245868,34.5,51.7000008,13.8000002,NA,"2.5Y",6,4
1266214,"Smithboro","SMITHBORO","Fine, kaolinitic, thermic Aeric Endoaquults","Ultisols","Aquults","Endoaquults","Aeric Endoaquults","fine",-80.5155563,33.6627769,6362318,"07N04623",81,76,99,"Bt3","Clay",245871,8.6000004,23.3999996,68,NA,"2.5Y",6,6
206097,"Fuquay","FUQUAY","Loamy, kaolinitic, thermic Arenic Plinthic Kandiudults","Ultisols","Udults","Kandiudults","Arenic Plinthic Kandiudults","loamy",-81.5719452,32.6811104000001,1000836,"06N04082",1,0,26,"Ap","Sand",245327,91,7,2,NA,"10YR",4,3
206097,"Fuquay","FUQUAY","Loamy, kaolinitic, thermic Arenic Plinthic Kandiudults","Ultisols","Udults","Kandiudults","Arenic Plinthic Kandiudults","loamy",-81.5719452,32.6811104000001,1000837,"06N04083",2,26,56,"E","Sand",245328,88.1999969,9,2.8,NA,"2.5Y",6,4
206097,"Fuquay","FUQUAY","Loamy, kaolinitic, thermic Arenic Plinthic Kandiudults","Ultisols","Udults","Kandiudults","Arenic Plinthic Kandiudults","loamy",-81.5719452,32.6811104000001,1000838,"06N04084",3,56,106,"Bt","Fine sandy loam",247629,80,7.5999999,12.3999996,NA,"10YR",5,6
206097,"Fuquay","FUQUAY","Loamy, kaolinitic, thermic Arenic Plinthic Kandiudults","Ultisols","Udults","Kandiudults","Arenic Plinthic Kandiudults","loamy",-81.5719452,32.6811104000001,1000839,"06N04085",4,106,132,"Btv1","Sandy loam",247630,78.3000031,5.9000001,15.8000002,NA,"10YR",5,6
206097,"Fuquay","FUQUAY","Loamy, kaolinitic, thermic Arenic Plinthic Kandiudults","Ultisols","Udults","Kandiudults","Arenic Plinthic Kandiudults","loamy",-81.5719452,32.6811104000001,1000840,"06N04086",5,132,154,"Btv2","Sandy clay loam",247631,72.5999985,5.9000001,21.5,NA,"10YR",5,6
206097,"Fuquay","FUQUAY","Loamy, kaolinitic, thermic Arenic Plinthic Kandiudults","Ultisols","Udults","Kandiudults","Arenic Plinthic Kandiudults","loamy",-81.5719452,32.6811104000001,1000841,"06N04087",6,154,196,"Btv3","Sandy clay loam",247632,65,7.9000001,27.1000004,NA,"10YR",6,4
206097,"Fuquay","FUQUAY","Loamy, kaolinitic, thermic Arenic Plinthic Kandiudults","Ultisols","Udults","Kandiudults","Arenic Plinthic Kandiudults","loamy",-81.5719452,32.6811104000001,1000842,"06N04088",7,196,265,"BCtv","Sandy clay loam",247633,69.5,9.5,21,NA,"10YR",7,2
206097,"Fuquay","FUQUAY","Loamy, kaolinitic, thermic Arenic Plinthic Kandiudults","Ultisols","Udults","Kandiudults","Arenic Plinthic Kandiudults","loamy",-81.5719452,32.6811104000001,1000843,"06N04090",9,317,363,"CBv","Sandy loam",247635,74.9000015,6.0999999,19,NA,"10YR",6,8
206097,"Fuquay","FUQUAY","Loamy, kaolinitic, thermic Arenic Plinthic Kandiudults","Ultisols","Udults","Kandiudults","Arenic Plinthic Kandiudults","loamy",-81.5719452,32.6811104000001,1000844,"06N04089",8,265,317,"BC","Sandy clay loam",247634,71.3000031,7.5,21.2000008,NA,"10YR",5,8
206097,"Fuquay","FUQUAY","Loamy, kaolinitic, thermic Arenic Plinthic Kandiudults","Ultisols","Udults","Kandiudults","Arenic Plinthic Kandiudults","loamy",-81.5719452,32.6811104000001,1000845,"06N04091",10,363,415,"C","Sandy loam",247636,78.0999985,5.9000001,16,NA,"10YR",5,8
206097,"Fuquay","FUQUAY","Loamy, kaolinitic, thermic Arenic Plinthic Kandiudults","Ultisols","Udults","Kandiudults","Arenic Plinthic Kandiudults","loamy",-81.5719452,32.6811104000001,1000846,"06N04105",25,363,415,"C","Sandy loam",247650,77.0999985,4.5,18.3999996,NA,NA,NA,NA
206097,"Fuquay","FUQUAY","Loamy, kaolinitic, thermic Arenic Plinthic Kandiudults","Ultisols","Udults","Kandiudults","Arenic Plinthic Kandiudults","loamy",-81.5719452,32.6811104000001,1000847,"06N04104",24,363,415,"C","Sandy loam",247649,77,5.0999999,17.8999996,NA,NA,NA,NA
206097,"Fuquay","FUQUAY","Loamy, kaolinitic, thermic Arenic Plinthic Kandiudults","Ultisols","Udults","Kandiudults","Arenic Plinthic Kandiudults","loamy",-81.5719452,32.6811104000001,1000848,"06N04103",23,317,363,"CB","Sandy loam",247648,75.1999969,6.5,18.2999992,NA,NA,NA,NA
206097,"Fuquay","FUQUAY","Loamy, kaolinitic, thermic Arenic Plinthic Kandiudults","Ultisols","Udults","Kandiudults","Arenic Plinthic Kandiudults","loamy",-81.5719452,32.6811104000001,1000849,"06N04102",22,317,363,"CB","Sandy loam",247647,74.5,7.1999998,18.2999992,NA,NA,NA,NA
206097,"Fuquay","FUQUAY","Loamy, kaolinitic, thermic Arenic Plinthic Kandiudults","Ultisols","Udults","Kandiudults","Arenic Plinthic Kandiudults","loamy",-81.5719452,32.6811104000001,1000850,"06N04101",21,265,317,"BC","Sandy clay loam",247646,72.5,5.8000002,21.7000008,NA,NA,NA,NA
206097,"Fuquay","FUQUAY","Loamy, kaolinitic, thermic Arenic Plinthic Kandiudults","Ultisols","Udults","Kandiudults","Arenic Plinthic Kandiudults","loamy",-81.5719452,32.6811104000001,1000851,"06N04100",20,265,317,"BC","Sandy loam",247645,74.5999985,6.6999998,18.7000008,NA,NA,NA,NA
206097,"Fuquay","FUQUAY","Loamy, kaolinitic, thermic Arenic Plinthic Kandiudults","Ultisols","Udults","Kandiudults","Arenic Plinthic Kandiudults","loamy",-81.5719452,32.6811104000001,1000852,"06N04099",19,196,265,"BCtv","Sandy clay loam",247644,67.9000015,7.3000002,24.7999992,NA,NA,NA,NA
206097,"Fuquay","FUQUAY","Loamy, kaolinitic, thermic Arenic Plinthic Kandiudults","Ultisols","Udults","Kandiudults","Arenic Plinthic Kandiudults","loamy",-81.5719452,32.6811104000001,1000853,"06N04098",18,186,265,"BCtv","Sandy clay loam",247643,70.6999969,8.5,20.7999992,NA,NA,NA,NA
206097,"Fuquay","FUQUAY","Loamy, kaolinitic, thermic Arenic Plinthic Kandiudults","Ultisols","Udults","Kandiudults","Arenic Plinthic Kandiudults","loamy",-81.5719452,32.6811104000001,1000854,"06N04097",17,154,196,"Btv3","Sandy clay loam",247642,68.0999985,5,26.8999996,NA,NA,NA,NA
206097,"Fuquay","FUQUAY","Loamy, kaolinitic, thermic Arenic Plinthic Kandiudults","Ultisols","Udults","Kandiudults","Arenic Plinthic Kandiudults","loamy",-81.5719452,32.6811104000001,1000855,"06N04096",16,154,186,"Btv3","Sandy clay loam",247641,67.4000015,10.6000004,22,NA,NA,NA,NA
206097,"Fuquay","FUQUAY","Loamy, kaolinitic, thermic Arenic Plinthic Kandiudults","Ultisols","Udults","Kandiudults","Arenic Plinthic Kandiudults","loamy",-81.5719452,32.6811104000001,1000856,"06N04095",15,132,154,"Btv2","Sandy loam",247640,75.3000031,5,19.7000008,NA,NA,NA,NA
206097,"Fuquay","FUQUAY","Loamy, kaolinitic, thermic Arenic Plinthic Kandiudults","Ultisols","Udults","Kandiudults","Arenic Plinthic Kandiudults","loamy",-81.5719452,32.6811104000001,1000857,"06N04094",14,132,154,"Btv2","Sandy clay loam",247639,70.1999969,9.3999996,20.3999996,NA,NA,NA,NA
206097,"Fuquay","FUQUAY","Loamy, kaolinitic, thermic Arenic Plinthic Kandiudults","Ultisols","Udults","Kandiudults","Arenic Plinthic Kandiudults","loamy",-81.5719452,32.6811104000001,1000858,"06N04093",13,56,106,"Bt","Fine sandy loam",247638,81.5999985,4.6999998,13.6999998,NA,NA,NA,NA
206097,"Fuquay","FUQUAY","Loamy, kaolinitic, thermic Arenic Plinthic Kandiudults","Ultisols","Udults","Kandiudults","Arenic Plinthic Kandiudults","loamy",-81.5719452,32.6811104000001,1000859,"06N04092",12,56,106,"Bt","Sandy loam",247637,73,10,17,NA,NA,NA,NA
337299,"Cowarts","COWARTS","Fine-loamy, kaolinitic, thermic Typic Kanhapludults","Ultisols","Udults","Kanhapludults","Typic Kanhapludults","fine-loamy",-81.6861115,32.6661110000001,1513877,"06N04796",27,50,75,"Btx","",103564,NA,NA,NA,NA,"7.5YR",5,6
337299,"Cowarts","COWARTS","Fine-loamy, kaolinitic, thermic Typic Kanhapludults","Ultisols","Udults","Kanhapludults","Typic Kanhapludults","fine-loamy",-81.6861115,32.6661110000001,1513879,"06N04799",30,150,200,"2Btx2","",103567,NA,NA,NA,NA,"2.5YR",4,6
337299,"Cowarts","COWARTS","Fine-loamy, kaolinitic, thermic Typic Kanhapludults","Ultisols","Udults","Kanhapludults","Typic Kanhapludults","fine-loamy",-81.6861115,32.6661110000001,1513881,"06N04798",29,75,150,"2Btx1","",103566,NA,NA,NA,NA,"5YR",5,6
337299,"Cowarts","COWARTS","Fine-loamy, kaolinitic, thermic Typic Kanhapludults","Ultisols","Udults","Kanhapludults","Typic Kanhapludults","fine-loamy",-81.6861115,32.6661110000001,1513881,"06N04797",28,75,150,"2Btx1","",103565,NA,NA,NA,NA,"5YR",5,6
890627,"Dothan","DOTHAN","Fine-loamy, kaolinitic, thermic Plinthic Kandiudults","Ultisols","Udults","Kandiudults","Plinthic Kandiudults","fine-loamy",-85.3251114,31.3547783000001,4411168,"08N00097",1,0,33,"Ap","Sandy loam",253829,75,14.8000002,10.1999998,NA,"10YR",4,3
890627,"Dothan","DOTHAN","Fine-loamy, kaolinitic, thermic Plinthic Kandiudults","Ultisols","Udults","Kandiudults","Plinthic Kandiudults","fine-loamy",-85.3251114,31.3547783000001,4411169,"08N00098",2,33,56,"Bt1","Sandy clay loam",253830,55.0999985,14.3999996,30.5,NA,"10YR",5,8
890627,"Dothan","DOTHAN","Fine-loamy, kaolinitic, thermic Plinthic Kandiudults","Ultisols","Udults","Kandiudults","Plinthic Kandiudults","fine-loamy",-85.3251114,31.3547783000001,4411170,"08N00099",3,56,91,"Bt2","Sandy clay loam",253831,56.4000015,14.3000002,29.2999992,NA,"10YR",5,8
890627,"Dothan","DOTHAN","Fine-loamy, kaolinitic, thermic Plinthic Kandiudults","Ultisols","Udults","Kandiudults","Plinthic Kandiudults","fine-loamy",-85.3251114,31.3547783000001,4411171,"08N00100",4,91,132,"Btv1","Sandy clay loam",253832,52.7999992,13.5,33.7000008,NA,"10YR",5,8
890627,"Dothan","DOTHAN","Fine-loamy, kaolinitic, thermic Plinthic Kandiudults","Ultisols","Udults","Kandiudults","Plinthic Kandiudults","fine-loamy",-85.3251114,31.3547783000001,4411172,"08N00101",5,132,203,"Btv2","Sandy clay loam",253833,53.5999985,12.1000004,34.2999992,NA,"",NA,NA
273448,"Dothan","DOTHAN","Fine-loamy, kaolinitic, thermic Plinthic Kandiudults","Ultisols","Udults","Kandiudults","Plinthic Kandiudults","fine-loamy",-80.2383346999999,34.2272224000001,NA,NA,NA,NA,NA,NA,NA,NA,NA,NA,NA,NA,NA,NA,NA
283573,"Lakeland","LAKELAND","Thermic, coated Typic Quartzipsamments","Entisols","Psamments","Quartzipsamments","Typic Quartzipsamments","not used",-85.7143555,30.5303555,1318531,"08N01301",11,0,18,"Ap","Sand",280394,94.8000031,4.3000002,0.9,NA,"10YR",4,3
283573,"Lakeland","LAKELAND","Thermic, coated Typic Quartzipsamments","Entisols","Psamments","Quartzipsamments","Typic Quartzipsamments","not used",-85.7143555,30.5303555,1318532,"08N01302",12,18,76,"C1","Sand",280395,94.4000015,3.7,1.9,NA,"2.5Y",6,4
283573,"Lakeland","LAKELAND","Thermic, coated Typic Quartzipsamments","Entisols","Psamments","Quartzipsamments","Typic Quartzipsamments","not used",-85.7143555,30.5303555,1318533,"08N01303",13,76,137,"C2","Sand",280396,94.9000015,3.5999999,1.5,NA,"2.5Y",6,6
283573,"Lakeland","LAKELAND","Thermic, coated Typic Quartzipsamments","Entisols","Psamments","Quartzipsamments","Typic Quartzipsamments","not used",-85.7143555,30.5303555,1318534,"08N01304",14,137,203,"C3","Sand",280397,97.6999969,1.7,0.6,NA,"10YR",6,6
1266215,"Alaga","ALAGA","Thermic, coated Typic Quartzipsamments","Entisols","Psamments","Quartzipsamments","Typic Quartzipsamments","sandy",-80.5180587999999,33.8261108,NA,NA,NA,NA,NA,NA,NA,NA,NA,NA,NA,NA,NA,NA,NA
1266217,"Shellbluff","SHELLBLUFF","Fine-loamy, mixed, active, thermic Oxyaquic Eutrudepts","Inceptisols","Udepts","Dystrudepts","Oxyaquic Eutrudepts","fine-loamy",-80.6086121,34.0227776,6362332,"08N02893",46,0,3,"Ap","Loam",314854,29.7999992,47.5999985,22.6000004,NA,"10YR",3,3
1266217,"Shellbluff","SHELLBLUFF","Fine-loamy, mixed, active, thermic Oxyaquic Eutrudepts","Inceptisols","Udepts","Dystrudepts","Oxyaquic Eutrudepts","fine-loamy",-80.6086121,34.0227776,6362333,"08N02896",49,74,117,"Bw3","Silt loam",314857,23.5,51.7999992,24.7000008,NA,"7.5YR",4,4
1266217,"Shellbluff","SHELLBLUFF","Fine-loamy, mixed, active, thermic Oxyaquic Eutrudepts","Inceptisols","Udepts","Dystrudepts","Oxyaquic Eutrudepts","fine-loamy",-80.6086121,34.0227776,6362334,"08N02898",51,150,183,"Bw5","Loam",314859,47.9000015,31.8999996,20.2000008,NA,"10YR",5,4
1266217,"Shellbluff","SHELLBLUFF","Fine-loamy, mixed, active, thermic Oxyaquic Eutrudepts","Inceptisols","Udepts","Dystrudepts","Oxyaquic Eutrudepts","fine-loamy",-80.6086121,34.0227776,6362335,"08N02897",50,117,150,"Bw4","Loam",314858,41.7999992,38.2000008,20,NA,"10YR",4,4
1266217,"Shellbluff","SHELLBLUFF","Fine-loamy, mixed, active, thermic Oxyaquic Eutrudepts","Inceptisols","Udepts","Dystrudepts","Oxyaquic Eutrudepts","fine-loamy",-80.6086121,34.0227776,6362336,"08N02894",47,3,28,"Bw1","Loam",314855,32.5999985,44.5,22.8999996,NA,"7.5YR",4,4
1266217,"Shellbluff","SHELLBLUFF","Fine-loamy, mixed, active, thermic Oxyaquic Eutrudepts","Inceptisols","Udepts","Dystrudepts","Oxyaquic Eutrudepts","fine-loamy",-80.6086121,34.0227776,6362337,"08N02895",48,28,74,"Bw2","Loam",314856,44.0999985,37.7999992,18.1000004,NA,"7.5YR",4,6
1266218,"Blanton","BLANTON","Loamy, siliceous, semiactive, thermic Grossarenic Paleudults","Ultisols","Udults","Paleudults","Grossarenic Paleudults","loamy",-80.1755524,33.8786125,6362338,"08N02748",4,109,123,"Bt1","Fine sandy loam",309909,72.0999985,17.1000004,10.8000002,NA,"10YR",5,6
1266218,"Blanton","BLANTON","Loamy, siliceous, semiactive, thermic Grossarenic Paleudults","Ultisols","Udults","Paleudults","Grossarenic Paleudults","loamy",-80.1755524,33.8786125,6362339,"08N02745",1,0,23,"Ap","Loamy sand",309906,85,13.1999998,1.8,NA,"10YR",4,3
1266218,"Blanton","BLANTON","Loamy, siliceous, semiactive, thermic Grossarenic Paleudults","Ultisols","Udults","Paleudults","Grossarenic Paleudults","loamy",-80.1755524,33.8786125,6362340,"08N02751",7,165,183,"Btg","Sandy clay loam",309912,71.1999969,3.9000001,24.8999996,NA,"10YR",6,1
1266218,"Blanton","BLANTON","Loamy, siliceous, semiactive, thermic Grossarenic Paleudults","Ultisols","Udults","Paleudults","Grossarenic Paleudults","loamy",-80.1755524,33.8786125,6362341,"08N02747",3,74,109,"E2","Loamy sand",309908,77.4000015,17.7000008,4.9000001,NA,"10YR",5,4
1266218,"Blanton","BLANTON","Loamy, siliceous, semiactive, thermic Grossarenic Paleudults","Ultisols","Udults","Paleudults","Grossarenic Paleudults","loamy",-80.1755524,33.8786125,6362342,"08N02750",6,140,165,"Bt3","Sandy clay loam",309911,65.5999985,10.3000002,24.1000004,NA,"10YR",5,6
1266218,"Blanton","BLANTON","Loamy, siliceous, semiactive, thermic Grossarenic Paleudults","Ultisols","Udults","Paleudults","Grossarenic Paleudults","loamy",-80.1755524,33.8786125,6362343,"08N02749",5,123,140,"Bt2","Fine sandy loam",309910,68.9000015,13,18.1000004,NA,"10YR",5,8
1266218,"Blanton","BLANTON","Loamy, siliceous, semiactive, thermic Grossarenic Paleudults","Ultisols","Udults","Paleudults","Grossarenic Paleudults","loamy",-80.1755524,33.8786125,6362344,"08N02746",2,23,74,"E1","Loamy sand",309907,78.0999985,16.6000004,5.3000002,NA,"10YR",6,4
1266233,"Shellbluff","SHELLBLUFF","Fine-loamy, mixed, active, thermic Fluventic Dystrudepts","Inceptisols","Udepts","Dystrudepts","Fluventic Dystrudepts","fine-loamy",-80.6063918999999,34.0291672000001,6362428,"08N02903",56,76,96,"2Bw3","Silty clay loam",314864,12.3000002,54.5999985,33.0999985,NA,"7.5YR",4,4
1266233,"Shellbluff","SHELLBLUFF","Fine-loamy, mixed, active, thermic Fluventic Dystrudepts","Inceptisols","Udepts","Dystrudepts","Fluventic Dystrudepts","fine-loamy",-80.6063918999999,34.0291672000001,6362429,"08N02906",59,132,165,"3Bw4","Loam",314867,35.4000015,41,23.6000004,NA,"7.5YR",4,4
1266233,"Shellbluff","SHELLBLUFF","Fine-loamy, mixed, active, thermic Fluventic Dystrudepts","Inceptisols","Udepts","Dystrudepts","Fluventic Dystrudepts","fine-loamy",-80.6063918999999,34.0291672000001,6362430,"08N02904",57,96,112,"2BC1","Loam",314865,27.7000008,46.9000015,25.3999996,NA,"10YR",4,4
1266233,"Shellbluff","SHELLBLUFF","Fine-loamy, mixed, active, thermic Fluventic Dystrudepts","Inceptisols","Udepts","Dystrudepts","Fluventic Dystrudepts","fine-loamy",-80.6063918999999,34.0291672000001,6362431,"08N02901",54,25,46,"Bw2","Silty clay loam",314862,11.8999996,55.5,32.5999985,NA,"7.5YR",5,4
1266233,"Shellbluff","SHELLBLUFF","Fine-loamy, mixed, active, thermic Fluventic Dystrudepts","Inceptisols","Udepts","Dystrudepts","Fluventic Dystrudepts","fine-loamy",-80.6063918999999,34.0291672000001,6362432,"08N02907",60,165,183,"3C","Fine sandy loam",314868,73.4000015,18.2999992,8.3000002,NA,"10YR",7,6
1266233,"Shellbluff","SHELLBLUFF","Fine-loamy, mixed, active, thermic Fluventic Dystrudepts","Inceptisols","Udepts","Dystrudepts","Fluventic Dystrudepts","fine-loamy",-80.6063918999999,34.0291672000001,6362433,"08N02905",58,112,132,"2BC2","Fine sandy loam",314866,58.4000015,27.1000004,14.5,NA,"10YR",5,4
1266233,"Shellbluff","SHELLBLUFF","Fine-loamy, mixed, active, thermic Fluventic Dystrudepts","Inceptisols","Udepts","Dystrudepts","Fluventic Dystrudepts","fine-loamy",-80.6063918999999,34.0291672000001,6362434,"08N02900",53,5,25,"Bw1","Clay loam",314861,27.5,44.4000015,28.1000004,NA,"7.5YR",4,4
1266233,"Shellbluff","SHELLBLUFF","Fine-loamy, mixed, active, thermic Fluventic Dystrudepts","Inceptisols","Udepts","Dystrudepts","Fluventic Dystrudepts","fine-loamy",-80.6063918999999,34.0291672000001,6362435,"08N02902",55,46,76,"C","Fine sandy loam",314863,72.5999985,18.3999996,9,NA,"10YR",5,4
1266233,"Shellbluff","SHELLBLUFF","Fine-loamy, mixed, active, thermic Fluventic Dystrudepts","Inceptisols","Udepts","Dystrudepts","Fluventic Dystrudepts","fine-loamy",-80.6063918999999,34.0291672000001,6362436,"08N02899",52,0,5,"Ap","Loam",314860,34.4000015,41.7999992,23.7999992,NA,"10YR",3,2
1266234,"Tawcaw","TAWCAW","Fine-silty, mixed, active, thermic Fluvaquentic Dystrudepts","Inceptisols","Udepts","Dystrudepts","Fluvaquentic Dystrudepts","fine-silty",-80.6008300999999,34.0180550000001,6362437,"08N02892",45,114,183,"Bw5","Silty clay loam",314853,15.6000004,53.0999985,31.2999992,NA,"10YR",6,4
1266234,"Tawcaw","TAWCAW","Fine-silty, mixed, active, thermic Fluvaquentic Dystrudepts","Inceptisols","Udepts","Dystrudepts","Fluvaquentic Dystrudepts","fine-silty",-80.6008300999999,34.0180550000001,6362438,"08N02887",40,0,3,"Ap","Silty clay",314848,7.5,52.2000008,40.2999992,NA,"10YR",3,3
1266234,"Tawcaw","TAWCAW","Fine-silty, mixed, active, thermic Fluvaquentic Dystrudepts","Inceptisols","Udepts","Dystrudepts","Fluvaquentic Dystrudepts","fine-silty",-80.6008300999999,34.0180550000001,6362439,"08N02889",42,30,46,"Bw2","Silty clay loam",314850,17.2000008,45.5999985,37.2000008,NA,"10YR",4,4
1266234,"Tawcaw","TAWCAW","Fine-silty, mixed, active, thermic Fluvaquentic Dystrudepts","Inceptisols","Udepts","Dystrudepts","Fluvaquentic Dystrudepts","fine-silty",-80.6008300999999,34.0180550000001,6362440,"08N02890",43,46,74,"Bw3","Clay loam",314851,21.5,46.4000015,32.0999985,NA,"10YR",5,4
1266234,"Tawcaw","TAWCAW","Fine-silty, mixed, active, thermic Fluvaquentic Dystrudepts","Inceptisols","Udepts","Dystrudepts","Fluvaquentic Dystrudepts","fine-silty",-80.6008300999999,34.0180550000001,6362441,"08N02888",41,3,30,"Bw1","Silty clay",314849,8.1999998,49.2000008,42.5999985,NA,"10YR",4,4
1266234,"Tawcaw","TAWCAW","Fine-silty, mixed, active, thermic Fluvaquentic Dystrudepts","Inceptisols","Udepts","Dystrudepts","Fluvaquentic Dystrudepts","fine-silty",-80.6008300999999,34.0180550000001,6362442,"08N02891",44,74,114,"Bw4","Silty clay loam",314852,18.3999996,52.5,29.1000004,NA,"10YR",6,4
1266235,"Tawcaw","TAWCAW","Fine, kaolinitic, thermic Fluvaquentic Eutrudepts","Inceptisols","Udepts","Dystrudepts","Fluvaquentic Eutrudepts","fine",-80.6105575999999,33.8936119000001,6362443,"08N02884",37,91,109,"Bg1","Silty clay",314845,7.5,43.2999992,49.2000008,NA,"10YR",6,2
1266235,"Tawcaw","TAWCAW","Fine, kaolinitic, thermic Fluvaquentic Eutrudepts","Inceptisols","Udepts","Dystrudepts","Fluvaquentic Eutrudepts","fine",-80.6105575999999,33.8936119000001,6362444,"08N02881",34,5,35,"Bw1","Clay",314842,4.4000001,39.9000015,55.7000008,NA,"7.5YR",4,6
1266235,"Tawcaw","TAWCAW","Fine, kaolinitic, thermic Fluvaquentic Eutrudepts","Inceptisols","Udepts","Dystrudepts","Fluvaquentic Eutrudepts","fine",-80.6105575999999,33.8936119000001,6362445,"08N02885",38,109,152,"Bg2","Silty clay",314846,6.5,44.7999992,48.7000008,NA,"10YR",6,1
1266235,"Tawcaw","TAWCAW","Fine, kaolinitic, thermic Fluvaquentic Eutrudepts","Inceptisols","Udepts","Dystrudepts","Fluvaquentic Eutrudepts","fine",-80.6105575999999,33.8936119000001,6362446,"08N02883",36,53,91,"Bw3","Silty clay loam",314844,7.6999998,54.5,37.7999992,NA,"10YR",5,4
1266235,"Tawcaw","TAWCAW","Fine, kaolinitic, thermic Fluvaquentic Eutrudepts","Inceptisols","Udepts","Dystrudepts","Fluvaquentic Eutrudepts","fine",-80.6105575999999,33.8936119000001,6362447,"08N02880",33,0,5,"Ap","Silty clay",314841,4.1999998,45.7000008,50.0999985,NA,"10YR",5,4
1266235,"Tawcaw","TAWCAW","Fine, kaolinitic, thermic Fluvaquentic Eutrudepts","Inceptisols","Udepts","Dystrudepts","Fluvaquentic Eutrudepts","fine",-80.6105575999999,33.8936119000001,6362448,"08N02882",35,35,53,"Bw2","Silty clay loam",314843,7.3000002,52.7999992,39.9000015,NA,"10YR",5,4
1266235,"Tawcaw","TAWCAW","Fine, kaolinitic, thermic Fluvaquentic Eutrudepts","Inceptisols","Udepts","Dystrudepts","Fluvaquentic Eutrudepts","fine",-80.6105575999999,33.8936119000001,6362449,"08N02886",39,152,183,"Bg3","Silty clay",314847,12.1999998,47,40.7999992,NA,"10YR",6,1
1266236,"Mullers","MULLERS","Fine, kaolinitic, acid, thermic Fluventic Endoaquepts","Inceptisols","Aquepts","Endoaquepts","Fluventic Endoaquepts","fine",-80.6127777,33.9088898000001,6362450,"08N02876",29,3,20,"Bw","Clay",314837,0.7,28.7999992,70.5,NA,"10YR",5,6
1266236,"Mullers","MULLERS","Fine, kaolinitic, acid, thermic Fluventic Endoaquepts","Inceptisols","Aquepts","Endoaquepts","Fluventic Endoaquepts","fine",-80.6127777,33.9088898000001,6362451,"08N02879",32,142,183,"Bg3","Silt loam",314840,26.8999996,51.7000008,21.3999996,NA,"5B",4,NA
1266236,"Mullers","MULLERS","Fine, kaolinitic, acid, thermic Fluventic Endoaquepts","Inceptisols","Aquepts","Endoaquepts","Fluventic Endoaquepts","fine",-80.6127777,33.9088898000001,6362452,"08N02875",28,0,3,"Ap","Clay",314836,1.8,25.1000004,73.0999985,NA,"10YR",3,2
1266236,"Mullers","MULLERS","Fine, kaolinitic, acid, thermic Fluventic Endoaquepts","Inceptisols","Aquepts","Endoaquepts","Fluventic Endoaquepts","fine",-80.6127777,33.9088898000001,6362453,"08N02877",30,20,102,"Bg1","Silty clay",314838,10.6999998,48.5,40.7999992,NA,"10YR",7,1
1266236,"Mullers","MULLERS","Fine, kaolinitic, acid, thermic Fluventic Endoaquepts","Inceptisols","Aquepts","Endoaquepts","Fluventic Endoaquepts","fine",-80.6127777,33.9088898000001,6362454,"08N02878",31,102,142,"Bg2","Silt loam",314839,23.3999996,52.7999992,23.7999992,NA,"10YR",7,1
1266237,"Shellbluff","SHELLBLUFF","Fine-silty, mixed, semiactive, thermic Oxyaquic Dystrudepts","Inceptisols","Udepts","Dystrudepts","Oxyaquic Dystrudepts","fine-silty",-80.5705566,33.8452797,6362455,"08N02870",23,3,18,"Bw1","Clay",314831,16.2000008,25.7000008,58.0999985,NA,"7.5YR",4,4
1266237,"Shellbluff","SHELLBLUFF","Fine-silty, mixed, semiactive, thermic Oxyaquic Dystrudepts","Inceptisols","Udepts","Dystrudepts","Oxyaquic Dystrudepts","fine-silty",-80.5705566,33.8452797,6362456,"08N02869",22,0,3,"Ap","Clay",314830,12.3000002,25.5,62.2000008,NA,"10YR",3,3
1266237,"Shellbluff","SHELLBLUFF","Fine-silty, mixed, semiactive, thermic Oxyaquic Dystrudepts","Inceptisols","Udepts","Dystrudepts","Oxyaquic Dystrudepts","fine-silty",-80.5705566,33.8452797,6362457,"08N02872",25,50,66,"Bw3","Clay loam",314833,33,39.5,27.5,NA,"10YR",5,6
1266237,"Shellbluff","SHELLBLUFF","Fine-silty, mixed, semiactive, thermic Oxyaquic Dystrudepts","Inceptisols","Udepts","Dystrudepts","Oxyaquic Dystrudepts","fine-silty",-80.5705566,33.8452797,6362458,"08N02871",24,18,50,"Bw2","Clay loam",314832,41.0999985,29.7999992,29.1000004,NA,"10YR",5,6
1266237,"Shellbluff","SHELLBLUFF","Fine-silty, mixed, semiactive, thermic Oxyaquic Dystrudepts","Inceptisols","Udepts","Dystrudepts","Oxyaquic Dystrudepts","fine-silty",-80.5705566,33.8452797,6362459,"08N02873",26,66,104,"Bw4","Clay loam",314834,20.3999996,42.7000008,36.9000015,NA,"10YR",5,6
1266237,"Shellbluff","SHELLBLUFF","Fine-silty, mixed, semiactive, thermic Oxyaquic Dystrudepts","Inceptisols","Udepts","Dystrudepts","Oxyaquic Dystrudepts","fine-silty",-80.5705566,33.8452797,6362460,"08N02874",27,104,183,"Bw5","Silty clay loam",314835,15.8000002,46.5999985,37.5999985,NA,"10YR",5,6
1266238,"Duckbottom","DUCKBOTTOM","Very-fine, kaolinitic, acid, thermic Fluvaquentic Endoaquepts","Inceptisols","Aquepts","Endoaquepts","Fluvaquentic Endoaquepts","very-fine",-80.5727768,33.8472214,6362461,"08N02867",20,63,114,"Bg3","Clay",312528,12.1999998,17.7000008,70.0999985,NA,"10YR",7,1
1266238,"Duckbottom","DUCKBOTTOM","Very-fine, kaolinitic, acid, thermic Fluvaquentic Endoaquepts","Inceptisols","Aquepts","Endoaquepts","Fluvaquentic Endoaquepts","very-fine",-80.5727768,33.8472214,6362462,"08N02864",17,0,3,"Ap","Clay",312525,3.8,19.3999996,76.8000031,NA,"10YR",4,2
1266238,"Duckbottom","DUCKBOTTOM","Very-fine, kaolinitic, acid, thermic Fluvaquentic Endoaquepts","Inceptisols","Aquepts","Endoaquepts","Fluvaquentic Endoaquepts","very-fine",-80.5727768,33.8472214,6362463,"08N02865",18,3,23,"Bg1","Clay",312526,1.9,13.1999998,84.9000015,NA,"10YR",5,1
1266238,"Duckbottom","DUCKBOTTOM","Very-fine, kaolinitic, acid, thermic Fluvaquentic Endoaquepts","Inceptisols","Aquepts","Endoaquepts","Fluvaquentic Endoaquepts","very-fine",-80.5727768,33.8472214,6362464,"08N02868",21,114,183,"Bg4","Clay",314829,27.1000004,26.7000008,46.2000008,NA,"5PB",7,NA
1266238,"Duckbottom","DUCKBOTTOM","Very-fine, kaolinitic, acid, thermic Fluvaquentic Endoaquepts","Inceptisols","Aquepts","Endoaquepts","Fluvaquentic Endoaquepts","very-fine",-80.5727768,33.8472214,6362465,"08N02866",19,23,63,"Bg2","Clay",312527,5,16.2999992,78.6999969,NA,"10YR",5,1
1266239,"Tawcaw","TAWCAW","Fine, kaolinitic, thermic Fluvaquentic Eutrudepts","Inceptisols","Udepts","Dystrudepts","Fluvaquentic Eutrudepts","fine",-80.6147232,33.8602791000001,6362466,"08N02859",12,0,8,"Ap","Silty clay",312520,16.6000004,40.7999992,42.5999985,NA,"10YR",3,4
1266239,"Tawcaw","TAWCAW","Fine, kaolinitic, thermic Fluvaquentic Eutrudepts","Inceptisols","Udepts","Dystrudepts","Fluvaquentic Eutrudepts","fine",-80.6147232,33.8602791000001,6362467,"08N02862",15,66,109,"Bw3","Clay",312523,20.1000004,39.5999985,40.2999992,NA,"2.5Y",6,4
1266239,"Tawcaw","TAWCAW","Fine, kaolinitic, thermic Fluvaquentic Eutrudepts","Inceptisols","Udepts","Dystrudepts","Fluvaquentic Eutrudepts","fine",-80.6147232,33.8602791000001,6362468,"08N02861",14,23,66,"Bw2","Silty clay",312522,18.7000008,40.0999985,41.2000008,NA,"2.5Y",6,4
1266239,"Tawcaw","TAWCAW","Fine, kaolinitic, thermic Fluvaquentic Eutrudepts","Inceptisols","Udepts","Dystrudepts","Fluvaquentic Eutrudepts","fine",-80.6147232,33.8602791000001,6362469,"08N02860",13,8,23,"Bw1","Clay loam",312521,20.5,42.0999985,37.4000015,NA,"10YR",4,6
1266239,"Tawcaw","TAWCAW","Fine, kaolinitic, thermic Fluvaquentic Eutrudepts","Inceptisols","Udepts","Dystrudepts","Fluvaquentic Eutrudepts","fine",-80.6147232,33.8602791000001,6362470,"08N02863",16,109,183,"Bw4","Clay",312524,33.4000015,21.6000004,45,NA,"2.5Y",6,4
1266240,"Mullers","MULLERS","Fine-silty, mixed, semiactive, acid, thermic Aeric Epiaquepts","Inceptisols","Aquepts","Epiaquepts","Aeric Epiaquepts","fine-silty",-80.5674973,33.8894463,6362471,"08N02854",7,0,3,"Ap","Clay",312515,5.9000001,26,68.0999985,NA,"10YR",3,3
1266240,"Mullers","MULLERS","Fine-silty, mixed, semiactive, acid, thermic Aeric Epiaquepts","Inceptisols","Aquepts","Epiaquepts","Aeric Epiaquepts","fine-silty",-80.5674973,33.8894463,6362472,"08N02856",9,23,38,"Bg","Clay",312517,18.2000008,34.7999992,47,NA,"5Y",5,2
1266240,"Mullers","MULLERS","Fine-silty, mixed, semiactive, acid, thermic Aeric Epiaquepts","Inceptisols","Aquepts","Epiaquepts","Aeric Epiaquepts","fine-silty",-80.5674973,33.8894463,6362473,"08N02857",10,38,123,"B'w2","Clay loam",312518,22.3999996,46.9000015,30.7000008,NA,"10YR",5,6
1266240,"Mullers","MULLERS","Fine-silty, mixed, semiactive, acid, thermic Aeric Epiaquepts","Inceptisols","Aquepts","Epiaquepts","Aeric Epiaquepts","fine-silty",-80.5674973,33.8894463,6362474,"08N02858",11,123,183,"B'w3","Loam",312519,29.2000008,47.5,23.2999992,NA,"10YR",5,6
1266240,"Mullers","MULLERS","Fine-silty, mixed, semiactive, acid, thermic Aeric Epiaquepts","Inceptisols","Aquepts","Epiaquepts","Aeric Epiaquepts","fine-silty",-80.5674973,33.8894463,6362475,"08N02855",8,3,23,"Bw1","Clay",312516,8.1000004,24.1000004,67.8000031,NA,"7.5YR",4,6
1266241,"Mullers","MULLERS","Fine, kaolinitic, acid, thermic Fluventic Endoaquepts","Inceptisols","Aquepts","Endoaquepts","Fluventic Endoaquepts","fine",-80.6025008999999,33.8452797,6362476,"08N02850",3,20,84,"Bg1","Silty clay",312511,9.8000002,46.4000015,43.7999992,NA,"10YR",6,2
1266241,"Mullers","MULLERS","Fine, kaolinitic, acid, thermic Fluventic Endoaquepts","Inceptisols","Aquepts","Endoaquepts","Fluventic Endoaquepts","fine",-80.6025008999999,33.8452797,6362477,"08N02853",6,132,183,"Bg4","Clay",312514,12,32.5999985,55.4000015,NA,"10YR",6,1
1266241,"Mullers","MULLERS","Fine, kaolinitic, acid, thermic Fluventic Endoaquepts","Inceptisols","Aquepts","Endoaquepts","Fluventic Endoaquepts","fine",-80.6025008999999,33.8452797,6362478,"08N02849",2,3,20,"Bw1","Clay",312510,6.0999999,32.2000008,61.7000008,NA,"10YR",5,6
1266241,"Mullers","MULLERS","Fine, kaolinitic, acid, thermic Fluventic Endoaquepts","Inceptisols","Aquepts","Endoaquepts","Fluventic Endoaquepts","fine",-80.6025008999999,33.8452797,6362479,"08N02852",5,102,132,"Bg3","Clay",312513,7.5999999,30.7000008,61.7000008,NA,"10YR",7,1
1266241,"Mullers","MULLERS","Fine, kaolinitic, acid, thermic Fluventic Endoaquepts","Inceptisols","Aquepts","Endoaquepts","Fluventic Endoaquepts","fine",-80.6025008999999,33.8452797,6362480,"08N02851",4,84,102,"Bg2","Silty clay",312512,8.6000004,40.7000008,50.7000008,NA,"10YR",7,1
1266241,"Mullers","MULLERS","Fine, kaolinitic, acid, thermic Fluventic Endoaquepts","Inceptisols","Aquepts","Endoaquepts","Fluventic Endoaquepts","fine",-80.6025008999999,33.8452797,6362481,"08N02848",1,0,3,"A","Clay",312509,2.8,30.3999996,66.8000031,NA,"10YR",4,4
298733,"Mouzon","MOUZON","Fine-loamy, siliceous, semiactive, thermic Typic Albaqualfs","Alfisols","Aqualfs","Albaqualfs","Typic Albaqualfs","fine-loamy",-80.1838913,33.9827766000001,1349007,"08N01550",8,140,203,"Cg2","Sand",285603,98.5,1.1,0.4,NA,"10YR",6,2
298733,"Mouzon","MOUZON","Fine-loamy, siliceous, semiactive, thermic Typic Albaqualfs","Alfisols","Aqualfs","Albaqualfs","Typic Albaqualfs","fine-loamy",-80.1838913,33.9827766000001,1349008,"08N01549",7,124,140,"Cg1","Fine sand",285602,90.6999969,5.9000001,3.4000001,NA,"10YR",6,1
298733,"Mouzon","MOUZON","Fine-loamy, siliceous, semiactive, thermic Typic Albaqualfs","Alfisols","Aqualfs","Albaqualfs","Typic Albaqualfs","fine-loamy",-80.1838913,33.9827766000001,1349009,"08N01548",6,91,124,"Btg5","Sandy clay loam",285601,50,17.7000008,32.2999992,NA,"10YR",5,1
298733,"Mouzon","MOUZON","Fine-loamy, siliceous, semiactive, thermic Typic Albaqualfs","Alfisols","Aqualfs","Albaqualfs","Typic Albaqualfs","fine-loamy",-80.1838913,33.9827766000001,1349010,"08N01547",5,74,91,"Btg4","Clay loam",285600,41.9000015,20.1000004,38,NA,"10YR",5,1
298733,"Mouzon","MOUZON","Fine-loamy, siliceous, semiactive, thermic Typic Albaqualfs","Alfisols","Aqualfs","Albaqualfs","Typic Albaqualfs","fine-loamy",-80.1838913,33.9827766000001,1349011,"08N01546",4,51,74,"Btg3","Clay",285599,37.2000008,20.7999992,42,NA,"10YR",4,1
298733,"Mouzon","MOUZON","Fine-loamy, siliceous, semiactive, thermic Typic Albaqualfs","Alfisols","Aqualfs","Albaqualfs","Typic Albaqualfs","fine-loamy",-80.1838913,33.9827766000001,1349012,"08N01545",3,28,51,"Btg2","Clay",285598,37.5999985,21.2999992,41.0999985,NA,"10YR",4,1
298733,"Mouzon","MOUZON","Fine-loamy, siliceous, semiactive, thermic Typic Albaqualfs","Alfisols","Aqualfs","Albaqualfs","Typic Albaqualfs","fine-loamy",-80.1838913,33.9827766000001,1349013,"08N01544",2,15,28,"Btg1","Fine sandy loam",285597,56.0999985,30.6000004,13.3000002,NA,"10YR",4,2
298733,"Mouzon","MOUZON","Fine-loamy, siliceous, semiactive, thermic Typic Albaqualfs","Alfisols","Aqualfs","Albaqualfs","Typic Albaqualfs","fine-loamy",-80.1838913,33.9827766000001,1349014,"08N01543",1,0,15,"Ap","Fine sandy loam",285596,52.5,29.7999992,17.7000008,NA,"10YR",3,1
298735,"Johnston","JOHNSTON","Fine-loamy, mixed, semiactive, acid, thermic Cumulic Humaquepts","Inceptisols","Aquepts","Humaquepts","Cumulic Humaquepts","fine-loamy",-80.1816635,33.9824982000001,1349020,"08N01556",14,114,203,"Cg5","Sand",285609,97.8000031,2.2,0,NA,"10YR",7,2
298735,"Johnston","JOHNSTON","Fine-loamy, mixed, semiactive, acid, thermic Cumulic Humaquepts","Inceptisols","Aquepts","Humaquepts","Cumulic Humaquepts","fine-loamy",-80.1816635,33.9824982000001,1349021,"08N01555",13,89,114,"Cg4","Sandy clay",285608,46.0999985,14.6999998,39.2000008,NA,"2.5Y",5,1
298735,"Johnston","JOHNSTON","Fine-loamy, mixed, semiactive, acid, thermic Cumulic Humaquepts","Inceptisols","Aquepts","Humaquepts","Cumulic Humaquepts","fine-loamy",-80.1816635,33.9824982000001,1349022,"08N01554",12,61,89,"Cg3","Clay",285607,32.5999985,17.2000008,50.2000008,NA,"10YR",4,1
298735,"Johnston","JOHNSTON","Fine-loamy, mixed, semiactive, acid, thermic Cumulic Humaquepts","Inceptisols","Aquepts","Humaquepts","Cumulic Humaquepts","fine-loamy",-80.1816635,33.9824982000001,1349023,"08N01553",11,38,61,"Cg2","Clay loam",285606,44.7000008,21.3999996,33.9000015,NA,"10YR",4,1
298735,"Johnston","JOHNSTON","Fine-loamy, mixed, semiactive, acid, thermic Cumulic Humaquepts","Inceptisols","Aquepts","Humaquepts","Cumulic Humaquepts","fine-loamy",-80.1816635,33.9824982000001,1349024,"08N01552",10,13,38,"Cg1","Sandy clay loam",285605,52.2999992,21.7999992,25.8999996,NA,"10YR",4,1
298735,"Johnston","JOHNSTON","Fine-loamy, mixed, semiactive, acid, thermic Cumulic Humaquepts","Inceptisols","Aquepts","Humaquepts","Cumulic Humaquepts","fine-loamy",-80.1816635,33.9824982000001,1349025,"08N01551",9,0,13,"A","Clay",285604,24.1000004,34.7000008,41.2000008,NA,"10YR",3,2
1266219,"Butters","BUTTERS","Coarse-loamy, siliceous, semiactive, thermic Typic Paleudults","Ultisols","Udults","Paleudults","Typic Paleudults","coarse-loamy",-80.4622191999999,33.8661118000001,6362345,"08N02753",9,20,43,"E","Loamy fine sand",309914,79.5,15.3999996,5.0999999,NA,"10YR",6,4
1266219,"Butters","BUTTERS","Coarse-loamy, siliceous, semiactive, thermic Typic Paleudults","Ultisols","Udults","Paleudults","Typic Paleudults","coarse-loamy",-80.4622191999999,33.8661118000001,6362346,"08N02755",11,71,127,"E'","Loamy fine sand",309916,80.5,13.8000002,5.6999998,NA,"10YR",7,6
1266219,"Butters","BUTTERS","Coarse-loamy, siliceous, semiactive, thermic Typic Paleudults","Ultisols","Udults","Paleudults","Typic Paleudults","coarse-loamy",-80.4622191999999,33.8661118000001,6362347,"08N02756",12,127,173,"B't2","Sandy clay loam",309917,64.0999985,13.3999996,22.5,NA,"10YR",5,6
1266219,"Butters","BUTTERS","Coarse-loamy, siliceous, semiactive, thermic Typic Paleudults","Ultisols","Udults","Paleudults","Typic Paleudults","coarse-loamy",-80.4622191999999,33.8661118000001,6362348,"08N02757",13,173,183,"B't3","Sandy clay loam",309918,63.2999992,6.0999999,30.6000004,NA,"10YR",5,6
1266219,"Butters","BUTTERS","Coarse-loamy, siliceous, semiactive, thermic Typic Paleudults","Ultisols","Udults","Paleudults","Typic Paleudults","coarse-loamy",-80.4622191999999,33.8661118000001,6362349,"08N02752",8,0,20,"Ap","Loamy fine sand",309913,85.1999969,12.1999998,2.5999999,NA,"10YR",4,2
1266219,"Butters","BUTTERS","Coarse-loamy, siliceous, semiactive, thermic Typic Paleudults","Ultisols","Udults","Paleudults","Typic Paleudults","coarse-loamy",-80.4622191999999,33.8661118000001,6362350,"08N02754",10,43,71,"Bt1","Sandy clay loam",309915,65.0999985,13.1000004,21.7999992,NA,"10YR",5,8
1266225,"Tawcaw","TAWCAW","Fine-loamy, mixed, semiactive, thermic Aquic Dystrudepts","Inceptisols","Udepts","Dystrudepts","Aquic Dystrudepts","fine-loamy",-80.538887,33.7002792000001,6362384,"08N02804",60,38,71,"Bw2","Clay",312465,32.7999992,26.8999996,40.2999992,NA,"7.5YR",5,8
1266225,"Tawcaw","TAWCAW","Fine-loamy, mixed, semiactive, thermic Aquic Dystrudepts","Inceptisols","Udepts","Dystrudepts","Aquic Dystrudepts","fine-loamy",-80.538887,33.7002792000001,6362385,"08N02807",63,142,170,"Bw5","Fine sandy loam",312468,80.4000015,5.3000002,14.3000002,NA,"7.5YR",5,4
1266225,"Tawcaw","TAWCAW","Fine-loamy, mixed, semiactive, thermic Aquic Dystrudepts","Inceptisols","Udepts","Dystrudepts","Aquic Dystrudepts","fine-loamy",-80.538887,33.7002792000001,6362386,"08N02802",58,0,15,"A","Clay",312463,26.3999996,26.7000008,46.9000015,NA,"10YR",4,3
1266225,"Tawcaw","TAWCAW","Fine-loamy, mixed, semiactive, thermic Aquic Dystrudepts","Inceptisols","Udepts","Dystrudepts","Aquic Dystrudepts","fine-loamy",-80.538887,33.7002792000001,6362387,"08N02805",61,71,107,"Bw3","Clay loam",312466,44.7999992,24.3999996,30.7999992,NA,"7.5YR",5,8
1266225,"Tawcaw","TAWCAW","Fine-loamy, mixed, semiactive, thermic Aquic Dystrudepts","Inceptisols","Udepts","Dystrudepts","Aquic Dystrudepts","fine-loamy",-80.538887,33.7002792000001,6362388,"08N02806",62,107,142,"Bw4","Sandy clay loam",312467,58.9000015,19.2000008,21.8999996,NA,"7.5YR",5,6
1266225,"Tawcaw","TAWCAW","Fine-loamy, mixed, semiactive, thermic Aquic Dystrudepts","Inceptisols","Udepts","Dystrudepts","Aquic Dystrudepts","fine-loamy",-80.538887,33.7002792000001,6362389,"08N02803",59,15,38,"Bw1","Loam",312464,44.5999985,32.2999992,23.1000004,NA,"10YR",6,8
1266225,"Tawcaw","TAWCAW","Fine-loamy, mixed, semiactive, thermic Aquic Dystrudepts","Inceptisols","Udepts","Dystrudepts","Aquic Dystrudepts","fine-loamy",-80.538887,33.7002792000001,6362390,"08N02808",64,170,183,"Bw6","Fine sandy loam",312469,65.5,21.7999992,12.6999998,NA,"7.5YR",6,4
1266226,"Duckbottom","DUCKBOTTOM","Fine, kaolinitic, nonacid, thermic Typic Endoaquepts","Inceptisols","Aquepts","Endoaquepts","Typic Endoaquepts","fine",-80.5400008999999,33.6980553000001,6362391,"08N02811",67,43,89,"Bg2","Silty clay",312472,11.1999998,40,48.7999992,NA,"10B",5,1
1266226,"Duckbottom","DUCKBOTTOM","Fine, kaolinitic, nonacid, thermic Typic Endoaquepts","Inceptisols","Aquepts","Endoaquepts","Typic Endoaquepts","fine",-80.5400008999999,33.6980553000001,6362392,"08N02809",65,0,10,"A","Clay",312470,6.8000002,20.1000004,73.0999985,NA,"10YR",4,3
1266226,"Duckbottom","DUCKBOTTOM","Fine, kaolinitic, nonacid, thermic Typic Endoaquepts","Inceptisols","Aquepts","Endoaquepts","Typic Endoaquepts","fine",-80.5400008999999,33.6980553000001,6362393,"08N02812",68,89,122,"Bg3","Silty clay",312473,16.2000008,40.5,43.2999992,NA,"10B",5,1
1266226,"Duckbottom","DUCKBOTTOM","Fine, kaolinitic, nonacid, thermic Typic Endoaquepts","Inceptisols","Aquepts","Endoaquepts","Typic Endoaquepts","fine",-80.5400008999999,33.6980553000001,6362394,"08N02813",69,122,183,"Bg4","Silty clay",312474,15.6999998,43.2999992,41,NA,"10B",5,1
1266226,"Duckbottom","DUCKBOTTOM","Fine, kaolinitic, nonacid, thermic Typic Endoaquepts","Inceptisols","Aquepts","Endoaquepts","Typic Endoaquepts","fine",-80.5400008999999,33.6980553000001,6362395,"08N02810",66,10,43,"Bg1","Silty clay",312471,14.6999998,41.7000008,43.5999985,NA,"10B",5,1
1266227,"Duckbottom","DUCKBOTTOM","Very-fine, kaolinitic, acid, thermic Histic Humaquepts","Inceptisols","Aquepts","Humaquepts","Histic Humaquepts","very-fine",-80.5455550999999,33.6969452000001,6362396,"08N02815",71,10,46,"A2","Clay",312476,2.7,31.2000008,66.0999985,NA,"10YR",3,2
1266227,"Duckbottom","DUCKBOTTOM","Very-fine, kaolinitic, acid, thermic Histic Humaquepts","Inceptisols","Aquepts","Humaquepts","Histic Humaquepts","very-fine",-80.5455550999999,33.6969452000001,6362397,"08N02817",73,89,183,"Bg2","Clay",312478,2.4000001,21.7999992,75.8000031,NA,"N",3,NA
1266227,"Duckbottom","DUCKBOTTOM","Very-fine, kaolinitic, acid, thermic Histic Humaquepts","Inceptisols","Aquepts","Humaquepts","Histic Humaquepts","very-fine",-80.5455550999999,33.6969452000001,6362398,"08N02814",70,0,10,"A1","Clay",312475,0.7,18.5,80.8000031,NA,"10YR",2,2
1266227,"Duckbottom","DUCKBOTTOM","Very-fine, kaolinitic, acid, thermic Histic Humaquepts","Inceptisols","Aquepts","Humaquepts","Histic Humaquepts","very-fine",-80.5455550999999,33.6969452000001,6362399,"08N02816",72,46,89,"Bg1","Clay",312477,0.4,17.3999996,82.1999969,NA,"2.5Y",5,2
1266228,"Tawcaw","TAWCAW","Fine, kaolinitic, thermic Fluvaquentic Dystrudepts","Inceptisols","Udepts","Dystrudepts","Fluvaquentic Dystrudepts","fine",-80.5444411999999,33.6938896,6362400,"08N02820",76,23,58,"Bw","Clay",312481,4.5,20.2999992,75.1999969,NA,"7.5YR",5,8
1266228,"Tawcaw","TAWCAW","Fine, kaolinitic, thermic Fluvaquentic Dystrudepts","Inceptisols","Udepts","Dystrudepts","Fluvaquentic Dystrudepts","fine",-80.5444411999999,33.6938896,6362401,"08N02822",78,79,140,"Bg2","Clay loam",312483,28.1000004,38.2000008,33.7000008,NA,"5GY",5,1
1266228,"Tawcaw","TAWCAW","Fine, kaolinitic, thermic Fluvaquentic Dystrudepts","Inceptisols","Udepts","Dystrudepts","Fluvaquentic Dystrudepts","fine",-80.5444411999999,33.6938896,6362402,"08N02819",75,5,23,"A2","Clay",312480,1.3,13.3000002,85.4000015,NA,"7.5YR",3,3
1266228,"Tawcaw","TAWCAW","Fine, kaolinitic, thermic Fluvaquentic Dystrudepts","Inceptisols","Udepts","Dystrudepts","Fluvaquentic Dystrudepts","fine",-80.5444411999999,33.6938896,6362403,"08N02823",79,140,183,"Bg3","Clay loam",312484,25.8999996,40.5999985,33.5,NA,"5G",8,1
1266228,"Tawcaw","TAWCAW","Fine, kaolinitic, thermic Fluvaquentic Dystrudepts","Inceptisols","Udepts","Dystrudepts","Fluvaquentic Dystrudepts","fine",-80.5444411999999,33.6938896,6362404,"08N02821",77,58,79,"Bg1","Clay loam",312482,25.7999992,35.9000015,38.2999992,NA,"5GY",5,1
1266228,"Tawcaw","TAWCAW","Fine, kaolinitic, thermic Fluvaquentic Dystrudepts","Inceptisols","Udepts","Dystrudepts","Fluvaquentic Dystrudepts","fine",-80.5444411999999,33.6938896,6362405,"08N02818",74,0,5,"A1","Clay",312479,1,14.1999998,84.8000031,NA,"7.5YR",3,2
1266229,"Duckbottom","DUCKBOTTOM","Very-fine, kaolinitic, nonacid, thermic Fluvaquentic Endoaquepts","Inceptisols","Aquepts","Endoaquepts","Fluvaquentic Endoaquepts","very-fine",-80.5736084,33.8827782000001,6362406,"08N02826",82,25,89,"Bg2","Clay",312487,1.6,29.7000008,68.6999969,NA,"10YR",6,1
1266229,"Duckbottom","DUCKBOTTOM","Very-fine, kaolinitic, nonacid, thermic Fluvaquentic Endoaquepts","Inceptisols","Aquepts","Endoaquepts","Fluvaquentic Endoaquepts","very-fine",-80.5736084,33.8827782000001,6362407,"08N02825",81,3,25,"Bg1","Clay",312486,1.4,20.8999996,77.6999969,NA,"10YR",5,2
1266229,"Duckbottom","DUCKBOTTOM","Very-fine, kaolinitic, nonacid, thermic Fluvaquentic Endoaquepts","Inceptisols","Aquepts","Endoaquepts","Fluvaquentic Endoaquepts","very-fine",-80.5736084,33.8827782000001,6362408,"08N02827",83,89,183,"Bg3","Clay",312488,1.5,27.6000004,70.9000015,NA,"5Y",6,1
1266229,"Duckbottom","DUCKBOTTOM","Very-fine, kaolinitic, nonacid, thermic Fluvaquentic Endoaquepts","Inceptisols","Aquepts","Endoaquepts","Fluvaquentic Endoaquepts","very-fine",-80.5736084,33.8827782000001,6362409,"08N02824",80,0,3,"Ap","Clay",312485,7.8000002,22.8999996,69.3000031,NA,"10YR",3,2
1266230,"Mullers","MULLERS","Fine, kaolinitic, nonacid, thermic Aeric Endoaquepts","Inceptisols","Aquepts","Endoaquepts","Aeric Endoaquepts","fine",-80.5875015,33.8861122000001,6362410,"08N02830",86,30,71,"Bg1","Clay",312491,28.1000004,19.6000004,52.2999992,NA,"2.5Y",5,2
1266230,"Mullers","MULLERS","Fine, kaolinitic, nonacid, thermic Aeric Endoaquepts","Inceptisols","Aquepts","Endoaquepts","Aeric Endoaquepts","fine",-80.5875015,33.8861122000001,6362411,"08N02832",88,119,140,"Bg3","Sandy clay",312493,47.7999992,17,35.2000008,NA,"2.5Y",5,1
1266230,"Mullers","MULLERS","Fine, kaolinitic, nonacid, thermic Aeric Endoaquepts","Inceptisols","Aquepts","Endoaquepts","Aeric Endoaquepts","fine",-80.5875015,33.8861122000001,6362412,"08N02828",84,0,3,"Ap","Clay",312489,8.5,24.7999992,66.6999969,NA,"10YR",3,2
1266230,"Mullers","MULLERS","Fine, kaolinitic, nonacid, thermic Aeric Endoaquepts","Inceptisols","Aquepts","Endoaquepts","Aeric Endoaquepts","fine",-80.5875015,33.8861122000001,6362413,"08N02831",87,71,119,"Bg2","Clay",312492,34.5,18.8999996,46.5999985,NA,"2.5Y",5,1
1266230,"Mullers","MULLERS","Fine, kaolinitic, nonacid, thermic Aeric Endoaquepts","Inceptisols","Aquepts","Endoaquepts","Aeric Endoaquepts","fine",-80.5875015,33.8861122000001,6362414,"08N02833",89,140,183,"Bg4","Sandy clay",312494,48.5,15.8999996,35.5999985,NA,"2.5Y",6,1
1266230,"Mullers","MULLERS","Fine, kaolinitic, nonacid, thermic Aeric Endoaquepts","Inceptisols","Aquepts","Endoaquepts","Aeric Endoaquepts","fine",-80.5875015,33.8861122000001,6362415,"08N02829",85,3,30,"Bw","Clay",312490,7.8000002,19.7000008,72.5,NA,"10YR",5,4
1266232,"Butters","BUTTERS","Coarse-loamy, siliceous, semiactive, thermic Typic Paleudults","Ultisols","Udults","Paleudults","Typic Paleudults","coarse-loamy",-80.4569473,33.8605537,6362423,"08N02759",15,23,63,"Bt1","Fine sandy loam",309920,73.0999985,14,12.8999996,NA,"10YR",5,8
1266232,"Butters","BUTTERS","Coarse-loamy, siliceous, semiactive, thermic Typic Paleudults","Ultisols","Udults","Paleudults","Typic Paleudults","coarse-loamy",-80.4569473,33.8605537,6362424,"08N02758",14,0,23,"Ap","Loamy sand",309919,83.1999969,13.3999996,3.4000001,NA,"10YR",5,3
1266232,"Butters","BUTTERS","Coarse-loamy, siliceous, semiactive, thermic Typic Paleudults","Ultisols","Udults","Paleudults","Typic Paleudults","coarse-loamy",-80.4569473,33.8605537,6362425,"08N02761",17,102,147,"B't2","Sandy clay loam",309922,68.4000015,10.8999996,20.7000008,NA,"7.5YR",5,8
1266232,"Butters","BUTTERS","Coarse-loamy, siliceous, semiactive, thermic Typic Paleudults","Ultisols","Udults","Paleudults","Typic Paleudults","coarse-loamy",-80.4569473,33.8605537,6362426,"08N02762",18,147,183,"B't3","Sandy clay loam",309923,63.2999992,8.6999998,28,NA,"10YR",6,8
1266232,"Butters","BUTTERS","Coarse-loamy, siliceous, semiactive, thermic Typic Paleudults","Ultisols","Udults","Paleudults","Typic Paleudults","coarse-loamy",-80.4569473,33.8605537,6362427,"08N02760",16,63,102,"E'","Fine sandy loam",309921,77.0999985,13,9.8999996,NA,"10YR",6,6
1266242,"Scapo","SCAPO","Fine-loamy over sandy or sandy-skeletal, siliceous, acid, thermic Cumulic Humaquepts","Inceptisols","Aquepts","Humaquepts","Cumulic Humaquepts","fine-loamy over sandy or sandy-skeletal",-80.2277756,33.9602776,6362482,"08N01562",20,137,203,"Cg3","Sand",285715,97.0999985,2.9000001,0,NA,"10YR",7,1
1266242,"Scapo","SCAPO","Fine-loamy over sandy or sandy-skeletal, siliceous, acid, thermic Cumulic Humaquepts","Inceptisols","Aquepts","Humaquepts","Cumulic Humaquepts","fine-loamy over sandy or sandy-skeletal",-80.2277756,33.9602776,6362483,"08N01559",17,43,79,"A3","Sandy clay loam",285612,53.0999985,24.8999996,22,NA,"10YR",3,1
1266242,"Scapo","SCAPO","Fine-loamy over sandy or sandy-skeletal, siliceous, acid, thermic Cumulic Humaquepts","Inceptisols","Aquepts","Humaquepts","Cumulic Humaquepts","fine-loamy over sandy or sandy-skeletal",-80.2277756,33.9602776,6362484,"08N01558",16,23,43,"A2","Clay loam",285611,42.7000008,25.7999992,31.5,NA,"10YR",2,1
1266242,"Scapo","SCAPO","Fine-loamy over sandy or sandy-skeletal, siliceous, acid, thermic Cumulic Humaquepts","Inceptisols","Aquepts","Humaquepts","Cumulic Humaquepts","fine-loamy over sandy or sandy-skeletal",-80.2277756,33.9602776,6362485,"08N01560",18,79,102,"Cg1","Loamy fine sand",285713,85.8000031,11.1000004,3.0999999,NA,"10YR",3,2
1266242,"Scapo","SCAPO","Fine-loamy over sandy or sandy-skeletal, siliceous, acid, thermic Cumulic Humaquepts","Inceptisols","Aquepts","Humaquepts","Cumulic Humaquepts","fine-loamy over sandy or sandy-skeletal",-80.2277756,33.9602776,6362486,"08N01561",19,102,137,"Cg2","Fine sand",285714,93.6999969,5.5999999,0.7,NA,"10YR",6,2
1266242,"Scapo","SCAPO","Fine-loamy over sandy or sandy-skeletal, siliceous, acid, thermic Cumulic Humaquepts","Inceptisols","Aquepts","Humaquepts","Cumulic Humaquepts","fine-loamy over sandy or sandy-skeletal",-80.2277756,33.9602776,6362487,"08N01557",15,0,23,"A1","Clay",285610,30.5,29.3999996,40.0999985,NA,"10YR",2,2
1266243,"Scapo","SCAPO","Fine, kaolinitic, acid, thermic Fluvaquentic Humaquepts","Inceptisols","Aquepts","Humaquepts","Fluvaquentic Humaquepts","fine",-80.2202759,33.9597206,6362488,"08N01568",26,139,167,"Cg3","Very fine sandy loam",285721,63.4000015,24.8999996,11.6999998,NA,"10YR",7,1
1266243,"Scapo","SCAPO","Fine, kaolinitic, acid, thermic Fluvaquentic Humaquepts","Inceptisols","Aquepts","Humaquepts","Fluvaquentic Humaquepts","fine",-80.2202759,33.9597206,6362489,"08N01565",23,35,53,"A3","Clay",285718,29.7000008,27.7000008,42.5999985,NA,"10YR",3,1
1266243,"Scapo","SCAPO","Fine, kaolinitic, acid, thermic Fluvaquentic Humaquepts","Inceptisols","Aquepts","Humaquepts","Fluvaquentic Humaquepts","fine",-80.2202759,33.9597206,6362490,"08N01569",27,167,203,"Cg4","Fine sandy loam",285722,74.9000015,18.5,6.5999999,NA,"10YR",7,1
1266243,"Scapo","SCAPO","Fine, kaolinitic, acid, thermic Fluvaquentic Humaquepts","Inceptisols","Aquepts","Humaquepts","Fluvaquentic Humaquepts","fine",-80.2202759,33.9597206,6362491,"08N01564",22,13,35,"A2","Clay loam",285717,33.2000008,29.6000004,37.2000008,NA,"10YR",2,1
1266243,"Scapo","SCAPO","Fine, kaolinitic, acid, thermic Fluvaquentic Humaquepts","Inceptisols","Aquepts","Humaquepts","Fluvaquentic Humaquepts","fine",-80.2202759,33.9597206,6362492,"08N01566",24,53,114,"Cg1","Clay loam",285719,37.7000008,23.2000008,39.0999985,NA,"10YR",5,1
1266243,"Scapo","SCAPO","Fine, kaolinitic, acid, thermic Fluvaquentic Humaquepts","Inceptisols","Aquepts","Humaquepts","Fluvaquentic Humaquepts","fine",-80.2202759,33.9597206,6362493,"08N01563",21,0,13,"A1","Clay",285716,20.2999992,34.2999992,45.4000015,NA,"10YR",3,2
1266243,"Scapo","SCAPO","Fine, kaolinitic, acid, thermic Fluvaquentic Humaquepts","Inceptisols","Aquepts","Humaquepts","Fluvaquentic Humaquepts","fine",-80.2202759,33.9597206,6362494,"08N01567",25,114,139,"Cg2","Clay loam",285720,35.7999992,25.6000004,38.5999985,NA,"10YR",6,1
1266244,"Scapo","SCAPO","Sandy, siliceous, acid, thermic Cumulic Humaquepts","Inceptisols","Aquepts","Humaquepts","Cumulic Humaquepts","sandy",-80.2230529999999,33.9802780000001,6362495,"08N01570",28,0,66,"A","Loamy fine sand",285723,81.5999985,12.8999996,5.5,NA,"10YR",3,2
1266244,"Scapo","SCAPO","Sandy, siliceous, acid, thermic Cumulic Humaquepts","Inceptisols","Aquepts","Humaquepts","Cumulic Humaquepts","sandy",-80.2230529999999,33.9802780000001,6362496,"08N01573",31,114,132,"Cg3","Sand",285726,88.1999969,6.5999999,5.1999998,NA,"2.5Y",5,3
1266244,"Scapo","SCAPO","Sandy, siliceous, acid, thermic Cumulic Humaquepts","Inceptisols","Aquepts","Humaquepts","Cumulic Humaquepts","sandy",-80.2230529999999,33.9802780000001,6362497,"08N01572",30,96,114,"Cg2","Loamy sand",285725,84.4000015,9.6999998,5.9000001,NA,"10YR",6,2
1266244,"Scapo","SCAPO","Sandy, siliceous, acid, thermic Cumulic Humaquepts","Inceptisols","Aquepts","Humaquepts","Cumulic Humaquepts","sandy",-80.2230529999999,33.9802780000001,6362498,"08N01571",29,66,96,"Cg1","Loamy sand",285724,79.3000031,12.3999996,8.3000002,NA,"2.5Y",5,3
1266244,"Scapo","SCAPO","Sandy, siliceous, acid, thermic Cumulic Humaquepts","Inceptisols","Aquepts","Humaquepts","Cumulic Humaquepts","sandy",-80.2230529999999,33.9802780000001,6362499,"08N01574",32,132,203,"2C","Coarse sand",285727,98.5999985,1.4,0,NA,"10YR",5,6
1266245,"Scapo","SCAPO","Coarse-loamy, siliceous, acid, thermic Cumulic Humaquepts","Inceptisols","Aquepts","Humaquepts","Cumulic Humaquepts","coarse-loamy",-80.2197189,33.9813881000001,6362500,"08N01577",35,66,86,"Cg1","Fine sandy loam",288230,62.2000008,22.2000008,15.6000004,NA,"10YR",6,2
1266245,"Scapo","SCAPO","Coarse-loamy, siliceous, acid, thermic Cumulic Humaquepts","Inceptisols","Aquepts","Humaquepts","Cumulic Humaquepts","coarse-loamy",-80.2197189,33.9813881000001,6362501,"08N01576",34,38,66,"A2","Loamy fine sand",288229,76.3000031,18.2000008,5.5,NA,"10YR",3,2
1266245,"Scapo","SCAPO","Coarse-loamy, siliceous, acid, thermic Cumulic Humaquepts","Inceptisols","Aquepts","Humaquepts","Cumulic Humaquepts","coarse-loamy",-80.2197189,33.9813881000001,6362502,"08N01579",37,101,165,"Cg3","Fine sand",288232,94.4000015,3.5,2.0999999,NA,"10YR",6,2
1266245,"Scapo","SCAPO","Coarse-loamy, siliceous, acid, thermic Cumulic Humaquepts","Inceptisols","Aquepts","Humaquepts","Cumulic Humaquepts","coarse-loamy",-80.2197189,33.9813881000001,6362503,"08N01578",36,86,101,"Cg2","Fine sandy loam",288231,71.1999969,18.8999996,9.8999996,NA,"10YR",5,2
1266245,"Scapo","SCAPO","Coarse-loamy, siliceous, acid, thermic Cumulic Humaquepts","Inceptisols","Aquepts","Humaquepts","Cumulic Humaquepts","coarse-loamy",-80.2197189,33.9813881000001,6362504,"08N01575",33,0,38,"A1","Fine sandy loam",285728,62.7000008,21.3999996,15.8999996,NA,"10YR",2,1
1266245,"Scapo","SCAPO","Coarse-loamy, siliceous, acid, thermic Cumulic Humaquepts","Inceptisols","Aquepts","Humaquepts","Cumulic Humaquepts","coarse-loamy",-80.2197189,33.9813881000001,6362505,"08N01580",38,165,203,"Cg4","Sand",288233,97.8000031,2.2,0,NA,"10YR",7,2
1266246,"Scapo","SCAPO","Fine-loamy, siliceous, active, acid, thermic Cumulic Humaquepts","Inceptisols","Aquepts","Humaquepts","Cumulic Humaquepts","fine-loamy",-80.1902770999999,33.9063873000001,6362506,"08N01583",41,60,79,"Cg2","Clay",288236,36.5,22.2999992,41.2000008,NA,"10YR",4,2
1266246,"Scapo","SCAPO","Fine-loamy, siliceous, active, acid, thermic Cumulic Humaquepts","Inceptisols","Aquepts","Humaquepts","Cumulic Humaquepts","fine-loamy",-80.1902770999999,33.9063873000001,6362507,"08N01585",43,107,130,"Cg4","Clay loam",288238,41.9000015,28.7999992,29.2999992,NA,"10YR",5,1
1266246,"Scapo","SCAPO","Fine-loamy, siliceous, active, acid, thermic Cumulic Humaquepts","Inceptisols","Aquepts","Humaquepts","Cumulic Humaquepts","fine-loamy",-80.1902770999999,33.9063873000001,6362508,"08N01582",40,45,60,"Cg1","Clay loam",288235,44.7000008,25,30.2999992,NA,"10YR",3,2
1266246,"Scapo","SCAPO","Fine-loamy, siliceous, active, acid, thermic Cumulic Humaquepts","Inceptisols","Aquepts","Humaquepts","Cumulic Humaquepts","fine-loamy",-80.1902770999999,33.9063873000001,6362509,"08N01584",42,79,107,"Cg3","Sandy clay loam",288237,45.2000008,25.5,29.2999992,NA,"10YR",4,2
1266246,"Scapo","SCAPO","Fine-loamy, siliceous, active, acid, thermic Cumulic Humaquepts","Inceptisols","Aquepts","Humaquepts","Cumulic Humaquepts","fine-loamy",-80.1902770999999,33.9063873000001,6362510,"08N01587",45,160,203,"Cg6","Loamy coarse sand",288240,87.4000015,6.0999999,6.5,NA,NA,NA,NA
1266246,"Scapo","SCAPO","Fine-loamy, siliceous, active, acid, thermic Cumulic Humaquepts","Inceptisols","Aquepts","Humaquepts","Cumulic Humaquepts","fine-loamy",-80.1902770999999,33.9063873000001,6362511,"08N01581",39,0,45,"A","Clay loam",288234,38.2999992,34.0999985,27.6000004,NA,"10YR",2,2
1266246,"Scapo","SCAPO","Fine-loamy, siliceous, active, acid, thermic Cumulic Humaquepts","Inceptisols","Aquepts","Humaquepts","Cumulic Humaquepts","fine-loamy",-80.1902770999999,33.9063873000001,6362512,"08N01586",44,130,160,"Cg5","Sandy clay loam",288239,60.5,18.3999996,21.1000004,NA,"2.5Y",6,1
1266247,"Scapo","SCAPO","Fine, kaolinitic, acid, thermic Fluvaquentic Humaquepts","Inceptisols","Aquepts","Humaquepts","Fluvaquentic Humaquepts","fine",-80.1827774,33.9072227,6362513,"08N01590",48,56,90,"Cg1","Clay",288243,24.7000008,18.6000004,56.7000008,NA,"10YR",4,1
1266247,"Scapo","SCAPO","Fine, kaolinitic, acid, thermic Fluvaquentic Humaquepts","Inceptisols","Aquepts","Humaquepts","Fluvaquentic Humaquepts","fine",-80.1827774,33.9072227,6362514,"08N01589",47,12,56,"A2","Clay",288242,27.3999996,26.3999996,46.2000008,NA,"10YR",3,2
1266247,"Scapo","SCAPO","Fine, kaolinitic, acid, thermic Fluvaquentic Humaquepts","Inceptisols","Aquepts","Humaquepts","Fluvaquentic Humaquepts","fine",-80.1827774,33.9072227,6362515,"08N01591",49,90,127,"Cg2","Clay loam",288244,43.2000008,27.7999992,29,NA,"10YR",6,1
1266247,"Scapo","SCAPO","Fine, kaolinitic, acid, thermic Fluvaquentic Humaquepts","Inceptisols","Aquepts","Humaquepts","Fluvaquentic Humaquepts","fine",-80.1827774,33.9072227,6362516,"08N01588",46,0,12,"A1","Clay",288241,27.3999996,28.2999992,44.2999992,NA,"10YR",3,2
1266247,"Scapo","SCAPO","Fine, kaolinitic, acid, thermic Fluvaquentic Humaquepts","Inceptisols","Aquepts","Humaquepts","Fluvaquentic Humaquepts","fine",-80.1827774,33.9072227,6362517,"08N01592",50,127,203,"Cg3","Coarse sand",288245,95.1999969,2.5,2.3,NA,"10YR",6,1
1266248,"Scapo","SCAPO","Loamy, siliceous, dysic, thermic Terric Haplosaprists","Histosols","Saprists","Haplosaprists","Terric Haplosaprists","loamy",-80.1761093,33.9097214,6362518,"08N01597",55,127,203,"Cg3","Fine sand",288250,93.9000015,3.3,2.8,NA,"10YR",7,1
1266248,"Scapo","SCAPO","Loamy, siliceous, dysic, thermic Terric Haplosaprists","Histosols","Saprists","Haplosaprists","Terric Haplosaprists","loamy",-80.1761093,33.9097214,6362519,"08N01594",52,43,76,"A2","Fine sandy loam",288247,74,11.1999998,14.8000002,NA,"10YR",2,2
1266248,"Scapo","SCAPO","Loamy, siliceous, dysic, thermic Terric Haplosaprists","Histosols","Saprists","Haplosaprists","Terric Haplosaprists","loamy",-80.1761093,33.9097214,6362520,"08N01595",53,76,109,"Cg1","Sandy clay loam",288248,59.4000015,13.6999998,26.8999996,NA,"10YR",2,1
1266248,"Scapo","SCAPO","Loamy, siliceous, dysic, thermic Terric Haplosaprists","Histosols","Saprists","Haplosaprists","Terric Haplosaprists","loamy",-80.1761093,33.9097214,6362521,"08N01596",54,109,127,"Cg2","Fine sandy loam",288249,74.9000015,11.1000004,14,NA,"10YR",3,2
1266248,"Scapo","SCAPO","Loamy, siliceous, dysic, thermic Terric Haplosaprists","Histosols","Saprists","Haplosaprists","Terric Haplosaprists","loamy",-80.1761093,33.9097214,6362522,"08N01593",51,0,43,"A1","Clay",288246,36.9000015,20.2999992,42.7999992,NA,"10YR",2,1
305160,"Greenville","GREENVILLE","Fine, kaolinitic Rhodic kandiudults","Ultisols","Udults","Kandiudults","Rhodic Kandiudults","fine",-85.4222222,31.0533333000001,NA,NA,NA,NA,NA,NA,NA,NA,NA,NA,NA,NA,NA,NA,NA
305164,"Bonifay","BONIFAY","Loamy, siliceous, subactive, thermic Grossarenic plinthic paleudults","Ultisols","Udults","Paleudults","Grossarenic Plinthic Paleudults","loamy",-85.4069444,31.4069444,NA,NA,NA,NA,NA,NA,NA,NA,NA,NA,NA,NA,NA,NA,NA
305233,"Benevolence","BENEVOLENCE","Coarse-loamy, kaolinitic, thermic Typic kandiudults","Ultisols","Udults","Kandiudults","Typic Kandiudults","coarse-loamy",-85.5494444,31.2500000000001,NA,NA,NA,NA,NA,NA,NA,NA,NA,NA,NA,NA,NA,NA,NA
305234,"Clarendon","CLARENDON","Fine-loamy, kaolinitic, thermic Plinthaquic kandiudults","Ultisols","Udults","Kandiudults","Plinthaquic Kandiudults","fine-loamy",-85.1569444,31.0544444000001,NA,NA,NA,NA,NA,NA,NA,NA,NA,NA,NA,NA,NA,NA,NA
305235,"Kenansville","KENANSVILLE","Loamy, siliceous, semiactive, thermic Arenic hapludults","Ultisols","Udults","Hapludults","Arenic Hapludults","loamy",-85.1136111,31.2547222000001,NA,NA,NA,NA,NA,NA,NA,NA,NA,NA,NA,NA,NA,NA,NA
305236,"Kolomoki","KOLOMOKI","Fine-loamy, siliceous, subactive, thermic Typic hapludults","Ultisols","Udults","Hapludults","Typic Hapludults","fine-loamy",-85.1080555999999,31.2469444000001,NA,NA,NA,NA,NA,NA,NA,NA,NA,NA,NA,NA,NA,NA,NA
517118,"Hurricane","HURRICANE","Aquic Grossarenic Alorthods, sandy, siliceous, thermic","Spodosols","Orthods","Alorthods","Grossarenic Alorthods","sandy",-85.3968353,30.5275936,2265049,"FL0300101",1,0,15,"A","Sand",353493,NA,5.0999999,2,NA,"10YR",5,2
517118,"Hurricane","HURRICANE","Aquic Grossarenic Alorthods, sandy, siliceous, thermic","Spodosols","Orthods","Alorthods","Grossarenic Alorthods","sandy",-85.3968353,30.5275936,2265050,"FL0300102",2,15,25,"Bw1","Sand",353494,NA,6.6999998,1.2,NA,"10YR",5,3
517118,"Hurricane","HURRICANE","Aquic Grossarenic Alorthods, sandy, siliceous, thermic","Spodosols","Orthods","Alorthods","Grossarenic Alorthods","sandy",-85.3968353,30.5275936,2265051,"FL0300103",3,25,56,"Bw2","Sand",353495,NA,6.5,1.6,NA,"10YR",6,4
517118,"Hurricane","HURRICANE","Aquic Grossarenic Alorthods, sandy, siliceous, thermic","Spodosols","Orthods","Alorthods","Grossarenic Alorthods","sandy",-85.3968353,30.5275936,2265052,"FL0300104",4,56,86,"Bw3","Sand",353496,NA,5.4000001,1.3,NA,"10YR",7,3
517118,"Hurricane","HURRICANE","Aquic Grossarenic Alorthods, sandy, siliceous, thermic","Spodosols","Orthods","Alorthods","Grossarenic Alorthods","sandy",-85.3968353,30.5275936,2265053,"FL0300105",5,86,130,"Eg","Sand",353497,NA,4,0.7,NA,"10YR",7,2
517118,"Hurricane","HURRICANE","Aquic Grossarenic Alorthods, sandy, siliceous, thermic","Spodosols","Orthods","Alorthods","Grossarenic Alorthods","sandy",-85.3968353,30.5275936,2265054,"FL0300106",6,130,140,"Bh1","Loamy sand",353498,NA,5.5,7.1999998,NA,"7.5YR",4,2
517118,"Hurricane","HURRICANE","Aquic Grossarenic Alorthods, sandy, siliceous, thermic","Spodosols","Orthods","Alorthods","Grossarenic Alorthods","sandy",-85.3968353,30.5275936,2265055,"FL0300107",7,140,203,"Bh2","Sand",353499,NA,5,1.7,NA,"",NA,NA
517119,"Centenary","CENTENARY","Grossarenic Alorthods, sandy, siliceous, thermic","Spodosols","Orthods","Alorthods","Grossarenic Alorthods","sandy",-85.4035339,30.5157089,2265056,"FL0300201",1,0,23,"Ap","Sand",353500,NA,6.0999999,2.3,NA,"10YR",5,3
517119,"Centenary","CENTENARY","Grossarenic Alorthods, sandy, siliceous, thermic","Spodosols","Orthods","Alorthods","Grossarenic Alorthods","sandy",-85.4035339,30.5157089,2265057,"FL0300202",2,23,79,"Bw1","Sand",353501,NA,5.8000002,1.5,NA,"10YR",6,6
517119,"Centenary","CENTENARY","Grossarenic Alorthods, sandy, siliceous, thermic","Spodosols","Orthods","Alorthods","Grossarenic Alorthods","sandy",-85.4035339,30.5157089,2265058,"FL0300203",3,79,124,"Bw2","Sand",353502,NA,6.3000002,1,NA,"",NA,NA
517119,"Centenary","CENTENARY","Grossarenic Alorthods, sandy, siliceous, thermic","Spodosols","Orthods","Alorthods","Grossarenic Alorthods","sandy",-85.4035339,30.5157089,2265059,"FL0300204",4,124,185,"Eg","Sand",353503,NA,3.5,0.6,NA,"10YR",8,2
517119,"Centenary","CENTENARY","Grossarenic Alorthods, sandy, siliceous, thermic","Spodosols","Orthods","Alorthods","Grossarenic Alorthods","sandy",-85.4035339,30.5157089,2265060,"FL0300205",5,185,196,"Bh1","Loamy sand",353504,NA,12.1000004,3.5999999,NA,"7.5YR",4,2
517119,"Centenary","CENTENARY","Grossarenic Alorthods, sandy, siliceous, thermic","Spodosols","Orthods","Alorthods","Grossarenic Alorthods","sandy",-85.4035339,30.5157089,2265061,"FL0300206",6,196,203,"Bh2","Sand",353505,NA,2.0999999,1,NA,"",NA,NA
517120,"Leon","LEON","Aeric Alaquods, sandy, siliceous, thermic","Spodosols","Aquods","Alaquods","Aeric Alaquods","sandy",-85.3931198,30.5141315000001,2265062,"FL0300301",1,0,15,"A","Sand",353506,NA,6.0999999,1.2,NA,"",NA,NA
517120,"Leon","LEON","Aeric Alaquods, sandy, siliceous, thermic","Spodosols","Aquods","Alaquods","Aeric Alaquods","sandy",-85.3931198,30.5141315000001,2265063,"FL0300302",2,15,46,"E/Eg","Sand",353507,NA,4.8000002,0.6,NA,"10YR",6,2
517120,"Leon","LEON","Aeric Alaquods, sandy, siliceous, thermic","Spodosols","Aquods","Alaquods","Aeric Alaquods","sandy",-85.3931198,30.5141315000001,2265064,"FL0300303",3,46,58,"Bh","Sand",353508,NA,5.8000002,2.7,NA,"7.5YR",3,2
517120,"Leon","LEON","Aeric Alaquods, sandy, siliceous, thermic","Spodosols","Aquods","Alaquods","Aeric Alaquods","sandy",-85.3931198,30.5141315000001,2265065,"FL0300304",4,58,135,"Eg","Sand",353509,NA,4.5,1.3,NA,"",NA,NA
517120,"Leon","LEON","Aeric Alaquods, sandy, siliceous, thermic","Spodosols","Aquods","Alaquods","Aeric Alaquods","sandy",-85.3931198,30.5141315000001,2265066,"FL0300305",5,135,203,"Bh'","Sand",353510,NA,5.1999998,1.2,NA,"",NA,NA
517131,"Allanton","ALLANTON","Grossarenic Alaquods, sandy, siliceous, thermic","Spodosols","Aquods","Alaquods","Grossarenic Alaquods","sandy",-85.4638214,30.4725742000001,2265122,"FL0301401",1,0,25,"A1","Sand",356966,NA,6.5,2,NA,"10YR",2,1
517131,"Allanton","ALLANTON","Grossarenic Alaquods, sandy, siliceous, thermic","Spodosols","Aquods","Alaquods","Grossarenic Alaquods","sandy",-85.4638214,30.4725742000001,2265123,"FL0301402",2,25,46,"A2","Sand",356967,NA,7.1999998,1.8,NA,"10YR",3,1
517131,"Allanton","ALLANTON","Grossarenic Alaquods, sandy, siliceous, thermic","Spodosols","Aquods","Alaquods","Grossarenic Alaquods","sandy",-85.4638214,30.4725742000001,2265124,"FL0301403",3,46,68,"Eg1","Sand",356968,NA,5.0999999,1.8,NA,"10YR",5,1
517131,"Allanton","ALLANTON","Grossarenic Alaquods, sandy, siliceous, thermic","Spodosols","Aquods","Alaquods","Grossarenic Alaquods","sandy",-85.4638214,30.4725742000001,2265125,"FL0301404",4,68,81,"Eg2","Sand",356969,NA,10.3999996,2.4000001,NA,"10YR",7,1
517131,"Allanton","ALLANTON","Grossarenic Alaquods, sandy, siliceous, thermic","Spodosols","Aquods","Alaquods","Grossarenic Alaquods","sandy",-85.4638214,30.4725742000001,2265126,"FL0301405",5,81,102,"Eg3","Sand",356970,NA,5.1999998,2,NA,"10YR",7,2
517131,"Allanton","ALLANTON","Grossarenic Alaquods, sandy, siliceous, thermic","Spodosols","Aquods","Alaquods","Grossarenic Alaquods","sandy",-85.4638214,30.4725742000001,2265127,"FL0301406",6,102,130,"Eg4","Sand",356971,NA,2.8,1.4,NA,"10YR",7,1
517131,"Allanton","ALLANTON","Grossarenic Alaquods, sandy, siliceous, thermic","Spodosols","Aquods","Alaquods","Grossarenic Alaquods","sandy",-85.4638214,30.4725742000001,2265128,"FL0301407",7,130,142,"Bh1","Sand",356972,NA,6,2.5999999,NA,"10YR",3,1
517131,"Allanton","ALLANTON","Grossarenic Alaquods, sandy, siliceous, thermic","Spodosols","Aquods","Alaquods","Grossarenic Alaquods","sandy",-85.4638214,30.4725742000001,2265129,"FL0301408",8,142,203,"Bh2","Sand",356973,NA,1,0.5,NA,"N",2,NA
517137,"Troup","TROUP","Grossarenic Kandiudults, loamy, kaolinitic, thermic","Ultisols","Udults","Kandiudults","Grossarenic Kandiudults","loamy",-85.4273224,30.5285397000001,2265161,"FL0302001",1,0,10,"A","Coarse sand",357005,NA,4.8000002,2.3,NA,"10YR",5,2
517137,"Troup","TROUP","Grossarenic Kandiudults, loamy, kaolinitic, thermic","Ultisols","Udults","Kandiudults","Grossarenic Kandiudults","loamy",-85.4273224,30.5285397000001,2265162,"FL0302002",2,10,36,"Bw1","Coarse sand",357006,NA,4.8000002,2.5999999,NA,"10YR",5,6
517137,"Troup","TROUP","Grossarenic Kandiudults, loamy, kaolinitic, thermic","Ultisols","Udults","Kandiudults","Grossarenic Kandiudults","loamy",-85.4273224,30.5285397000001,2265163,"FL0302003",3,36,96,"Bw2","Coarse sand",357007,NA,3.8,2.4000001,NA,"7.5YR",6,6
517137,"Troup","TROUP","Grossarenic Kandiudults, loamy, kaolinitic, thermic","Ultisols","Udults","Kandiudults","Grossarenic Kandiudults","loamy",-85.4273224,30.5285397000001,2265164,"FL0302004",4,96,142,"Bw3","Coarse sand",357008,NA,1.8,1.4,NA,"7.5YR",6,8
517137,"Troup","TROUP","Grossarenic Kandiudults, loamy, kaolinitic, thermic","Ultisols","Udults","Kandiudults","Grossarenic Kandiudults","loamy",-85.4273224,30.5285397000001,2265165,"FL0302005",5,142,152,"Bw4","Coarse sand",357009,NA,2,6,NA,"5YR",5,8
517137,"Troup","TROUP","Grossarenic Kandiudults, loamy, kaolinitic, thermic","Ultisols","Udults","Kandiudults","Grossarenic Kandiudults","loamy",-85.4273224,30.5285397000001,2265166,"FL0302006",6,152,203,"Bt","Coarse sandy loam",357010,NA,1.6,14.1999998,NA,"2.5YR",5,8
517680,"Lucy","LUCY","Arenic Kandiudults, loamy, kaolinitic, thermic","Ultisols","Udults","Kandiudults","Arenic Kandiudults","loamy",-84.0337219,30.5210648,2272721,"FL3300101",1,0,20,"Ap","Loamy fine sand",98393,NA,6,6.3000002,NA,"10YR",4,2
517680,"Lucy","LUCY","Arenic Kandiudults, loamy, kaolinitic, thermic","Ultisols","Udults","Kandiudults","Arenic Kandiudults","loamy",-84.0337219,30.5210648,2272722,"FL3300102",2,20,33,"Bw1","Loamy fine sand",98394,NA,7.9000001,6.6999998,NA,"10YR",4,3
517680,"Lucy","LUCY","Arenic Kandiudults, loamy, kaolinitic, thermic","Ultisols","Udults","Kandiudults","Arenic Kandiudults","loamy",-84.0337219,30.5210648,2272723,"FL3300103",3,33,46,"Bw2","Loamy fine sand",98395,NA,6.8000002,7.0999999,NA,"10YR",5,6
517680,"Lucy","LUCY","Arenic Kandiudults, loamy, kaolinitic, thermic","Ultisols","Udults","Kandiudults","Arenic Kandiudults","loamy",-84.0337219,30.5210648,2272724,"FL3300104",4,46,68,"Bw3","Loamy fine sand",98396,NA,6.5999999,6.1999998,NA,"7.5YR",5,6
517680,"Lucy","LUCY","Arenic Kandiudults, loamy, kaolinitic, thermic","Ultisols","Udults","Kandiudults","Arenic Kandiudults","loamy",-84.0337219,30.5210648,2272725,"FL3300105",5,68,86,"Bt1","Loamy fine sand",98397,NA,6.0999999,9.6000004,NA,"5YR",5,6
517680,"Lucy","LUCY","Arenic Kandiudults, loamy, kaolinitic, thermic","Ultisols","Udults","Kandiudults","Arenic Kandiudults","loamy",-84.0337219,30.5210648,2272726,"FL3300106",6,86,107,"Bt2","Fine sandy loam",98398,NA,5,19.8999996,NA,"5YR",4,6
517680,"Lucy","LUCY","Arenic Kandiudults, loamy, kaolinitic, thermic","Ultisols","Udults","Kandiudults","Arenic Kandiudults","loamy",-84.0337219,30.5210648,2272727,"FL3300107",7,107,137,"Bt3","Sandy clay loam",98399,NA,5.4000001,24.7999992,NA,"2.5YR",5,6
517680,"Lucy","LUCY","Arenic Kandiudults, loamy, kaolinitic, thermic","Ultisols","Udults","Kandiudults","Arenic Kandiudults","loamy",-84.0337219,30.5210648,2272728,"FL3300108",8,137,203,"Bt4","Sandy clay loam",101900,NA,4.6999998,25.8999996,NA,"2.5YR",4,8
517681,"Blanton","BLANTON","Grossarenic Paleudults, loamy, siliceous, semiactive, thermic","Ultisols","Udults","Paleudults","Grossarenic Paleudults","loamy",-84.035759,30.5135193,2272729,"FL3300201",1,0,23,"Ap","Fine sand",101901,NA,4.5,3.4000001,NA,"10YR",4,2
517681,"Blanton","BLANTON","Grossarenic Paleudults, loamy, siliceous, semiactive, thermic","Ultisols","Udults","Paleudults","Grossarenic Paleudults","loamy",-84.035759,30.5135193,2272730,"FL3300202",2,23,36,"A","Fine sand",101902,NA,5.4000001,3,NA,"10YR",4,3
517681,"Blanton","BLANTON","Grossarenic Paleudults, loamy, siliceous, semiactive, thermic","Ultisols","Udults","Paleudults","Grossarenic Paleudults","loamy",-84.035759,30.5135193,2272731,"FL3300203",3,36,53,"Bw1","Fine sand",101903,NA,5,3,NA,"10YR",6,4
517681,"Blanton","BLANTON","Grossarenic Paleudults, loamy, siliceous, semiactive, thermic","Ultisols","Udults","Paleudults","Grossarenic Paleudults","loamy",-84.035759,30.5135193,2272732,"FL3300204",4,53,68,"Bw2","Fine sand",101904,NA,4.3000002,3,NA,"10YR",7,6
517681,"Blanton","BLANTON","Grossarenic Paleudults, loamy, siliceous, semiactive, thermic","Ultisols","Udults","Paleudults","Grossarenic Paleudults","loamy",-84.035759,30.5135193,2272733,"FL3300205",5,68,102,"Bw3","Fine sand",101905,NA,3.9000001,2.9000001,NA,"",NA,NA
517681,"Blanton","BLANTON","Grossarenic Paleudults, loamy, siliceous, semiactive, thermic","Ultisols","Udults","Paleudults","Grossarenic Paleudults","loamy",-84.035759,30.5135193,2272734,"FL3300206",6,102,137,"Bw4","Fine sand",101906,NA,3.5,1.9,NA,"10YR",7,4
517681,"Blanton","BLANTON","Grossarenic Paleudults, loamy, siliceous, semiactive, thermic","Ultisols","Udults","Paleudults","Grossarenic Paleudults","loamy",-84.035759,30.5135193,2272735,"FL3300207",7,137,168,"Bw5","Fine sand",101907,NA,2.5,1.1,NA,"10YR",7,3
517681,"Blanton","BLANTON","Grossarenic Paleudults, loamy, siliceous, semiactive, thermic","Ultisols","Udults","Paleudults","Grossarenic Paleudults","loamy",-84.035759,30.5135193,2272736,"FL3300208",8,168,188,"Bt1","Loamy fine sand",101908,NA,2.8,11.6999998,NA,"10YR",5,6
517681,"Blanton","BLANTON","Grossarenic Paleudults, loamy, siliceous, semiactive, thermic","Ultisols","Udults","Paleudults","Grossarenic Paleudults","loamy",-84.035759,30.5135193,2272737,"FL3300209",9,188,203,"Bt2","Fine sandy loam",101909,NA,3.7,15.8000002,NA,"10YR",6,4
517684,"Orangeburg","ORANGEBURG","Typic Kandiudults, fine-loamy, kaolinitic, thermic","Ultisols","Udults","Kandiudults","Typic Kandiudults","fine-loamy",-83.9383926,30.6360035000001,2272750,"FL3300501",1,0,30,"Ap","Fine sandy loam",101922,NA,10.8000002,10.3000002,NA,"10YR",4,2
517684,"Orangeburg","ORANGEBURG","Typic Kandiudults, fine-loamy, kaolinitic, thermic","Ultisols","Udults","Kandiudults","Typic Kandiudults","fine-loamy",-83.9383926,30.6360035000001,2272751,"FL3300502",2,30,64,"Bt1","Sandy clay loam",101923,NA,9.1999998,27.2000008,NA,"2.5YR",4,6
517684,"Orangeburg","ORANGEBURG","Typic Kandiudults, fine-loamy, kaolinitic, thermic","Ultisols","Udults","Kandiudults","Typic Kandiudults","fine-loamy",-83.9383926,30.6360035000001,2272752,"FL3300503",3,64,130,"Bt2","Sandy clay",101924,NA,7.3000002,35.0999985,NA,"2.5YR",4,8
517684,"Orangeburg","ORANGEBURG","Typic Kandiudults, fine-loamy, kaolinitic, thermic","Ultisols","Udults","Kandiudults","Typic Kandiudults","fine-loamy",-83.9383926,30.6360035000001,2272753,"FL3300504",4,130,155,"Bt3","Sandy clay",101925,NA,6.8000002,45,NA,"2.5YR",4,8
517684,"Orangeburg","ORANGEBURG","Typic Kandiudults, fine-loamy, kaolinitic, thermic","Ultisols","Udults","Kandiudults","Typic Kandiudults","fine-loamy",-83.9383926,30.6360035000001,2272754,"FL3300505",5,155,203,"Bt4","Sandy clay",101926,NA,8.1000004,45.5,NA,"2.5YR",4,8
517685,"Cowarts","COWARTS","Typic Kanhapludults, fine-loamy, kaolinitic, thermic","Ultisols","Udults","Kanhapludults","Typic Kanhapludults","fine-loamy",-83.8272704999999,30.6271591,2272755,"FL3300601",1,0,18,"Ap","Loamy sand",101927,NA,5.4000001,11.6999998,NA,"10YR",4,2
517685,"Cowarts","COWARTS","Typic Kanhapludults, fine-loamy, kaolinitic, thermic","Ultisols","Udults","Kanhapludults","Typic Kanhapludults","fine-loamy",-83.8272704999999,30.6271591,2272756,"FL3300602",2,18,28,"Bt1","Fine sandy loam",101928,NA,6,17.8999996,NA,"10YR",5,4
517685,"Cowarts","COWARTS","Typic Kanhapludults, fine-loamy, kaolinitic, thermic","Ultisols","Udults","Kanhapludults","Typic Kanhapludults","fine-loamy",-83.8272704999999,30.6271591,2272757,"FL3300603",3,28,43,"Bt2","Sandy clay loam",101929,NA,6.9000001,31.2000008,NA,"10YR",5,8
517685,"Cowarts","COWARTS","Typic Kanhapludults, fine-loamy, kaolinitic, thermic","Ultisols","Udults","Kanhapludults","Typic Kanhapludults","fine-loamy",-83.8272704999999,30.6271591,2272758,"FL3300604",4,43,76,"Bt3","Sandy clay",101930,NA,7,41,NA,"7.5YR",5,8
517685,"Cowarts","COWARTS","Typic Kanhapludults, fine-loamy, kaolinitic, thermic","Ultisols","Udults","Kanhapludults","Typic Kanhapludults","fine-loamy",-83.8272704999999,30.6271591,2272759,"FL3300605",5,76,104,"C","Sandy clay loam",101931,NA,2.9000001,30.7000008,NA,"7.5YR",5,8
517685,"Cowarts","COWARTS","Typic Kanhapludults, fine-loamy, kaolinitic, thermic","Ultisols","Udults","Kanhapludults","Typic Kanhapludults","fine-loamy",-83.8272704999999,30.6271591,2272760,"FL3300606",6,104,203,"C","Sandy clay loam",101932,NA,3.8,27.7999992,NA,"7.5YR",5,8
517686,"Bonifay","BONIFAY","Grossarenic Plinthic Paleudults, loamy, siliceous, subactive, thermic","Ultisols","Udults","Kandiudults","Grossarenic Plinthic Paleudults","loamy",-84.0385818,30.4894505,2272761,"FL3300701",1,0,20,"Ap","Fine sand",101933,NA,5,2.7,NA,"10YR",4,3
517686,"Bonifay","BONIFAY","Grossarenic Plinthic Paleudults, loamy, siliceous, subactive, thermic","Ultisols","Udults","Kandiudults","Grossarenic Plinthic Paleudults","loamy",-84.0385818,30.4894505,2272762,"FL3300702",2,20,46,"Bw1","Fine sand",101934,NA,6,4.3000002,NA,"10YR",5,6
517686,"Bonifay","BONIFAY","Grossarenic Plinthic Paleudults, loamy, siliceous, subactive, thermic","Ultisols","Udults","Kandiudults","Grossarenic Plinthic Paleudults","loamy",-84.0385818,30.4894505,2272763,"FL3300703",3,46,76,"Bw2","Fine sand",101935,NA,6,3.8,NA,"10YR",5,8
517686,"Bonifay","BONIFAY","Grossarenic Plinthic Paleudults, loamy, siliceous, subactive, thermic","Ultisols","Udults","Kandiudults","Grossarenic Plinthic Paleudults","loamy",-84.0385818,30.4894505,2272764,"FL3300704",4,76,122,"Bw3","Fine sand",101936,NA,5.3000002,3.8,NA,"10YR",5,8
517686,"Bonifay","BONIFAY","Grossarenic Plinthic Paleudults, loamy, siliceous, subactive, thermic","Ultisols","Udults","Kandiudults","Grossarenic Plinthic Paleudults","loamy",-84.0385818,30.4894505,2272765,"FL3300705",5,122,132,"Bt","Fine sandy loam",101937,NA,5.6999998,14.1000004,NA,"10YR",5,6
517686,"Bonifay","BONIFAY","Grossarenic Plinthic Paleudults, loamy, siliceous, subactive, thermic","Ultisols","Udults","Kandiudults","Grossarenic Plinthic Paleudults","loamy",-84.0385818,30.4894505,2272766,"FL3300706",6,132,150,"Btv1","Sandy clay loam",101938,NA,3.8,21.7000008,NA,"10YR",5,6
517686,"Bonifay","BONIFAY","Grossarenic Plinthic Paleudults, loamy, siliceous, subactive, thermic","Ultisols","Udults","Kandiudults","Grossarenic Plinthic Paleudults","loamy",-84.0385818,30.4894505,2272767,"FL3300707",7,150,203,"Btv2","Clay",101939,NA,12,43,NA,"7.5YR",5,8
517688,"Alpin","ALPIN","Lamellic Quartzipsamments, coated, thermic","Entisols","Psamments","Quartzipsamments","Lamellic Quartzipsamments","sandy",-84.0718917999999,30.3970585000001,2272774,"FL3300901",1,0,10,"A","Fine sand",101946,NA,3.5,2.4000001,NA,"10YR",4,2
517688,"Alpin","ALPIN","Lamellic Quartzipsamments, coated, thermic","Entisols","Psamments","Quartzipsamments","Lamellic Quartzipsamments","sandy",-84.0718917999999,30.3970585000001,2272775,"FL3300902",2,10,51,"Bw1","Fine sand",101947,NA,3.8,2.5999999,NA,"10YR",5,4
517688,"Alpin","ALPIN","Lamellic Quartzipsamments, coated, thermic","Entisols","Psamments","Quartzipsamments","Lamellic Quartzipsamments","sandy",-84.0718917999999,30.3970585000001,2272776,"FL3300903",3,51,102,"Bw2","Fine sand",101948,NA,3.5,2.5,NA,"10YR",6,6
517688,"Alpin","ALPIN","Lamellic Quartzipsamments, coated, thermic","Entisols","Psamments","Quartzipsamments","Lamellic Quartzipsamments","sandy",-84.0718917999999,30.3970585000001,2272777,"FL3300904",4,102,119,"Bw3","Fine sand",101949,NA,2.5999999,2.0999999,NA,"10YR",7,6
517688,"Alpin","ALPIN","Lamellic Quartzipsamments, coated, thermic","Entisols","Psamments","Quartzipsamments","Lamellic Quartzipsamments","sandy",-84.0718917999999,30.3970585000001,2272778,"FL3300905",5,119,203,"Bw/Bt","Fine sand",101950,NA,2.5999999,3.2,NA,"7.5YR",5,8
517689,"Foxworth","FOXWORTH","Typic Quartzipsamments, thermic, coated","Entisols","Psamments","Quartzipsamments","Typic Quartzipsamments","sandy",-84.0733109,30.3992023000001,2272779,"FL3301001",1,0,18,"A","Fine sand",101951,NA,3,2.0999999,NA,"10YR",4,2
517689,"Foxworth","FOXWORTH","Typic Quartzipsamments, thermic, coated","Entisols","Psamments","Quartzipsamments","Typic Quartzipsamments","sandy",-84.0733109,30.3992023000001,2272780,"FL3301002",2,18,43,"Bw1","Fine sand",101952,NA,4.5,1.7,NA,"10YR",6,2
517689,"Foxworth","FOXWORTH","Typic Quartzipsamments, thermic, coated","Entisols","Psamments","Quartzipsamments","Typic Quartzipsamments","sandy",-84.0733109,30.3992023000001,2272781,"FL3301003",3,43,76,"Bw2","Fine sand",101953,NA,3.7,1.7,NA,"10YR",6,3
517689,"Foxworth","FOXWORTH","Typic Quartzipsamments, thermic, coated","Entisols","Psamments","Quartzipsamments","Typic Quartzipsamments","sandy",-84.0733109,30.3992023000001,2272782,"FL3301004",4,76,107,"Bw3","Fine sand",101954,NA,4,0.8,NA,"10YR",7,6
517689,"Foxworth","FOXWORTH","Typic Quartzipsamments, thermic, coated","Entisols","Psamments","Quartzipsamments","Typic Quartzipsamments","sandy",-84.0733109,30.3992023000001,2272783,"FL3301005",5,107,162,"Bw4","Fine sand",101955,NA,3.0999999,1.5,NA,"10YR",8,6
517689,"Foxworth","FOXWORTH","Typic Quartzipsamments, thermic, coated","Entisols","Psamments","Quartzipsamments","Typic Quartzipsamments","sandy",-84.0733109,30.3992023000001,2272784,"FL3301006",6,162,198,"Eg1","Fine sand",101956,NA,2.2,0.7,NA,"10YR",8,1
517689,"Foxworth","FOXWORTH","Typic Quartzipsamments, thermic, coated","Entisols","Psamments","Quartzipsamments","Typic Quartzipsamments","sandy",-84.0733109,30.3992023000001,2272785,"FL3301007",7,198,208,"Eg2","Sand",101957,NA,4.0999999,2.3,NA,"7.5YR",5,2
517690,"Hurricane","HURRICANE","Aquic Grossarenic Alorthods, sandy, siliceous, thermic","Spodosols","Orthods","Alorthods","Grossarenic Alorthods","sandy",-84.0715714,30.4110031000001,2272786,"FL3301101",1,0,18,"A","Fine sand",101958,NA,4.5,2.5,NA,"10YR",4,2
517690,"Hurricane","HURRICANE","Aquic Grossarenic Alorthods, sandy, siliceous, thermic","Spodosols","Orthods","Alorthods","Grossarenic Alorthods","sandy",-84.0715714,30.4110031000001,2272787,"FL3301102",2,18,53,"Bw1","Fine sand",101959,NA,4.1999998,2,NA,"10YR",5,2
517690,"Hurricane","HURRICANE","Aquic Grossarenic Alorthods, sandy, siliceous, thermic","Spodosols","Orthods","Alorthods","Grossarenic Alorthods","sandy",-84.0715714,30.4110031000001,2272788,"FL3301103",3,53,99,"Bw2","Fine sand",101960,NA,3.8,2,NA,"10YR",7,3
517690,"Hurricane","HURRICANE","Aquic Grossarenic Alorthods, sandy, siliceous, thermic","Spodosols","Orthods","Alorthods","Grossarenic Alorthods","sandy",-84.0715714,30.4110031000001,2272789,"FL3301104",4,99,135,"Eg1","Fine sand",101961,NA,2.8,2,NA,"10YR",7,1
517690,"Hurricane","HURRICANE","Aquic Grossarenic Alorthods, sandy, siliceous, thermic","Spodosols","Orthods","Alorthods","Grossarenic Alorthods","sandy",-84.0715714,30.4110031000001,2272790,"FL3301105",5,135,178,"Eg2","Fine sand",101962,NA,1.6,1,NA,"10YR",8,1
517690,"Hurricane","HURRICANE","Aquic Grossarenic Alorthods, sandy, siliceous, thermic","Spodosols","Orthods","Alorthods","Grossarenic Alorthods","sandy",-84.0715714,30.4110031000001,2272791,"FL3301106",6,178,203,"Bh","Fine sand",101963,NA,2.8,3,NA,"7.5YR",5,2
517691,"Albany","ALBANY","Aquic Grossarenic Paleudults, loamy, siliceous, subactive, thermic","Ultisols","Udults","Paleudults","Grossarenic Paleudults","loamy",-84.0474548,30.3392506000001,2272792,"FL3301201",1,0,18,"A","Sand",101964,NA,5.9000001,3.0999999,NA,"10YR",4,1
517691,"Albany","ALBANY","Aquic Grossarenic Paleudults, loamy, siliceous, subactive, thermic","Ultisols","Udults","Paleudults","Grossarenic Paleudults","loamy",-84.0474548,30.3392506000001,2272793,"FL3301202",2,18,43,"Bw1","Sand",101965,NA,10.8000002,2.5999999,NA,"10YR",6,3
517691,"Albany","ALBANY","Aquic Grossarenic Paleudults, loamy, siliceous, subactive, thermic","Ultisols","Udults","Paleudults","Grossarenic Paleudults","loamy",-84.0474548,30.3392506000001,2272794,"FL3301203",3,43,66,"Bw2","Fine sand",101966,NA,8,2.2,NA,"10YR",7,2
517691,"Albany","ALBANY","Aquic Grossarenic Paleudults, loamy, siliceous, subactive, thermic","Ultisols","Udults","Paleudults","Grossarenic Paleudults","loamy",-84.0474548,30.3392506000001,2272795,"FL3301204",4,66,102,"Eg1","Sand",101967,NA,5.9000001,2.0999999,NA,"10YR",8,1
517691,"Albany","ALBANY","Aquic Grossarenic Paleudults, loamy, siliceous, subactive, thermic","Ultisols","Udults","Paleudults","Grossarenic Paleudults","loamy",-84.0474548,30.3392506000001,2272796,"FL3301205",5,102,165,"Eg2","Fine sand",101968,NA,4,0.6,NA,"10YR",6,2
517691,"Albany","ALBANY","Aquic Grossarenic Paleudults, loamy, siliceous, subactive, thermic","Ultisols","Udults","Paleudults","Grossarenic Paleudults","loamy",-84.0474548,30.3392506000001,2272797,"FL3301206",6,165,183,"Eg3","Sand",101969,NA,6.6999998,4.5,NA,"10YR",6,1
517691,"Albany","ALBANY","Aquic Grossarenic Paleudults, loamy, siliceous, subactive, thermic","Ultisols","Udults","Paleudults","Grossarenic Paleudults","loamy",-84.0474548,30.3392506000001,2272798,"FL3301207",7,183,203,"Btg","Fine sandy loam",101970,NA,16.3999996,9.6000004,NA,"10YR",6,1
517692,"Orangeburg","ORANGEBURG","Typic Kandiudults, fine-loamy, kaolinitic, thermic","Ultisols","Udults","Kandiudults","Typic Kandiudults","fine-loamy",-83.8908615,30.4044132000001,2272799,"FL3301301",1,0,18,"Ap","Sandy loam",101971,NA,5,15,NA,"10YR",3,2
517692,"Orangeburg","ORANGEBURG","Typic Kandiudults, fine-loamy, kaolinitic, thermic","Ultisols","Udults","Kandiudults","Typic Kandiudults","fine-loamy",-83.8908615,30.4044132000001,2272800,"FL3301302",2,18,86,"Bt1","Sandy clay loam",101972,NA,8.1999998,28.6000004,NA,"2.5YR",4,8
517692,"Orangeburg","ORANGEBURG","Typic Kandiudults, fine-loamy, kaolinitic, thermic","Ultisols","Udults","Kandiudults","Typic Kandiudults","fine-loamy",-83.8908615,30.4044132000001,2272801,"FL3301303",3,86,152,"Bt2","Sandy clay",101973,NA,4.1999998,38.5999985,NA,"2.5YR",4,8
517692,"Orangeburg","ORANGEBURG","Typic Kandiudults, fine-loamy, kaolinitic, thermic","Ultisols","Udults","Kandiudults","Typic Kandiudults","fine-loamy",-83.8908615,30.4044132000001,2272802,"FL3301304",4,152,203,"Bt3","Sandy clay",101974,NA,3.8,35.5999985,NA,"2.5YR",4,8
517693,"Steens","STEENS","Aeric Endoaqualfs, fine-loamy, siliceous, semiactive, thermic","Alfisols","Aqualfs","Endoaqualfs","Aeric Endoaqualfs","fine-loamy",-84.04319,30.314373,2272803,"FL3301401",1,0,18,"A","Loamy fine sand",101975,NA,14.1000004,1.5,NA,"10YR",3,1
517693,"Steens","STEENS","Aeric Endoaqualfs, fine-loamy, siliceous, semiactive, thermic","Alfisols","Aqualfs","Endoaqualfs","Aeric Endoaqualfs","fine-loamy",-84.04319,30.314373,2272804,"FL3301402",2,18,30,"Bw","Loamy fine sand",101976,NA,10.3999996,5,NA,"10YR",4,3
517693,"Steens","STEENS","Aeric Endoaqualfs, fine-loamy, siliceous, semiactive, thermic","Alfisols","Aqualfs","Endoaqualfs","Aeric Endoaqualfs","fine-loamy",-84.04319,30.314373,2272805,"FL3301403",3,30,48,"Bt","Fine sandy loam",101977,NA,9.8000002,15.1999998,NA,"2.5Y",5,6
517693,"Steens","STEENS","Aeric Endoaqualfs, fine-loamy, siliceous, semiactive, thermic","Alfisols","Aqualfs","Endoaqualfs","Aeric Endoaqualfs","fine-loamy",-84.04319,30.314373,2272806,"FL3301404",4,48,122,"Btg1","Sandy clay loam",101978,NA,9.6000004,28.8999996,NA,"5Y",6,1
517693,"Steens","STEENS","Aeric Endoaqualfs, fine-loamy, siliceous, semiactive, thermic","Alfisols","Aqualfs","Endoaqualfs","Aeric Endoaqualfs","fine-loamy",-84.04319,30.314373,2272807,"FL3301405",5,122,178,"Btg2","Clay",101979,NA,14.8999996,48.9000015,NA,"5Y",6,1
517693,"Steens","STEENS","Aeric Endoaqualfs, fine-loamy, siliceous, semiactive, thermic","Alfisols","Aqualfs","Endoaqualfs","Aeric Endoaqualfs","fine-loamy",-84.04319,30.314373,2272808,"FL3301406",6,178,201,"2Cg1","Silty clay loam",101980,NA,65.5999985,28,NA,"",NA,NA
517693,"Steens","STEENS","Aeric Endoaqualfs, fine-loamy, siliceous, semiactive, thermic","Alfisols","Aqualfs","Endoaqualfs","Aeric Endoaqualfs","fine-loamy",-84.04319,30.314373,2272809,"FL3301407",7,201,216,"2Cg2","Silt loam",101981,NA,78.4000015,15.1999998,NA,"10YR",8,1
517694,"Albany","ALBANY","Aquic Grossarenic Paleudults, loamy, siliceous, subactive, thermic","Ultisols","Udults","Paleudults","Grossarenic Paleudults","loamy",-84.0465392999999,30.3399315,2272810,"FL3301501",1,0,23,"A","Fine sand",101982,NA,5.5999999,1.6,NA,"10YR",4,1
517694,"Albany","ALBANY","Aquic Grossarenic Paleudults, loamy, siliceous, subactive, thermic","Ultisols","Udults","Paleudults","Grossarenic Paleudults","loamy",-84.0465392999999,30.3399315,2272811,"FL3301502",2,23,64,"Bw","Fine sand",101983,NA,7.4000001,1,NA,"",NA,NA
517694,"Albany","ALBANY","Aquic Grossarenic Paleudults, loamy, siliceous, subactive, thermic","Ultisols","Udults","Paleudults","Grossarenic Paleudults","loamy",-84.0465392999999,30.3399315,2272812,"FL3301503",3,64,79,"Eg1","Fine sand",101984,NA,5.8000002,1.4,NA,"10YR",7,2
517694,"Albany","ALBANY","Aquic Grossarenic Paleudults, loamy, siliceous, subactive, thermic","Ultisols","Udults","Paleudults","Grossarenic Paleudults","loamy",-84.0465392999999,30.3399315,2272813,"FL3301504",4,79,142,"Eg2","Fine sand",101985,NA,6.1999998,1.2,NA,"10YR",8,1
517694,"Albany","ALBANY","Aquic Grossarenic Paleudults, loamy, siliceous, subactive, thermic","Ultisols","Udults","Paleudults","Grossarenic Paleudults","loamy",-84.0465392999999,30.3399315,2272814,"FL3301505",5,142,178,"Btg1","Loamy fine sand",101986,NA,7.5999999,11,NA,"10YR",6,2
517694,"Albany","ALBANY","Aquic Grossarenic Paleudults, loamy, siliceous, subactive, thermic","Ultisols","Udults","Paleudults","Grossarenic Paleudults","loamy",-84.0465392999999,30.3399315,2272815,"FL3301506",6,178,193,"Btg2","Very fine sandy loam",101987,NA,8,17.3999996,NA,"10YR",6,1
517694,"Albany","ALBANY","Aquic Grossarenic Paleudults, loamy, siliceous, subactive, thermic","Ultisols","Udults","Paleudults","Grossarenic Paleudults","loamy",-84.0465392999999,30.3399315,2272816,"FL3301507",7,193,203,"Btg3","Sandy clay loam",101988,NA,8.3000002,20.8999996,NA,"10YR",6,1
517695,"Chaires","CHAIRES","Alfic Alaquods, sandy over loamy, siliceous, thermic","Spodosols","Aquods","Alaquods","Alfic Alaquods","sandy over loamy",-84.0268935999999,30.3309803000001,2272817,"FL3301601",1,0,20,"A","Very fine sand",101989,NA,8.8000002,1.2,NA,"",NA,NA
517695,"Chaires","CHAIRES","Alfic Alaquods, sandy over loamy, siliceous, thermic","Spodosols","Aquods","Alaquods","Alfic Alaquods","sandy over loamy",-84.0268935999999,30.3309803000001,2272818,"FL3301602",2,20,36,"E/Eg","Fine sand",101990,NA,7.1999998,0.8,NA,"10YR",5,1
517695,"Chaires","CHAIRES","Alfic Alaquods, sandy over loamy, siliceous, thermic","Spodosols","Aquods","Alaquods","Alfic Alaquods","sandy over loamy",-84.0268935999999,30.3309803000001,2272819,"FL3301603",3,36,41,"Bh1","Fine sand",101991,NA,9.6999998,3.0999999,NA,"5YR",3,1
517695,"Chaires","CHAIRES","Alfic Alaquods, sandy over loamy, siliceous, thermic","Spodosols","Aquods","Alaquods","Alfic Alaquods","sandy over loamy",-84.0268935999999,30.3309803000001,2272820,"FL3301604",4,41,51,"Bh2","Loamy fine sand",101992,NA,12.6999998,3.0999999,NA,"10YR",3,3
517695,"Chaires","CHAIRES","Alfic Alaquods, sandy over loamy, siliceous, thermic","Spodosols","Aquods","Alaquods","Alfic Alaquods","sandy over loamy",-84.0268935999999,30.3309803000001,2272821,"FL3301605",5,51,66,"Bw","Fine sand",101993,NA,10,1.6,NA,"10YR",6,3
517695,"Chaires","CHAIRES","Alfic Alaquods, sandy over loamy, siliceous, thermic","Spodosols","Aquods","Alaquods","Alfic Alaquods","sandy over loamy",-84.0268935999999,30.3309803000001,2272822,"FL3301606",6,66,76,"Bt1","Loamy fine sand",101994,NA,11.6999998,8.3000002,NA,"10YR",7,4
517695,"Chaires","CHAIRES","Alfic Alaquods, sandy over loamy, siliceous, thermic","Spodosols","Aquods","Alaquods","Alfic Alaquods","sandy over loamy",-84.0268935999999,30.3309803000001,2272823,"FL3301607",7,76,94,"Bt2","Very fine sandy loam",101995,NA,11,19.3999996,NA,"10YR",7,4
517695,"Chaires","CHAIRES","Alfic Alaquods, sandy over loamy, siliceous, thermic","Spodosols","Aquods","Alaquods","Alfic Alaquods","sandy over loamy",-84.0268935999999,30.3309803000001,2272824,"FL3301608",8,94,140,"Bt3","Sandy clay loam",101996,NA,10.1999998,22.6000004,NA,"10YR",7,4
517695,"Chaires","CHAIRES","Alfic Alaquods, sandy over loamy, siliceous, thermic","Spodosols","Aquods","Alaquods","Alfic Alaquods","sandy over loamy",-84.0268935999999,30.3309803000001,2272825,"FL3301609",9,140,173,"Btg","Sandy clay loam",101997,NA,10.1999998,27,NA,"10YR",5,1
517695,"Chaires","CHAIRES","Alfic Alaquods, sandy over loamy, siliceous, thermic","Spodosols","Aquods","Alaquods","Alfic Alaquods","sandy over loamy",-84.0268935999999,30.3309803000001,2272826,"FL3301610",10,173,203,"Cg","Clay",101998,NA,16.2000008,60.2000008,NA,"5B",7,1
517696,"Lakeland","LAKELAND","Typic Quartzipsamments, thermic, coated","Entisols","Psamments","Quartzipsamments","Typic Quartzipsamments","not used",-84.0403519,30.3703365000001,2272827,"FL3301701",1,0,20,"Ap","Sand",101999,NA,1.2,3.3,NA,"10YR",4,2
517696,"Lakeland","LAKELAND","Typic Quartzipsamments, thermic, coated","Entisols","Psamments","Quartzipsamments","Typic Quartzipsamments","not used",-84.0403519,30.3703365000001,2272828,"FL3301702",2,20,41,"Bw1","Sand",105400,NA,5.0999999,2.5,NA,"10YR",4,3
517696,"Lakeland","LAKELAND","Typic Quartzipsamments, thermic, coated","Entisols","Psamments","Quartzipsamments","Typic Quartzipsamments","not used",-84.0403519,30.3703365000001,2272829,"FL3301703",3,41,56,"Bw2","Sand",105401,NA,4.3000002,2.3,NA,"10YR",4,6
517696,"Lakeland","LAKELAND","Typic Quartzipsamments, thermic, coated","Entisols","Psamments","Quartzipsamments","Typic Quartzipsamments","not used",-84.0403519,30.3703365000001,2272830,"FL3301704",4,56,102,"Bw3","Sand",105402,NA,3.5,3.0999999,NA,"10YR",5,6
517696,"Lakeland","LAKELAND","Typic Quartzipsamments, thermic, coated","Entisols","Psamments","Quartzipsamments","Typic Quartzipsamments","not used",-84.0403519,30.3703365000001,2272831,"FL3301705",5,102,203,"Bw4","Fine sand",105403,NA,2.5999999,3.5999999,NA,"10YR",6,8
517697,"Rains","RAINS","Typic Paleaquults, fine-loamy, siliceous, semiactive, thermic","Ultisols","Aquults","Paleaquults","Typic Paleaquults","fine-loamy",-83.8895492999999,30.6154060000001,2272832,"FL3301801",1,0,10,"A","Fine sandy loam",105404,NA,17.2999992,16.3999996,NA,"10YR",2,1
517697,"Rains","RAINS","Typic Paleaquults, fine-loamy, siliceous, semiactive, thermic","Ultisols","Aquults","Paleaquults","Typic Paleaquults","fine-loamy",-83.8895492999999,30.6154060000001,2272833,"FL3301802",2,10,18,"Eg","Fine sandy loam",105405,NA,17.6000004,9.8000002,NA,"10YR",5,1
517697,"Rains","RAINS","Typic Paleaquults, fine-loamy, siliceous, semiactive, thermic","Ultisols","Aquults","Paleaquults","Typic Paleaquults","fine-loamy",-83.8895492999999,30.6154060000001,2272834,"FL3301803",3,18,36,"Btg1","Fine sandy loam",105406,NA,16.7000008,13.6999998,NA,"5Y",6,2
517697,"Rains","RAINS","Typic Paleaquults, fine-loamy, siliceous, semiactive, thermic","Ultisols","Aquults","Paleaquults","Typic Paleaquults","fine-loamy",-83.8895492999999,30.6154060000001,2272835,"FL3301804",4,36,56,"Btg2","Sandy clay",105407,NA,15.5,38.9000015,NA,"5Y",6,1
517697,"Rains","RAINS","Typic Paleaquults, fine-loamy, siliceous, semiactive, thermic","Ultisols","Aquults","Paleaquults","Typic Paleaquults","fine-loamy",-83.8895492999999,30.6154060000001,2272836,"FL3301805",5,56,119,"Btg3","Sandy clay",105408,NA,11.1999998,39.4000015,NA,"5Y",5,1
517697,"Rains","RAINS","Typic Paleaquults, fine-loamy, siliceous, semiactive, thermic","Ultisols","Aquults","Paleaquults","Typic Paleaquults","fine-loamy",-83.8895492999999,30.6154060000001,2272837,"FL3301806",6,119,180,"Btg3","Clay",105409,NA,7.8000002,54,NA,"5Y",5,1
517697,"Rains","RAINS","Typic Paleaquults, fine-loamy, siliceous, semiactive, thermic","Ultisols","Aquults","Paleaquults","Typic Paleaquults","fine-loamy",-83.8895492999999,30.6154060000001,2272838,"FL3301807",7,180,203,"Btg4","Clay",105410,NA,6.9000001,50.0999985,NA,"5Y",7,1
517698,"Surrency","SURRENCY","Arenic Umbric Endoaqualfs, loamy, siliceous, semiactive, thermic","Alfisols","Aqualfs","Endoaqualfs","Umbric Endoaqualfs","loamy",-84.0262833,30.4854412,2272839,"FL3301901",1,0,28,"Ap","Fine sand",105411,NA,5.9000001,3.2,NA,"",NA,NA
517698,"Surrency","SURRENCY","Arenic Umbric Endoaqualfs, loamy, siliceous, semiactive, thermic","Alfisols","Aqualfs","Endoaqualfs","Umbric Endoaqualfs","loamy",-84.0262833,30.4854412,2272840,"FL3301902",2,28,38,"A","Fine sand",105412,NA,7.0999999,1.9,NA,"10YR",4,1
517698,"Surrency","SURRENCY","Arenic Umbric Endoaqualfs, loamy, siliceous, semiactive, thermic","Alfisols","Aqualfs","Endoaqualfs","Umbric Endoaqualfs","loamy",-84.0262833,30.4854412,2272841,"FL3301903",3,38,66,"Eg","Fine sand",105413,NA,5.6999998,2.5,NA,"10YR",6,1
517698,"Surrency","SURRENCY","Arenic Umbric Endoaqualfs, loamy, siliceous, semiactive, thermic","Alfisols","Aqualfs","Endoaqualfs","Umbric Endoaqualfs","loamy",-84.0262833,30.4854412,2272842,"FL3301904",4,66,99,"Btg1","Fine sandy loam",105414,NA,5.4000001,18.3999996,NA,"5Y",6,1
517698,"Surrency","SURRENCY","Arenic Umbric Endoaqualfs, loamy, siliceous, semiactive, thermic","Alfisols","Aqualfs","Endoaqualfs","Umbric Endoaqualfs","loamy",-84.0262833,30.4854412,2272843,"FL3301905",5,99,150,"Btg2","Sandy clay loam",105415,NA,1.3,29.1000004,NA,"5Y",7,1
517698,"Surrency","SURRENCY","Arenic Umbric Endoaqualfs, loamy, siliceous, semiactive, thermic","Alfisols","Aqualfs","Endoaqualfs","Umbric Endoaqualfs","loamy",-84.0262833,30.4854412,2272844,"FL3301906",6,150,203,"Btg3","Sandy clay loam",105416,NA,3.8,32.7999992,NA,"5Y",6,1
517700,"Blanton","BLANTON","Grossarenic Paleudults, sandy, siliceous, semiactive, thermic","Ultisols","Udults","Paleudults","Grossarenic Paleudults","sandy",-83.9545363999999,30.3512554000001,2272855,"FL3302101",1,0,18,"A","Fine sand",105427,NA,4.5999999,2.8,NA,"10YR",3,1
517700,"Blanton","BLANTON","Grossarenic Paleudults, sandy, siliceous, semiactive, thermic","Ultisols","Udults","Paleudults","Grossarenic Paleudults","sandy",-83.9545363999999,30.3512554000001,2272856,"FL3302102",2,18,43,"Bw1","Fine sand",105428,NA,7.6999998,1,NA,"10YR",6,3
517700,"Blanton","BLANTON","Grossarenic Paleudults, sandy, siliceous, semiactive, thermic","Ultisols","Udults","Paleudults","Grossarenic Paleudults","sandy",-83.9545363999999,30.3512554000001,2272857,"FL3302103",3,43,89,"Bw2","Fine sand",105429,NA,7,1,NA,"10YR",7,1
517700,"Blanton","BLANTON","Grossarenic Paleudults, sandy, siliceous, semiactive, thermic","Ultisols","Udults","Paleudults","Grossarenic Paleudults","sandy",-83.9545363999999,30.3512554000001,2272858,"FL3302104",4,89,114,"Bw3","Fine sand",105430,NA,6,1,NA,"10YR",7,3
517700,"Blanton","BLANTON","Grossarenic Paleudults, sandy, siliceous, semiactive, thermic","Ultisols","Udults","Paleudults","Grossarenic Paleudults","sandy",-83.9545363999999,30.3512554000001,2272859,"FL3302105",5,114,162,"Bt","Loamy fine sand",105431,NA,5.9000001,8.1000004,NA,"10YR",6,1
517700,"Blanton","BLANTON","Grossarenic Paleudults, sandy, siliceous, semiactive, thermic","Ultisols","Udults","Paleudults","Grossarenic Paleudults","sandy",-83.9545363999999,30.3512554000001,2272860,"FL3302106",6,162,201,"Btg1","Sandy clay loam",105432,NA,4.3000002,23.8999996,NA,"5YR",5,6
517700,"Blanton","BLANTON","Grossarenic Paleudults, sandy, siliceous, semiactive, thermic","Ultisols","Udults","Paleudults","Grossarenic Paleudults","sandy",-83.9545363999999,30.3512554000001,2272861,"FL3302107",7,201,213,"Btg2","Sandy clay loam",105433,NA,3.0999999,20.1000004,NA,"10YR",7,1
517701,"Coxville","COXVILLE","Typic Paleaquults, fine, kaolinitic, thermic","Ultisols","Aquults","Paleaquults","Typic Paleaquults","fine",-83.8576889,30.5978756000001,2272862,"FL3302201",1,0,23,"Ap","Loam",105434,NA,30.7999992,24.2000008,NA,"10YR",4,1
517701,"Coxville","COXVILLE","Typic Paleaquults, fine, kaolinitic, thermic","Ultisols","Aquults","Paleaquults","Typic Paleaquults","fine",-83.8576889,30.5978756000001,2272863,"FL3302202",2,23,41,"Btg1","Sandy clay loam",105435,NA,21.1000004,29.2000008,NA,"10YR",6,1
517701,"Coxville","COXVILLE","Typic Paleaquults, fine, kaolinitic, thermic","Ultisols","Aquults","Paleaquults","Typic Paleaquults","fine",-83.8576889,30.5978756000001,2272864,"FL3302203",3,41,91,"Btg2","Clay",105436,NA,9.3999996,50.2000008,NA,"10YR",6,1
517701,"Coxville","COXVILLE","Typic Paleaquults, fine, kaolinitic, thermic","Ultisols","Aquults","Paleaquults","Typic Paleaquults","fine",-83.8576889,30.5978756000001,2272865,"FL3302204",4,91,122,"Btg3","Clay",105437,NA,7.1999998,48.7999992,NA,"10YR",6,1
517701,"Coxville","COXVILLE","Typic Paleaquults, fine, kaolinitic, thermic","Ultisols","Aquults","Paleaquults","Typic Paleaquults","fine",-83.8576889,30.5978756000001,2272866,"FL3302205",5,122,175,"Btg4","Clay",105438,NA,5.8000002,58.2000008,NA,"5Y",7,1
517701,"Coxville","COXVILLE","Typic Paleaquults, fine, kaolinitic, thermic","Ultisols","Aquults","Paleaquults","Typic Paleaquults","fine",-83.8576889,30.5978756000001,2272867,"FL3302206",6,175,203,"Btg5","Sandy clay",105439,NA,7.8000002,50.5999985,NA,"5Y",7,1
517705,"Sapelo","SAPELO","Ultic Alaquods, sandy, siliceous, thermic","Spodosols","Aquods","Alaquods","Ultic Alaquods","sandy",-83.8273849,30.3733864000001,2272888,"FL3302601",1,0,23,"A","Sand",105460,NA,11.8999996,1.5,NA,"N",2,NA
517705,"Sapelo","SAPELO","Ultic Alaquods, sandy, siliceous, thermic","Spodosols","Aquods","Alaquods","Ultic Alaquods","sandy",-83.8273849,30.3733864000001,2272889,"FL3302602",2,23,53,"Eg","Sand",105461,NA,3.7,1.1,NA,"10YR",6,1
517705,"Sapelo","SAPELO","Ultic Alaquods, sandy, siliceous, thermic","Spodosols","Aquods","Alaquods","Ultic Alaquods","sandy",-83.8273849,30.3733864000001,2272890,"FL3302603",3,53,96,"Bh1","Loamy sand",105462,NA,13.3000002,5.6999998,NA,"7.5YR",3,2
517705,"Sapelo","SAPELO","Ultic Alaquods, sandy, siliceous, thermic","Spodosols","Aquods","Alaquods","Ultic Alaquods","sandy",-83.8273849,30.3733864000001,2272891,"FL3302604",4,96,109,"Bt","Fine sandy loam",105463,NA,10,16.8999996,NA,"10YR",3,3
517705,"Sapelo","SAPELO","Ultic Alaquods, sandy, siliceous, thermic","Spodosols","Aquods","Alaquods","Ultic Alaquods","sandy",-83.8273849,30.3733864000001,2272892,"FL3302605",5,109,129,"Btg1","Sandy clay loam",105464,NA,8.3000002,21.3999996,NA,"5Y",5,1
517705,"Sapelo","SAPELO","Ultic Alaquods, sandy, siliceous, thermic","Spodosols","Aquods","Alaquods","Ultic Alaquods","sandy",-83.8273849,30.3733864000001,2272893,"FL3302606",6,129,155,"Btg2","Sandy clay loam",105465,NA,7.6999998,20.7000008,NA,"10YR",6,1
517705,"Sapelo","SAPELO","Ultic Alaquods, sandy, siliceous, thermic","Spodosols","Aquods","Alaquods","Ultic Alaquods","sandy",-83.8273849,30.3733864000001,2272894,"FL3302607",7,155,170,"Btg3","Fine sandy loam",105466,NA,7.1999998,16.2000008,NA,"10YR",6,1
517705,"Sapelo","SAPELO","Ultic Alaquods, sandy, siliceous, thermic","Spodosols","Aquods","Alaquods","Ultic Alaquods","sandy",-83.8273849,30.3733864000001,2272895,"FL3302608",8,170,203,"Btg4","Sandy clay loam",105467,NA,5.8000002,21.2000008,NA,"10YR",6,1
517707,"Lynchburg","LYNCHBURG","Aeric Paleaquults, fine-loamy, siliceous, semiactive, thermic","Ultisols","Aquults","Paleaquults","Aeric Paleaquults","fine-loamy",-83.845047,30.5898685000001,2272903,"FL3302801",1,0,23,"Ap","Fine sandy loam",105475,NA,13.8999996,10.8999996,NA,"10YR",3,1
517707,"Lynchburg","LYNCHBURG","Aeric Paleaquults, fine-loamy, siliceous, semiactive, thermic","Ultisols","Aquults","Paleaquults","Aeric Paleaquults","fine-loamy",-83.845047,30.5898685000001,2272904,"FL3302802",2,23,56,"Bw","Fine sandy loam",105476,NA,10.1999998,10.1999998,NA,"10YR",7,3
517707,"Lynchburg","LYNCHBURG","Aeric Paleaquults, fine-loamy, siliceous, semiactive, thermic","Ultisols","Aquults","Paleaquults","Aeric Paleaquults","fine-loamy",-83.845047,30.5898685000001,2272905,"FL3302803",3,56,104,"Btg1","Fine sandy loam",105477,NA,5.0999999,19.2000008,NA,"10YR",7,1
517707,"Lynchburg","LYNCHBURG","Aeric Paleaquults, fine-loamy, siliceous, semiactive, thermic","Ultisols","Aquults","Paleaquults","Aeric Paleaquults","fine-loamy",-83.845047,30.5898685000001,2272906,"FL3302804",4,104,152,"Btg1","Fine sandy loam",105478,NA,5.5,18.2999992,NA,"10YR",7,1
517707,"Lynchburg","LYNCHBURG","Aeric Paleaquults, fine-loamy, siliceous, semiactive, thermic","Ultisols","Aquults","Paleaquults","Aeric Paleaquults","fine-loamy",-83.845047,30.5898685000001,2272907,"FL3302805",5,152,203,"Btg2","Sandy clay loam",105479,NA,6.6999998,28.2999992,NA,"10YR",7,1
517708,"Olustee","OLUSTEE","Ultic Alaquods, sandy over loamy, siliceous, active, thermic","Spodosols","Aquods","Alaquods","Ultic Alaquods","sandy over loamy",-83.8806,30.3693447000001,2272908,"FL3302901",1,0,20,"Ap","Sand",105480,NA,6.5999999,1.5,NA,"10YR",3,1
517708,"Olustee","OLUSTEE","Ultic Alaquods, sandy over loamy, siliceous, active, thermic","Spodosols","Aquods","Alaquods","Ultic Alaquods","sandy over loamy",-83.8806,30.3693447000001,2272909,"FL3302902",2,20,25,"Bh1","Sand",105481,NA,3.3,4.3000002,NA,"5YR",2.5,2
517708,"Olustee","OLUSTEE","Ultic Alaquods, sandy over loamy, siliceous, active, thermic","Spodosols","Aquods","Alaquods","Ultic Alaquods","sandy over loamy",-83.8806,30.3693447000001,2272910,"FL3302903",3,25,41,"Bh2","Sand",105482,NA,6.3000002,4.6999998,NA,"5YR",3,3
517708,"Olustee","OLUSTEE","Ultic Alaquods, sandy over loamy, siliceous, active, thermic","Spodosols","Aquods","Alaquods","Ultic Alaquods","sandy over loamy",-83.8806,30.3693447000001,2272911,"FL3302904",4,41,66,"Bw","Fine sand",105483,NA,8.1999998,3,NA,"10YR",6,3
517708,"Olustee","OLUSTEE","Ultic Alaquods, sandy over loamy, siliceous, active, thermic","Spodosols","Aquods","Alaquods","Ultic Alaquods","sandy over loamy",-83.8806,30.3693447000001,2272912,"FL3302905",5,66,135,"Btg","Sandy clay loam",105484,NA,0.7,33.5,NA,"10YR",6,1
517708,"Olustee","OLUSTEE","Ultic Alaquods, sandy over loamy, siliceous, active, thermic","Spodosols","Aquods","Alaquods","Ultic Alaquods","sandy over loamy",-83.8806,30.3693447000001,2272913,"FL3302906",6,135,203,"Btg","Sandy clay loam",105485,NA,5.5999999,31,NA,"10YR",6,1
517709,"Tifton","TIFTON","Plinthic Kandiudults, fine-loamy, kaolinitic, subactive, thermic","Ultisols","Udults","Kandiudults","Plinthic Kandiudults","fine-loamy",-83.8336257999999,30.6611118000001,2272914,"FL3303001",1,0,15,"Apc","Loamy fine sand",105486,NA,8.8999996,9.5,NA,"10YR",4,2
517709,"Tifton","TIFTON","Plinthic Kandiudults, fine-loamy, kaolinitic, subactive, thermic","Ultisols","Udults","Kandiudults","Plinthic Kandiudults","fine-loamy",-83.8336257999999,30.6611118000001,2272915,"FL3303002",2,15,25,"Btc1","Fine sandy loam",105487,NA,9.6999998,11.1000004,NA,"10YR",5,4
517709,"Tifton","TIFTON","Plinthic Kandiudults, fine-loamy, kaolinitic, subactive, thermic","Ultisols","Udults","Kandiudults","Plinthic Kandiudults","fine-loamy",-83.8336257999999,30.6611118000001,2272916,"FL3303003",3,25,64,"Btc2","Sandy clay loam",105488,NA,6.4000001,33.4000015,NA,"10YR",5,8
517709,"Tifton","TIFTON","Plinthic Kandiudults, fine-loamy, kaolinitic, subactive, thermic","Ultisols","Udults","Kandiudults","Plinthic Kandiudults","fine-loamy",-83.8336257999999,30.6611118000001,2272917,"FL3303004",4,64,99,"Btc2","Sandy clay",105489,NA,6.4000001,46.4000015,NA,"10YR",5,8
517709,"Tifton","TIFTON","Plinthic Kandiudults, fine-loamy, kaolinitic, subactive, thermic","Ultisols","Udults","Kandiudults","Plinthic Kandiudults","fine-loamy",-83.8336257999999,30.6611118000001,2272918,"FL3303005",5,99,132,"Btvc","Sandy clay",105490,NA,7.3000002,46.5,NA,"10YR",5,6
517709,"Tifton","TIFTON","Plinthic Kandiudults, fine-loamy, kaolinitic, subactive, thermic","Ultisols","Udults","Kandiudults","Plinthic Kandiudults","fine-loamy",-83.8336257999999,30.6611118000001,2272919,"FL3303006",6,132,165,"Btv","Clay",105491,NA,9.6000004,45.4000015,NA,"",NA,NA
517709,"Tifton","TIFTON","Plinthic Kandiudults, fine-loamy, kaolinitic, subactive, thermic","Ultisols","Udults","Kandiudults","Plinthic Kandiudults","fine-loamy",-83.8336257999999,30.6611118000001,2272920,"FL3303007",7,165,203,"Btv","Clay",105492,NA,11,44.2000008,NA,"",NA,NA
517710,"Albany","ALBANY","Aquic Grossarenic Paleudults, fine, kaolinitic, subactive, thermic","Ultisols","Udults","Paleudults","Grossarenic Paleudults","fine",-83.8396529999999,30.5443249,2272921,"FL3303101",1,0,20,"Ap","Fine sand",105493,NA,5.1999998,5.0999999,NA,"10YR",3,1
517710,"Albany","ALBANY","Aquic Grossarenic Paleudults, fine, kaolinitic, subactive, thermic","Ultisols","Udults","Paleudults","Grossarenic Paleudults","fine",-83.8396529999999,30.5443249,2272922,"FL3303102",2,20,79,"E","Fine sand",105494,NA,7,3.4000001,NA,"10YR",5,2
517710,"Albany","ALBANY","Aquic Grossarenic Paleudults, fine, kaolinitic, subactive, thermic","Ultisols","Udults","Paleudults","Grossarenic Paleudults","fine",-83.8396529999999,30.5443249,2272923,"FL3303103",3,79,135,"Eg","Fine sand",105495,NA,4.9000001,2.7,NA,"10YR",6,2
517710,"Albany","ALBANY","Aquic Grossarenic Paleudults, fine, kaolinitic, subactive, thermic","Ultisols","Udults","Paleudults","Grossarenic Paleudults","fine",-83.8396529999999,30.5443249,2272924,"FL3303104",4,135,203,"Btg","Sandy clay",105496,NA,4.1999998,36.4000015,NA,"10YR",5,1
517712,"Pelham","PELHAM","Arenic Paleaquults, loamy, siliceous, subactive, thermic","Ultisols","Aquults","Paleaquults","Arenic Paleaquults","loamy",-83.9800415,30.4899082000001,2272929,"FL3303301",1,0,20,"Ap","Fine sand",109501,NA,4.4000001,2.5999999,NA,"10YR",3,1
517712,"Pelham","PELHAM","Arenic Paleaquults, loamy, siliceous, subactive, thermic","Ultisols","Aquults","Paleaquults","Arenic Paleaquults","loamy",-83.9800415,30.4899082000001,2272930,"FL3303302",2,20,46,"Eg1","Fine sand",109502,NA,6,3,NA,"10YR",4,2
517712,"Pelham","PELHAM","Arenic Paleaquults, loamy, siliceous, subactive, thermic","Ultisols","Aquults","Paleaquults","Arenic Paleaquults","loamy",-83.9800415,30.4899082000001,2272931,"FL3303303",3,46,61,"Eg2","Fine sand",109503,NA,4.9000001,3.5,NA,"2.5Y",5,2
517712,"Pelham","PELHAM","Arenic Paleaquults, loamy, siliceous, subactive, thermic","Ultisols","Aquults","Paleaquults","Arenic Paleaquults","loamy",-83.9800415,30.4899082000001,2272932,"FL3303304",4,61,86,"Eg3","Fine sand",109504,NA,4.6999998,4.9000001,NA,"2.5Y",5,2
517712,"Pelham","PELHAM","Arenic Paleaquults, loamy, siliceous, subactive, thermic","Ultisols","Aquults","Paleaquults","Arenic Paleaquults","loamy",-83.9800415,30.4899082000001,2272933,"FL3303305",5,86,124,"Btg1","Fine sandy loam",109505,NA,4.5,17,NA,"10YR",6,1
517712,"Pelham","PELHAM","Arenic Paleaquults, loamy, siliceous, subactive, thermic","Ultisols","Aquults","Paleaquults","Arenic Paleaquults","loamy",-83.9800415,30.4899082000001,2272934,"FL3303306",6,124,203,"Btg2","Sandy clay loam",109506,NA,3.0999999,27.7000008,NA,"10YR",6,1
517714,"Rains","RAINS","Typic Paleaquults, fine-loamy, siliceous, semiactive, thermic","Ultisols","Aquults","Paleaquults","Typic Paleaquults","fine-loamy",-83.6459732,30.6442699,2272941,"FL3303501",1,0,18,"Ap","Fine sandy loam",109513,NA,8.1000004,11.8999996,NA,"10YR",2,1
517714,"Rains","RAINS","Typic Paleaquults, fine-loamy, siliceous, semiactive, thermic","Ultisols","Aquults","Paleaquults","Typic Paleaquults","fine-loamy",-83.6459732,30.6442699,2272942,"FL3303502",2,18,58,"Btg1","Sandy clay loam",109514,NA,7.0999999,26.7000008,NA,"10YR",5,1
517714,"Rains","RAINS","Typic Paleaquults, fine-loamy, siliceous, semiactive, thermic","Ultisols","Aquults","Paleaquults","Typic Paleaquults","fine-loamy",-83.6459732,30.6442699,2272943,"FL3303503",3,58,86,"Btg2","Sandy clay loam",109515,NA,5.4000001,27.3999996,NA,"10YR",6,1
517714,"Rains","RAINS","Typic Paleaquults, fine-loamy, siliceous, semiactive, thermic","Ultisols","Aquults","Paleaquults","Typic Paleaquults","fine-loamy",-83.6459732,30.6442699,2272944,"FL3303504",4,86,117,"Btg3","Sandy clay",109516,NA,3.8,44.7999992,NA,"10YR",5,1
517714,"Rains","RAINS","Typic Paleaquults, fine-loamy, siliceous, semiactive, thermic","Ultisols","Aquults","Paleaquults","Typic Paleaquults","fine-loamy",-83.6459732,30.6442699,2272945,"FL3303505",5,117,165,"Btg4","Clay",109517,NA,6.0999999,54.9000015,NA,"10YR",5,1
517714,"Rains","RAINS","Typic Paleaquults, fine-loamy, siliceous, semiactive, thermic","Ultisols","Aquults","Paleaquults","Typic Paleaquults","fine-loamy",-83.6459732,30.6442699,2272946,"FL3303506",6,165,203,"Btg4","Clay",109518,NA,8.6000004,63.4000015,NA,"10YR",5,1
517715,"Miccosukee","MICCOSUKEE","Humic Pachic Dystrudepts, fine-loamy, siliceous, superactive, thermic","Inceptisols","Udepts","Eutrudepts","Humic Pachic Dystrudepts","fine-loamy",-83.9000473,30.6551132000001,2272947,"FL3303601",1,0,23,"Ap","Fine sandy loam",109519,NA,15.3999996,19.5,NA,"10YR",3,2
517715,"Miccosukee","MICCOSUKEE","Humic Pachic Dystrudepts, fine-loamy, siliceous, superactive, thermic","Inceptisols","Udepts","Eutrudepts","Humic Pachic Dystrudepts","fine-loamy",-83.9000473,30.6551132000001,2272948,"FL3303602",2,23,38,"A1","Clay loam",109520,NA,33.4000015,34.4000015,NA,"10YR",3,2
517715,"Miccosukee","MICCOSUKEE","Humic Pachic Dystrudepts, fine-loamy, siliceous, superactive, thermic","Inceptisols","Udepts","Eutrudepts","Humic Pachic Dystrudepts","fine-loamy",-83.9000473,30.6551132000001,2272949,"FL3303603",3,38,71,"A2","Sandy clay loam",109521,NA,22.2999992,28,NA,"10YR",3,2
517715,"Miccosukee","MICCOSUKEE","Humic Pachic Dystrudepts, fine-loamy, siliceous, superactive, thermic","Inceptisols","Udepts","Eutrudepts","Humic Pachic Dystrudepts","fine-loamy",-83.9000473,30.6551132000001,2272950,"FL3303604",4,71,94,"A3","Sandy clay loam",109522,NA,22.8999996,25.2999992,NA,"10YR",3,1
517715,"Miccosukee","MICCOSUKEE","Humic Pachic Dystrudepts, fine-loamy, siliceous, superactive, thermic","Inceptisols","Udepts","Eutrudepts","Humic Pachic Dystrudepts","fine-loamy",-83.9000473,30.6551132000001,2272951,"FL3303605",5,94,109,"Ab","Fine sandy loam",109523,NA,12.6000004,15.1999998,NA,"10YR",4,4
517715,"Miccosukee","MICCOSUKEE","Humic Pachic Dystrudepts, fine-loamy, siliceous, superactive, thermic","Inceptisols","Udepts","Eutrudepts","Humic Pachic Dystrudepts","fine-loamy",-83.9000473,30.6551132000001,2272952,"FL3303606",6,109,127,"Bwb","Fine sandy loam",109524,NA,17,17.7999992,NA,"10YR",4,4
517715,"Miccosukee","MICCOSUKEE","Humic Pachic Dystrudepts, fine-loamy, siliceous, superactive, thermic","Inceptisols","Udepts","Eutrudepts","Humic Pachic Dystrudepts","fine-loamy",-83.9000473,30.6551132000001,2272953,"FL3303607",7,127,165,"Btb1","Sandy clay",109525,NA,13.3000002,35.7000008,NA,"10YR",5,8
517715,"Miccosukee","MICCOSUKEE","Humic Pachic Dystrudepts, fine-loamy, siliceous, superactive, thermic","Inceptisols","Udepts","Eutrudepts","Humic Pachic Dystrudepts","fine-loamy",-83.9000473,30.6551132000001,2272954,"FL3303608",8,165,203,"Btb2","Sandy clay",109526,NA,16,37.2000008,NA,"10YR",5,8
518298,"Troup","TROUP","Grossarenic Kandiudults, loamy, kaolinitic, thermic","Ultisols","Udults","Kandiudults","Grossarenic Kandiudults","loamy",-86.2155913999999,30.9640141,2276757,"FL6600601",1,0,18,"Ap","Sand",257263,NA,7.6999998,2.5999999,NA,"10YR",4,2
518298,"Troup","TROUP","Grossarenic Kandiudults, loamy, kaolinitic, thermic","Ultisols","Udults","Kandiudults","Grossarenic Kandiudults","loamy",-86.2155913999999,30.9640141,2276758,"FL6600602",2,18,41,"Bw1","Sand",257264,NA,7.4000001,3.7,NA,"10YR",5,8
518298,"Troup","TROUP","Grossarenic Kandiudults, loamy, kaolinitic, thermic","Ultisols","Udults","Kandiudults","Grossarenic Kandiudults","loamy",-86.2155913999999,30.9640141,2276759,"FL6600603",3,41,76,"Bw2","Loamy sand",257265,NA,9,4.9000001,NA,"7.5YR",5,8
518298,"Troup","TROUP","Grossarenic Kandiudults, loamy, kaolinitic, thermic","Ultisols","Udults","Kandiudults","Grossarenic Kandiudults","loamy",-86.2155913999999,30.9640141,2276760,"FL6600604",4,76,99,"Bw3","Loamy sand",257266,NA,7.3000002,5.4000001,NA,"5YR",5,6
518298,"Troup","TROUP","Grossarenic Kandiudults, loamy, kaolinitic, thermic","Ultisols","Udults","Kandiudults","Grossarenic Kandiudults","loamy",-86.2155913999999,30.9640141,2276761,"FL6600605",5,99,117,"Bw4","Loamy sand",257267,NA,8.1999998,5.6999998,NA,"5YR",5,8
518298,"Troup","TROUP","Grossarenic Kandiudults, loamy, kaolinitic, thermic","Ultisols","Udults","Kandiudults","Grossarenic Kandiudults","loamy",-86.2155913999999,30.9640141,2276762,"FL6600606",6,117,130,"Bw5","Loamy sand",257268,NA,6.0999999,8,NA,"5YR",5,8
518298,"Troup","TROUP","Grossarenic Kandiudults, loamy, kaolinitic, thermic","Ultisols","Udults","Kandiudults","Grossarenic Kandiudults","loamy",-86.2155913999999,30.9640141,2276763,"FL6600607",7,130,140,"Bt1","Fine sandy loam",257269,NA,5.9000001,14.3000002,NA,"2.5YR",4,8
518298,"Troup","TROUP","Grossarenic Kandiudults, loamy, kaolinitic, thermic","Ultisols","Udults","Kandiudults","Grossarenic Kandiudults","loamy",-86.2155913999999,30.9640141,2276764,"FL6600608",8,140,203,"Bt2","Sandy clay loam",257270,NA,5.4000001,22.6000004,NA,"2.5YR",4,8
518299,"Poarch","POARCH","Plinthic Paleudults, coarse-loamy, siliceous, semiactive, thermic","Ultisols","Udults","Paleudults","Plinthic Paleudults","coarse-loamy",-86.2140960999999,30.9203548,2276765,"FL6600701",1,0,15,"Ap","Fine sandy loam",257271,NA,27.6000004,8.3999996,NA,"10YR",4,2
518299,"Poarch","POARCH","Plinthic Paleudults, coarse-loamy, siliceous, semiactive, thermic","Ultisols","Udults","Paleudults","Plinthic Paleudults","coarse-loamy",-86.2140960999999,30.9203548,2276766,"FL6600702",2,15,30,"Bt1","Fine sandy loam",257272,NA,25.7999992,14.6000004,NA,"10YR",6,6
518299,"Poarch","POARCH","Plinthic Paleudults, coarse-loamy, siliceous, semiactive, thermic","Ultisols","Udults","Paleudults","Plinthic Paleudults","coarse-loamy",-86.2140960999999,30.9203548,2276767,"FL6600703",3,30,74,"Bt2","Fine sandy loam",257273,NA,26.2999992,18.2999992,NA,"10YR",6,6
518299,"Poarch","POARCH","Plinthic Paleudults, coarse-loamy, siliceous, semiactive, thermic","Ultisols","Udults","Paleudults","Plinthic Paleudults","coarse-loamy",-86.2140960999999,30.9203548,2276768,"FL6600704",4,74,96,"Bt3","Fine sandy loam",257274,NA,25.2999992,18.8999996,NA,"10YR",6,6
518299,"Poarch","POARCH","Plinthic Paleudults, coarse-loamy, siliceous, semiactive, thermic","Ultisols","Udults","Paleudults","Plinthic Paleudults","coarse-loamy",-86.2140960999999,30.9203548,2276769,"FL6600705",5,96,122,"Btv1","Sandy clay loam",257275,NA,21,22.2000008,NA,"10YR",6,6
518299,"Poarch","POARCH","Plinthic Paleudults, coarse-loamy, siliceous, semiactive, thermic","Ultisols","Udults","Paleudults","Plinthic Paleudults","coarse-loamy",-86.2140960999999,30.9203548,2276770,"FL6600706",6,122,152,"Btv2","Fine sandy loam",257276,NA,24.1000004,19.5,NA,"10YR",5,8
518299,"Poarch","POARCH","Plinthic Paleudults, coarse-loamy, siliceous, semiactive, thermic","Ultisols","Udults","Paleudults","Plinthic Paleudults","coarse-loamy",-86.2140960999999,30.9203548,2276771,"FL6600707",7,152,203,"Bt","Fine sandy loam",257277,NA,19.2000008,18.1000004,NA,"7.5YR",5,8
518301,"Orangeburg","ORANGEBURG","Typic Kandiudults, fine-loamy, kaolinitic, thermic","Ultisols","Udults","Kandiudults","Typic Kandiudults","fine-loamy",-86.176033,30.8494549000001,2276780,"FL6600901",1,0,25,"Ap","Sandy loam",257286,NA,16.7000008,10,NA,"10YR",3,2
518301,"Orangeburg","ORANGEBURG","Typic Kandiudults, fine-loamy, kaolinitic, thermic","Ultisols","Udults","Kandiudults","Typic Kandiudults","fine-loamy",-86.176033,30.8494549000001,2276781,"FL6600902",2,25,43,"Bt1","Sandy loam",257287,NA,15.6000004,13.8999996,NA,"7.5YR",4,3
518301,"Orangeburg","ORANGEBURG","Typic Kandiudults, fine-loamy, kaolinitic, thermic","Ultisols","Udults","Kandiudults","Typic Kandiudults","fine-loamy",-86.176033,30.8494549000001,2276782,"FL6600903",3,43,64,"Bt2","Sandy loam",257288,NA,14.3000002,19.6000004,NA,"5YR",4,6
518301,"Orangeburg","ORANGEBURG","Typic Kandiudults, fine-loamy, kaolinitic, thermic","Ultisols","Udults","Kandiudults","Typic Kandiudults","fine-loamy",-86.176033,30.8494549000001,2276783,"FL6600904",4,64,102,"Bt3","Sandy clay loam",257289,NA,16.7999992,26.7999992,NA,"2.5YR",4,6
518301,"Orangeburg","ORANGEBURG","Typic Kandiudults, fine-loamy, kaolinitic, thermic","Ultisols","Udults","Kandiudults","Typic Kandiudults","fine-loamy",-86.176033,30.8494549000001,2276784,"FL6600905",5,102,145,"Bt3","Sandy clay loam",257290,NA,8.1999998,30.2000008,NA,"2.5YR",4,6
518301,"Orangeburg","ORANGEBURG","Typic Kandiudults, fine-loamy, kaolinitic, thermic","Ultisols","Udults","Kandiudults","Typic Kandiudults","fine-loamy",-86.176033,30.8494549000001,2276785,"FL6600906",6,145,175,"Bt4","Sandy clay loam",257291,NA,8.1999998,25.7999992,NA,"2.5YR",4,8
518301,"Orangeburg","ORANGEBURG","Typic Kandiudults, fine-loamy, kaolinitic, thermic","Ultisols","Udults","Kandiudults","Typic Kandiudults","fine-loamy",-86.176033,30.8494549000001,2276786,"FL6600907",7,175,203,"Bt5","Sandy clay loam",257292,NA,3.2,24.2000008,NA,"2.5YR",4,6
518302,"Tifton","TIFTON","Plinthic Kandiudults, fine-loamy, Kaolinitic, thermic","Ultisols","Udults","Kandiudults","Plinthic Kandiudults","fine-loamy",-86.0488434,30.8852978,2276787,"FL6601001",1,0,10,"A1","Fine sandy loam",257293,NA,23.2000008,7.9000001,NA,"10YR",4,2
518302,"Tifton","TIFTON","Plinthic Kandiudults, fine-loamy, Kaolinitic, thermic","Ultisols","Udults","Kandiudults","Plinthic Kandiudults","fine-loamy",-86.0488434,30.8852978,2276788,"FL6601002",2,10,23,"A2","Fine sandy loam",257294,NA,22,9.6999998,NA,"10YR",4,3
518302,"Tifton","TIFTON","Plinthic Kandiudults, fine-loamy, Kaolinitic, thermic","Ultisols","Udults","Kandiudults","Plinthic Kandiudults","fine-loamy",-86.0488434,30.8852978,2276789,"FL6601003",3,23,33,"Btc1","Fine sandy loam",257295,NA,18.1000004,14.1999998,NA,"10YR",5,8
518302,"Tifton","TIFTON","Plinthic Kandiudults, fine-loamy, Kaolinitic, thermic","Ultisols","Udults","Kandiudults","Plinthic Kandiudults","fine-loamy",-86.0488434,30.8852978,2276790,"FL6601004",4,33,68,"Btc2","Sandy clay loam",257296,NA,15.3000002,26.6000004,NA,"10YR",5,8
518302,"Tifton","TIFTON","Plinthic Kandiudults, fine-loamy, Kaolinitic, thermic","Ultisols","Udults","Kandiudults","Plinthic Kandiudults","fine-loamy",-86.0488434,30.8852978,2276791,"FL6601005",5,68,130,"Btvc1","Sandy clay loam",257297,NA,18.7000008,21.5,NA,"10YR",5,8
518302,"Tifton","TIFTON","Plinthic Kandiudults, fine-loamy, Kaolinitic, thermic","Ultisols","Udults","Kandiudults","Plinthic Kandiudults","fine-loamy",-86.0488434,30.8852978,2276792,"FL6601006",6,130,145,"Btvc2","Sandy clay loam",257298,NA,14.8999996,24.1000004,NA,"10YR",5,8
518302,"Tifton","TIFTON","Plinthic Kandiudults, fine-loamy, Kaolinitic, thermic","Ultisols","Udults","Kandiudults","Plinthic Kandiudults","fine-loamy",-86.0488434,30.8852978,2276793,"FL6601007",7,145,203,"Bt","Sandy clay loam",257299,NA,14.1999998,28.2000008,NA,NA,NA,NA
518308,"Kinston","KINSTON","Fluvaquentic Endoaquepts, fine-loamy, siliceous, semiactive, acid, thermic","Inceptisols","Aquepts","Endoaquepts","Fluvaquentic Endoaquepts","fine-loamy",-85.8723601999999,30.6826725,2276812,"FL6601601",1,0,8,"A","Silty clay",257318,NA,40.5999985,46.2999992,NA,"10YR",3,3
518308,"Kinston","KINSTON","Fluvaquentic Endoaquepts, fine-loamy, siliceous, semiactive, acid, thermic","Inceptisols","Aquepts","Endoaquepts","Fluvaquentic Endoaquepts","fine-loamy",-85.8723601999999,30.6826725,2276813,"FL6601602",2,8,25,"Bg1","Clay loam",257319,NA,33.7000008,29.2999992,NA,"5Y",6,1
518308,"Kinston","KINSTON","Fluvaquentic Endoaquepts, fine-loamy, siliceous, semiactive, acid, thermic","Inceptisols","Aquepts","Endoaquepts","Fluvaquentic Endoaquepts","fine-loamy",-85.8723601999999,30.6826725,2276814,"FL6601603",3,25,56,"Bg2","Clay loam",257320,NA,36.2000008,31.2999992,NA,"5Y",5,1
518308,"Kinston","KINSTON","Fluvaquentic Endoaquepts, fine-loamy, siliceous, semiactive, acid, thermic","Inceptisols","Aquepts","Endoaquepts","Fluvaquentic Endoaquepts","fine-loamy",-85.8723601999999,30.6826725,2276815,"FL6601604",4,56,107,"Bg3","Clay loam",257321,NA,32.0999985,34.0999985,NA,"5Y",5,1
518308,"Kinston","KINSTON","Fluvaquentic Endoaquepts, fine-loamy, siliceous, semiactive, acid, thermic","Inceptisols","Aquepts","Endoaquepts","Fluvaquentic Endoaquepts","fine-loamy",-85.8723601999999,30.6826725,2276816,"FL6601605",5,107,127,"Bg4","Sandy clay loam",257322,NA,25.7999992,27.7999992,NA,"5BG",5,1
518308,"Kinston","KINSTON","Fluvaquentic Endoaquepts, fine-loamy, siliceous, semiactive, acid, thermic","Inceptisols","Aquepts","Endoaquepts","Fluvaquentic Endoaquepts","fine-loamy",-85.8723601999999,30.6826725,2276817,"FL6601606",6,127,170,"Bg5","Sandy clay loam",257323,NA,18.5,25.2000008,NA,"5B",6,1
518308,"Kinston","KINSTON","Fluvaquentic Endoaquepts, fine-loamy, siliceous, semiactive, acid, thermic","Inceptisols","Aquepts","Endoaquepts","Fluvaquentic Endoaquepts","fine-loamy",-85.8723601999999,30.6826725,2276818,"FL6601607",7,170,203,"2C","Sand",257324,NA,2.5,3.8,NA,"10YR",5,3
518309,"Pantego","PANTEGO","Umbric Paleaquults, fine-loamy, siliceous, semiactive, thermic","Ultisols","Aquults","Paleaquults","Umbric Paleaquults","fine-loamy",-86.2544632,30.9823589000001,2276819,"FL6601701",1,0,8,"Oa","",257325,NA,NA,NA,NA,"10YR",2,1
518309,"Pantego","PANTEGO","Umbric Paleaquults, fine-loamy, siliceous, semiactive, thermic","Ultisols","Aquults","Paleaquults","Umbric Paleaquults","fine-loamy",-86.2544632,30.9823589000001,2276820,"FL6601702",2,8,42,"A1","Loam",257326,NA,36.5,16.3999996,NA,"10YR",2,1
518309,"Pantego","PANTEGO","Umbric Paleaquults, fine-loamy, siliceous, semiactive, thermic","Ultisols","Aquults","Paleaquults","Umbric Paleaquults","fine-loamy",-86.2544632,30.9823589000001,2276821,"FL6601703",3,42,59,"A2","Fine sandy loam",257327,NA,34.5,12.3000002,NA,"10YR",3,1
518309,"Pantego","PANTEGO","Umbric Paleaquults, fine-loamy, siliceous, semiactive, thermic","Ultisols","Aquults","Paleaquults","Umbric Paleaquults","fine-loamy",-86.2544632,30.9823589000001,2276822,"FL6601704",4,59,104,"Btg1","Loam",257328,NA,38.0999985,17.3999996,NA,"10YR",4,1
518309,"Pantego","PANTEGO","Umbric Paleaquults, fine-loamy, siliceous, semiactive, thermic","Ultisols","Aquults","Paleaquults","Umbric Paleaquults","fine-loamy",-86.2544632,30.9823589000001,2276823,"FL6601705",5,104,165,"Btg2","Clay loam",261029,NA,22.7000008,34.7000008,NA,"10YR",5,2
518309,"Pantego","PANTEGO","Umbric Paleaquults, fine-loamy, siliceous, semiactive, thermic","Ultisols","Aquults","Paleaquults","Umbric Paleaquults","fine-loamy",-86.2544632,30.9823589000001,2276824,"FL6601706",6,165,211,"Btg3","Sandy clay loam",261030,NA,27.1000004,24,NA,"10YR",5,2
518310,"Leefield","LEEFIELD","Arenic Plinthaquic Paleaquults, loamy, siliceous, subactive, thermic","Ultisols","Udults","Paleudults","Arenic Plinthaquic Paleudults","loamy",-86.2728499999999,30.9773998000001,2276825,"FL6601801",1,0,18,"Ap","Loamy sand",261031,NA,6.4000001,6.1999998,NA,"10YR",3,1
518310,"Leefield","LEEFIELD","Arenic Plinthaquic Paleaquults, loamy, siliceous, subactive, thermic","Ultisols","Udults","Paleudults","Arenic Plinthaquic Paleudults","loamy",-86.2728499999999,30.9773998000001,2276826,"FL6601802",2,18,38,"Bw1","Loamy sand",261032,NA,11.3999996,6.5999999,NA,"10YR",5,4
518310,"Leefield","LEEFIELD","Arenic Plinthaquic Paleaquults, loamy, siliceous, subactive, thermic","Ultisols","Udults","Paleudults","Arenic Plinthaquic Paleudults","loamy",-86.2728499999999,30.9773998000001,2276827,"FL6601803",3,38,66,"Bw2","Loamy sand",261033,NA,9.1000004,9.8999996,NA,"10YR",6,6
518310,"Leefield","LEEFIELD","Arenic Plinthaquic Paleaquults, loamy, siliceous, subactive, thermic","Ultisols","Udults","Paleudults","Arenic Plinthaquic Paleudults","loamy",-86.2728499999999,30.9773998000001,2276828,"FL6601804",4,66,86,"Bt","Fine sandy loam",261034,NA,5.5999999,14.8999996,NA,"10YR",6,4
518310,"Leefield","LEEFIELD","Arenic Plinthaquic Paleaquults, loamy, siliceous, subactive, thermic","Ultisols","Udults","Paleudults","Arenic Plinthaquic Paleudults","loamy",-86.2728499999999,30.9773998000001,2276829,"FL6601805",5,86,102,"Btv1","Sandy clay loam",261035,NA,3.5999999,24.2999992,NA,"10YR",5,8
518310,"Leefield","LEEFIELD","Arenic Plinthaquic Paleaquults, loamy, siliceous, subactive, thermic","Ultisols","Udults","Paleudults","Arenic Plinthaquic Paleudults","loamy",-86.2728499999999,30.9773998000001,2276830,"FL6601806",6,102,124,"Btv2","Sandy clay loam",261036,NA,1.3,26.2999992,NA,NA,NA,NA
518310,"Leefield","LEEFIELD","Arenic Plinthaquic Paleaquults, loamy, siliceous, subactive, thermic","Ultisols","Udults","Paleudults","Arenic Plinthaquic Paleudults","loamy",-86.2728499999999,30.9773998000001,2276831,"FL6601807",7,124,175,"Btv3","Sandy clay loam",261037,NA,1.6,26.3999996,NA,NA,NA,NA
518310,"Leefield","LEEFIELD","Arenic Plinthaquic Paleaquults, loamy, siliceous, subactive, thermic","Ultisols","Udults","Paleudults","Arenic Plinthaquic Paleudults","loamy",-86.2728499999999,30.9773998000001,2276832,"FL6601808",8,175,203,"Btg","Sandy clay loam",261038,NA,2.5,20.2000008,NA,NA,NA,NA
518311,"Stilson","STILSON","Arenic Plinthic Paleudults, loamy, siliceous, subactive, thermic","Ultisols","Udults","Paleudults","Arenic Plinthic Paleudults","loamy",-86.2730483999999,30.9774132000001,2276833,"FL6601901",1,0,18,"Ap","Loamy sand",261039,NA,7.1999998,6.0999999,NA,"10YR",3,2
518311,"Stilson","STILSON","Arenic Plinthic Paleudults, loamy, siliceous, subactive, thermic","Ultisols","Udults","Paleudults","Arenic Plinthic Paleudults","loamy",-86.2730483999999,30.9774132000001,2276834,"FL6601902",2,18,28,"Bw1","Loamy sand",261040,NA,10.3999996,5.3000002,NA,"10YR",5,3
518311,"Stilson","STILSON","Arenic Plinthic Paleudults, loamy, siliceous, subactive, thermic","Ultisols","Udults","Paleudults","Arenic Plinthic Paleudults","loamy",-86.2730483999999,30.9774132000001,2276835,"FL6601903",3,28,41,"Bw2","Loamy sand",261041,NA,9.8000002,9.8000002,NA,"10YR",5,4
518311,"Stilson","STILSON","Arenic Plinthic Paleudults, loamy, siliceous, subactive, thermic","Ultisols","Udults","Paleudults","Arenic Plinthic Paleudults","loamy",-86.2730483999999,30.9774132000001,2276836,"FL6601904",4,41,64,"Bw3","Fine sandy loam",261042,NA,9.1000004,10.6000004,NA,"10YR",6,6
518311,"Stilson","STILSON","Arenic Plinthic Paleudults, loamy, siliceous, subactive, thermic","Ultisols","Udults","Paleudults","Arenic Plinthic Paleudults","loamy",-86.2730483999999,30.9774132000001,2276837,"FL6601905",5,64,81,"Bt","Fine sandy loam",261043,NA,6.0999999,15.1000004,NA,"10YR",6,6
518311,"Stilson","STILSON","Arenic Plinthic Paleudults, loamy, siliceous, subactive, thermic","Ultisols","Udults","Paleudults","Arenic Plinthic Paleudults","loamy",-86.2730483999999,30.9774132000001,2276838,"FL6601906",6,81,109,"Btv1","Sandy clay loam",261044,NA,2.9000001,25.2000008,NA,NA,NA,NA
518311,"Stilson","STILSON","Arenic Plinthic Paleudults, loamy, siliceous, subactive, thermic","Ultisols","Udults","Paleudults","Arenic Plinthic Paleudults","loamy",-86.2730483999999,30.9774132000001,2276839,"FL6601907",7,109,135,"Btv2","Sandy clay loam",261045,NA,2.0999999,30.1000004,NA,NA,NA,NA
518311,"Stilson","STILSON","Arenic Plinthic Paleudults, loamy, siliceous, subactive, thermic","Ultisols","Udults","Paleudults","Arenic Plinthic Paleudults","loamy",-86.2730483999999,30.9774132000001,2276840,"FL6601908",8,135,203,"Btg","Sandy clay loam",261046,NA,1.3,26.5,NA,"10YR",7,1
518321,"Dothan","DOTHAN","Plinthic Kandiudults, fine-loamy, kaolinitic, thermic","Ultisols","Udults","Kandiudults","Plinthic Kandiudults","fine-loamy",-86.1151581,30.8329105,2276893,"FL6602901",1,0,20,"Ap","Loamy sand",261099,NA,14.3999996,6.9000001,NA,"10YR",3,2
518321,"Dothan","DOTHAN","Plinthic Kandiudults, fine-loamy, kaolinitic, thermic","Ultisols","Udults","Kandiudults","Plinthic Kandiudults","fine-loamy",-86.1151581,30.8329105,2276894,"FL6602902",2,20,28,"Bt1","Sandy loam",261100,NA,16.3999996,14,NA,"10YR",5,6
518321,"Dothan","DOTHAN","Plinthic Kandiudults, fine-loamy, kaolinitic, thermic","Ultisols","Udults","Kandiudults","Plinthic Kandiudults","fine-loamy",-86.1151581,30.8329105,2276895,"FL6602903",3,28,91,"Bt2","Sandy clay loam",261101,NA,15.6000004,21,NA,"10YR",5,8
518321,"Dothan","DOTHAN","Plinthic Kandiudults, fine-loamy, kaolinitic, thermic","Ultisols","Udults","Kandiudults","Plinthic Kandiudults","fine-loamy",-86.1151581,30.8329105,2276896,"FL6602904",4,91,112,"Btv1","Sandy clay loam",261102,NA,11.8000002,23.6000004,NA,"10YR",6,8
518321,"Dothan","DOTHAN","Plinthic Kandiudults, fine-loamy, kaolinitic, thermic","Ultisols","Udults","Kandiudults","Plinthic Kandiudults","fine-loamy",-86.1151581,30.8329105,2276897,"FL6602905",5,112,152,"Btv2","Sandy clay loam",261103,NA,10.1999998,23.2000008,NA,"10YR",6,6
518321,"Dothan","DOTHAN","Plinthic Kandiudults, fine-loamy, kaolinitic, thermic","Ultisols","Udults","Kandiudults","Plinthic Kandiudults","fine-loamy",-86.1151581,30.8329105,2276898,"FL6602906",6,152,203,"Bt","Sandy loam",261104,NA,9.8000002,18.6000004,NA,NA,NA,NA
518329,"Florala","FLORALA","Plinthaquic Paleudults, coarse-loamy, siliceous, subactive, thermic","Ultisols","Udults","Paleudults","Plinthaquic Paleudults","coarse-loamy",-86.1171494,30.9546833000001,2276954,"FL6603701",1,0,20,"A","Loamy fine sand",264360,NA,10.8000002,8.3999996,NA,"10YR",3,1
518329,"Florala","FLORALA","Plinthaquic Paleudults, coarse-loamy, siliceous, subactive, thermic","Ultisols","Udults","Paleudults","Plinthaquic Paleudults","coarse-loamy",-86.1171494,30.9546833000001,2276955,"FL6603702",2,20,30,"Bw1","Loamy fine sand",264361,NA,12,7.8000002,NA,"10YR",5,4
518329,"Florala","FLORALA","Plinthaquic Paleudults, coarse-loamy, siliceous, subactive, thermic","Ultisols","Udults","Paleudults","Plinthaquic Paleudults","coarse-loamy",-86.1171494,30.9546833000001,2276956,"FL6603703",3,30,43,"Bw2","Loamy sand",264362,NA,11.5,7.9000001,NA,"10YR",6,6
518329,"Florala","FLORALA","Plinthaquic Paleudults, coarse-loamy, siliceous, subactive, thermic","Ultisols","Udults","Paleudults","Plinthaquic Paleudults","coarse-loamy",-86.1171494,30.9546833000001,2276957,"FL6603704",4,43,61,"Bw3","Fine sandy loam",264363,NA,11.8000002,10,NA,"10YR",6,6
518329,"Florala","FLORALA","Plinthaquic Paleudults, coarse-loamy, siliceous, subactive, thermic","Ultisols","Udults","Paleudults","Plinthaquic Paleudults","coarse-loamy",-86.1171494,30.9546833000001,2276958,"FL6603705",5,61,71,"Bt","Fine sandy loam",264364,NA,10,13.3999996,NA,"10YR",6,6
518329,"Florala","FLORALA","Plinthaquic Paleudults, coarse-loamy, siliceous, subactive, thermic","Ultisols","Udults","Paleudults","Plinthaquic Paleudults","coarse-loamy",-86.1171494,30.9546833000001,2276959,"FL6603706",6,71,99,"Btv1","Fine sandy loam",264365,NA,10.1000004,17.5,NA,"10YR",6,4
518329,"Florala","FLORALA","Plinthaquic Paleudults, coarse-loamy, siliceous, subactive, thermic","Ultisols","Udults","Paleudults","Plinthaquic Paleudults","coarse-loamy",-86.1171494,30.9546833000001,2276960,"FL6603707",7,99,162,"Btv2","Sandy clay loam",264366,NA,11.6000004,21,NA,NA,NA,NA
518329,"Florala","FLORALA","Plinthaquic Paleudults, coarse-loamy, siliceous, subactive, thermic","Ultisols","Udults","Paleudults","Plinthaquic Paleudults","coarse-loamy",-86.1171494,30.9546833000001,2276961,"FL6603708",8,162,203,"Btv3","Fine sandy loam",264367,NA,12.6000004,12.6000004,NA,NA,NA,NA
890628,"Dothan","DOTHAN","Fine-loamy, kaolinitic, thermic Plinthic Kandiudults","Ultisols","Udults","Kandiudults","Plinthic Kandiudults","fine-loamy",-83.9304657,30.5269966000001,4411173,"FL3300801",1,0,23,"Ap","Loamy fine sand",101940,NA,6.5,7.0999999,NA,"",NA,NA
890628,"Dothan","DOTHAN","Fine-loamy, kaolinitic, thermic Plinthic Kandiudults","Ultisols","Udults","Kandiudults","Plinthic Kandiudults","fine-loamy",-83.9304657,30.5269966000001,4411174,"FL3300802",2,23,43,"Bt1","Fine sandy loam",101941,NA,7.8000002,17,NA,"10YR",5,6
890628,"Dothan","DOTHAN","Fine-loamy, kaolinitic, thermic Plinthic Kandiudults","Ultisols","Udults","Kandiudults","Plinthic Kandiudults","fine-loamy",-83.9304657,30.5269966000001,4411175,"FL3300803",3,43,84,"Bt2","Sandy clay loam",101942,NA,7.3000002,28.2999992,NA,"10YR",5,8
890628,"Dothan","DOTHAN","Fine-loamy, kaolinitic, thermic Plinthic Kandiudults","Ultisols","Udults","Kandiudults","Plinthic Kandiudults","fine-loamy",-83.9304657,30.5269966000001,4411176,"FL3300804",4,84,124,"Bt2","Sandy clay loam",101943,NA,6,34.5999985,NA,"10YR",5,8
890628,"Dothan","DOTHAN","Fine-loamy, kaolinitic, thermic Plinthic Kandiudults","Ultisols","Udults","Kandiudults","Plinthic Kandiudults","fine-loamy",-83.9304657,30.5269966000001,4411177,"FL3300805",5,124,157,"Btv1","Sandy clay loam",101944,NA,5.5999999,31.2000008,NA,"10YR",5,8
890628,"Dothan","DOTHAN","Fine-loamy, kaolinitic, thermic Plinthic Kandiudults","Ultisols","Udults","Kandiudults","Plinthic Kandiudults","fine-loamy",-83.9304657,30.5269966000001,4411178,"FL3300806",6,157,200,"Btv2","Sandy clay loam",101945,NA,8.3000002,34.9000015,NA,"10R",4,8
890686,"Fuquay","FUQUAY","Loamy, kaolinitic, thermic Arenic Plinthic Kandiudults","Ultisols","Udults","Kandiudults","Arenic Plinthic Kandiudults","loamy",-84.0475235,30.4497242,NA,NA,NA,NA,NA,NA,NA,NA,NA,NA,NA,NA,NA,NA,NA
948932,"Troup","TROUP","Loamy, kaolinitic, thermic Grossarenic Kandiudults","Ultisols","Udults","Kandiudults","Grossarenic Kandiudults","loamy",-84.0351027999999,30.5141716000001,4756557,"FL3300301",1,0,20,"Ap","Fine sand",101910,NA,6.3000002,5.1999998,NA,"10YR",3,3
948932,"Troup","TROUP","Loamy, kaolinitic, thermic Grossarenic Kandiudults","Ultisols","Udults","Kandiudults","Grossarenic Kandiudults","loamy",-84.0351027999999,30.5141716000001,4756558,"FL3300302",2,20,53,"Bw1","Fine sand",101911,NA,5.6999998,5.5999999,NA,"7.5YR",5,4
948932,"Troup","TROUP","Loamy, kaolinitic, thermic Grossarenic Kandiudults","Ultisols","Udults","Kandiudults","Grossarenic Kandiudults","loamy",-84.0351027999999,30.5141716000001,4756559,"FL3300303",3,53,109,"Bw2","Fine sand",101912,NA,5.9000001,5.5999999,NA,"7.5YR",5,6
948932,"Troup","TROUP","Loamy, kaolinitic, thermic Grossarenic Kandiudults","Ultisols","Udults","Kandiudults","Grossarenic Kandiudults","loamy",-84.0351027999999,30.5141716000001,4756560,"FL3300304",4,109,124,"Bt1","Fine sandy loam",101913,NA,5.6999998,17.2999992,NA,"2.5YR",4,6
948932,"Troup","TROUP","Loamy, kaolinitic, thermic Grossarenic Kandiudults","Ultisols","Udults","Kandiudults","Grossarenic Kandiudults","loamy",-84.0351027999999,30.5141716000001,4756561,"FL3300305",5,124,142,"Bt2","Sandy clay loam",101914,NA,5.3000002,23.2999992,NA,"2.5YR",4,8
948932,"Troup","TROUP","Loamy, kaolinitic, thermic Grossarenic Kandiudults","Ultisols","Udults","Kandiudults","Grossarenic Kandiudults","loamy",-84.0351027999999,30.5141716000001,4756562,"FL3300306",6,142,203,"Bt3","Sandy clay loam",101915,NA,3.8,28.7999992,NA,"5YR",5,8
1104017,"Lakeland","LAKELAND","Thermic, coated Typic Quartzipsamments","Entisols","Psamments","Quartzipsamments","Typic Quartzipsamments","not used",-85.4165955,30.5453472,5310149,"FL0301901",1,0,13,"A","Sand",357000,NA,1.3,2.0999999,NA,"10YR",5,2
1104017,"Lakeland","LAKELAND","Thermic, coated Typic Quartzipsamments","Entisols","Psamments","Quartzipsamments","Typic Quartzipsamments","not used",-85.4165955,30.5453472,5310150,"FL0301902",2,13,25,"Bw1","Sand",357001,NA,3.4000001,1.9,NA,"10YR",5,3
1104017,"Lakeland","LAKELAND","Thermic, coated Typic Quartzipsamments","Entisols","Psamments","Quartzipsamments","Typic Quartzipsamments","not used",-85.4165955,30.5453472,5310151,"FL0301903",3,25,96,"Bw2","Sand",357002,NA,2.7,2.2,NA,"10YR",6,6
1104017,"Lakeland","LAKELAND","Thermic, coated Typic Quartzipsamments","Entisols","Psamments","Quartzipsamments","Typic Quartzipsamments","not used",-85.4165955,30.5453472,5310152,"FL0301904",4,96,162,"Bw3","Sand",357003,NA,1.9,1.5,NA,"10YR",6,6
1104017,"Lakeland","LAKELAND","Thermic, coated Typic Quartzipsamments","Entisols","Psamments","Quartzipsamments","Typic Quartzipsamments","not used",-85.4165955,30.5453472,5310153,"FL0301905",5,162,203,"Bw4","Sand",357004,NA,1.2,1,NA,"10YR",7,6
1288292,"Leefield","LEEFIELD","Loamy, siliceous, subactive, thermic Arenic Plinthaquic Paleudults","Ultisols","Udults","Paleudults","Arenic Plinthaquic Paleudults","loamy",-83.9102478,30.4713917,NA,NA,NA,NA,NA,NA,NA,NA,NA,NA,NA,NA,NA,NA,NA
517642,"Esto","ESTO","Typic Kandiudults, fine, kaolinitic, thermic","Ultisols","Udults","Kandiudults","Typic Kandiudults","fine",-85.3278579999999,30.6357327000001,2272482,"FL3200101",1,0,10,"Ap","Very fine sandy loam",91154,NA,10.8999996,12.3999996,NA,"10YR",3,1
517642,"Esto","ESTO","Typic Kandiudults, fine, kaolinitic, thermic","Ultisols","Udults","Kandiudults","Typic Kandiudults","fine",-85.3278579999999,30.6357327000001,2272483,"FL3200102",2,10,20,"Bt1","Sandy clay loam",91155,NA,11.1999998,21.1000004,NA,"10YR",4,2
517642,"Esto","ESTO","Typic Kandiudults, fine, kaolinitic, thermic","Ultisols","Udults","Kandiudults","Typic Kandiudults","fine",-85.3278579999999,30.6357327000001,2272484,"FL3200103",3,20,30,"Bt2","Clay",91156,NA,5.6999998,52.5,NA,"5YR",4,6
517642,"Esto","ESTO","Typic Kandiudults, fine, kaolinitic, thermic","Ultisols","Udults","Kandiudults","Typic Kandiudults","fine",-85.3278579999999,30.6357327000001,2272485,"FL3200104",4,30,61,"Bt3","Clay",91157,NA,5.5999999,54.4000015,NA,"5YR",4,6
517642,"Esto","ESTO","Typic Kandiudults, fine, kaolinitic, thermic","Ultisols","Udults","Kandiudults","Typic Kandiudults","fine",-85.3278579999999,30.6357327000001,2272486,"FL3200105",5,61,91,"Bt4","Clay",91158,NA,4.8000002,57.5,NA,"5YR",4,6
517642,"Esto","ESTO","Typic Kandiudults, fine, kaolinitic, thermic","Ultisols","Udults","Kandiudults","Typic Kandiudults","fine",-85.3278579999999,30.6357327000001,2272487,"FL3200106",6,91,157,"Bt5","Sandy clay",91159,NA,3.9000001,50.5,NA,"10YR",7,1
517642,"Esto","ESTO","Typic Kandiudults, fine, kaolinitic, thermic","Ultisols","Udults","Kandiudults","Typic Kandiudults","fine",-85.3278579999999,30.6357327000001,2272488,"FL3200107",7,157,244,"Bt6","Sandy clay",91160,NA,8.6000004,45.4000015,NA,NA,NA,NA
517643,"Esto","ESTO","Typic Kandiudults, fine, kaolinitic, thermic","Ultisols","Udults","Kandiudults","Typic Kandiudults","fine",-85.2844924999999,30.7490673,2272489,"FL3200201",1,0,10,"Ap","Fine sandy loam",91161,NA,11,10.6999998,NA,"10YR",4,2
517643,"Esto","ESTO","Typic Kandiudults, fine, kaolinitic, thermic","Ultisols","Udults","Kandiudults","Typic Kandiudults","fine",-85.2844924999999,30.7490673,2272490,"FL3200202",2,10,36,"Bt1","Sandy clay loam",91162,NA,8,33.9000015,NA,"5YR",4,6
517643,"Esto","ESTO","Typic Kandiudults, fine, kaolinitic, thermic","Ultisols","Udults","Kandiudults","Typic Kandiudults","fine",-85.2844924999999,30.7490673,2272491,"FL3200203",3,36,64,"Bt2","Clay",91163,NA,2.8,64,NA,"2.5YR",5,6
517643,"Esto","ESTO","Typic Kandiudults, fine, kaolinitic, thermic","Ultisols","Udults","Kandiudults","Typic Kandiudults","fine",-85.2844924999999,30.7490673,2272492,"FL3200204",4,64,102,"Bt3","Clay",91164,NA,3.8,68.4000015,NA,"2.5YR",5,6
517643,"Esto","ESTO","Typic Kandiudults, fine, kaolinitic, thermic","Ultisols","Udults","Kandiudults","Typic Kandiudults","fine",-85.2844924999999,30.7490673,2272493,"FL3200205",5,102,185,"Bt4","Clay",91165,NA,4.5999999,59.5,NA,"5YR",4,6
517643,"Esto","ESTO","Typic Kandiudults, fine, kaolinitic, thermic","Ultisols","Udults","Kandiudults","Typic Kandiudults","fine",-85.2844924999999,30.7490673,2272494,"FL3200206",6,185,216,"BC","Clay",91166,NA,8.6000004,65.5999985,NA,"",NA,NA
517644,"Suggsville","SUGGSVILLE","Chromic Dystruderts, very fine, smectitic, thermic","Vertisols","Uderts","Dystruderts","Chromic Dystruderts","fine",-85.1813202,30.8016644,2272495,"FL3200301",1,0,13,"Ap","Sandy clay loam",91167,NA,10.1999998,32,NA,"5YR",3,4
517644,"Suggsville","SUGGSVILLE","Chromic Dystruderts, very fine, smectitic, thermic","Vertisols","Uderts","Dystruderts","Chromic Dystruderts","fine",-85.1813202,30.8016644,2272496,"FL3200302",2,13,56,"Bt","Clay",91168,NA,7.6999998,60.2000008,NA,"5YR",4,6
517644,"Suggsville","SUGGSVILLE","Chromic Dystruderts, very fine, smectitic, thermic","Vertisols","Uderts","Dystruderts","Chromic Dystruderts","fine",-85.1813202,30.8016644,2272497,"FL3200303",3,56,102,"Btss1","Clay",91169,NA,4.0999999,93.5,NA,"2.5YR",4,6
517644,"Suggsville","SUGGSVILLE","Chromic Dystruderts, very fine, smectitic, thermic","Vertisols","Uderts","Dystruderts","Chromic Dystruderts","fine",-85.1813202,30.8016644,2272498,"FL3200304",4,102,112,"Btss2","Clay",91170,NA,4.5999999,92.8000031,NA,"10YR",5,6
517645,"Clarendon","CLARENDON","Plinthaquic Paleudults, fine-loamy, siliceous, semiactive, thermic","Ultisols","Udults","Paleudults","Plinthaquic Paleudults","fine-loamy",-85.1531219,30.7282047,2272500,"FL3200401",1,0,20,"Ap","Fine sandy loam",91172,NA,14,15.3999996,NA,"10YR",3,2
517645,"Clarendon","CLARENDON","Plinthaquic Paleudults, fine-loamy, siliceous, semiactive, thermic","Ultisols","Udults","Paleudults","Plinthaquic Paleudults","fine-loamy",-85.1531219,30.7282047,2272501,"FL3200402",2,20,41,"Bt1","Fine sandy loam",91173,NA,20.8999996,13.3000002,NA,"2.5Y",6,4
517645,"Clarendon","CLARENDON","Plinthaquic Paleudults, fine-loamy, siliceous, semiactive, thermic","Ultisols","Udults","Paleudults","Plinthaquic Paleudults","fine-loamy",-85.1531219,30.7282047,2272502,"FL3200403",3,41,53,"Bt2","Sandy clay loam",91174,NA,13.6999998,29.3999996,NA,"10YR",6,4
517645,"Clarendon","CLARENDON","Plinthaquic Paleudults, fine-loamy, siliceous, semiactive, thermic","Ultisols","Udults","Paleudults","Plinthaquic Paleudults","fine-loamy",-85.1531219,30.7282047,2272503,"FL3200404",4,53,66,"Btv","Sandy clay loam",91175,NA,13.8999996,29.7000008,NA,NA,NA,NA
517645,"Clarendon","CLARENDON","Plinthaquic Paleudults, fine-loamy, siliceous, semiactive, thermic","Ultisols","Udults","Paleudults","Plinthaquic Paleudults","fine-loamy",-85.1531219,30.7282047,2272504,"FL3200405",5,66,132,"Btgv","Sandy clay loam",91176,NA,9.3000002,30.6000004,NA,"7.5YR",5,6
517645,"Clarendon","CLARENDON","Plinthaquic Paleudults, fine-loamy, siliceous, semiactive, thermic","Ultisols","Udults","Paleudults","Plinthaquic Paleudults","fine-loamy",-85.1531219,30.7282047,2272505,"FL3200406",6,132,213,"Btg","Sandy clay loam",91177,NA,9.3000002,22.3999996,NA,"",NA,NA
517646,"Dothan","DOTHAN","Plinthic Kanhapludults, fine-loamy, kaolinitic, thermic","Ultisols","Udults","Kanhapludults","Plinthic Kanhapludults","fine-loamy",-85.2299728,30.7521973,2272506,"FL3200501",1,0,13,"Ap","Loamy sand",91178,NA,6.9000001,7.6999998,NA,"10YR",4,3
517646,"Dothan","DOTHAN","Plinthic Kanhapludults, fine-loamy, kaolinitic, thermic","Ultisols","Udults","Kanhapludults","Plinthic Kanhapludults","fine-loamy",-85.2299728,30.7521973,2272507,"FL3200502",2,13,25,"Bt1","Sandy clay loam",91179,NA,8.3999996,20.5,NA,"10YR",5,6
517646,"Dothan","DOTHAN","Plinthic Kanhapludults, fine-loamy, kaolinitic, thermic","Ultisols","Udults","Kanhapludults","Plinthic Kanhapludults","fine-loamy",-85.2299728,30.7521973,2272508,"FL3200503",3,25,86,"Bt2","Sandy clay loam",91180,NA,4.5,33.2000008,NA,"10YR",5,6
517646,"Dothan","DOTHAN","Plinthic Kanhapludults, fine-loamy, kaolinitic, thermic","Ultisols","Udults","Kanhapludults","Plinthic Kanhapludults","fine-loamy",-85.2299728,30.7521973,2272509,"FL3200504",4,86,137,"Btv1","Sandy clay loam",91181,NA,6.6999998,23.3999996,NA,"10YR",5,6
517646,"Dothan","DOTHAN","Plinthic Kanhapludults, fine-loamy, kaolinitic, thermic","Ultisols","Udults","Kanhapludults","Plinthic Kanhapludults","fine-loamy",-85.2299728,30.7521973,2272510,"FL3200505",5,137,193,"Btv2","Fine sandy loam",91182,NA,5.0999999,19.6000004,NA,"10YR",5,6
517647,"Red Bay","RED BAY","Rhodic Kandiudults, fine-loamy, kaolinitic, thermic","Ultisols","Udults","Kandiudults","Rhodic Kandiudults","fine-loamy",-85.209816,30.8175564000001,2272511,"FL3200601",1,0,18,"Ap","Sandy loam",91183,NA,10.3000002,16.8999996,NA,"5YR",3,3
517647,"Red Bay","RED BAY","Rhodic Kandiudults, fine-loamy, kaolinitic, thermic","Ultisols","Udults","Kandiudults","Rhodic Kandiudults","fine-loamy",-85.209816,30.8175564000001,2272512,"FL3200602",2,18,28,"Bw","Sandy loam",91184,NA,11.1000004,10.6999998,NA,"2.5YR",3,6
517647,"Red Bay","RED BAY","Rhodic Kandiudults, fine-loamy, kaolinitic, thermic","Ultisols","Udults","Kandiudults","Rhodic Kandiudults","fine-loamy",-85.209816,30.8175564000001,2272513,"FL3200603",3,28,91,"Bt1","Sandy clay loam",91185,NA,9,29.1000004,NA,"2.5YR",3,6
517647,"Red Bay","RED BAY","Rhodic Kandiudults, fine-loamy, kaolinitic, thermic","Ultisols","Udults","Kandiudults","Rhodic Kandiudults","fine-loamy",-85.209816,30.8175564000001,2272514,"FL3200604",4,91,163,"Bt2","Sandy clay",91186,NA,3.5,36.7000008,NA,"2.5YR",3,6
517647,"Red Bay","RED BAY","Rhodic Kandiudults, fine-loamy, kaolinitic, thermic","Ultisols","Udults","Kandiudults","Rhodic Kandiudults","fine-loamy",-85.209816,30.8175564000001,2272515,"FL3200605",5,163,203,"Bt3","Sandy clay",91187,NA,2.7,35.0999985,NA,"2.5YR",3,6
517648,"Miccosukee","MICCOSUKEE","Humic Eutrudepts, fine-loamy, siliceous, thermic","Inceptisols","Udepts","Eutrudepts","Humic Eutrudepts","fine-loamy",-85.2167664,30.8169632,2272516,"FL3200701",1,0,36,"Ap","Sandy clay loam",91188,NA,12.6000004,20.3999996,NA,"5YR",3,2
517648,"Miccosukee","MICCOSUKEE","Humic Eutrudepts, fine-loamy, siliceous, thermic","Inceptisols","Udepts","Eutrudepts","Humic Eutrudepts","fine-loamy",-85.2167664,30.8169632,2272517,"FL3200702",2,36,56,"Bw1","Sandy clay loam",91189,NA,9.5,20.6000004,NA,"5YR",3,3
517648,"Miccosukee","MICCOSUKEE","Humic Eutrudepts, fine-loamy, siliceous, thermic","Inceptisols","Udepts","Eutrudepts","Humic Eutrudepts","fine-loamy",-85.2167664,30.8169632,2272518,"FL3200703",3,56,89,"Bw2","Sandy clay loam",91190,NA,8.1000004,21.5,NA,"2.5YR",3,6
517648,"Miccosukee","MICCOSUKEE","Humic Eutrudepts, fine-loamy, siliceous, thermic","Inceptisols","Udepts","Eutrudepts","Humic Eutrudepts","fine-loamy",-85.2167664,30.8169632,2272519,"FL3200704",4,89,132,"Bw3","Sandy clay loam",91191,NA,6.0999999,24.6000004,NA,"2.5YR",3,6
517648,"Miccosukee","MICCOSUKEE","Humic Eutrudepts, fine-loamy, siliceous, thermic","Inceptisols","Udepts","Eutrudepts","Humic Eutrudepts","fine-loamy",-85.2167664,30.8169632,2272520,"FL3200705",5,132,183,"Bw4","Sandy clay loam",91192,NA,4.0999999,21,NA,"2.5YR",4,6
517649,"Yonges","YONGES","Typic Endoaqualfs, fine-loamy, mixed, active, thermic","Alfisols","Aqualfs","Endoaqualfs","Typic Endoaqualfs","fine-loamy",-85.2540359,30.8672829000001,2272521,"FL3200801",1,0,13,"A","Fine sand",91193,NA,2.5999999,1.6,NA,"10YR",7,2
517649,"Yonges","YONGES","Typic Endoaqualfs, fine-loamy, mixed, active, thermic","Alfisols","Aqualfs","Endoaqualfs","Typic Endoaqualfs","fine-loamy",-85.2540359,30.8672829000001,2272522,"FL3200802",2,13,23,"Bg","Fine sand",91194,NA,5.1999998,4.1999998,NA,"10YR",7,1
517649,"Yonges","YONGES","Typic Endoaqualfs, fine-loamy, mixed, active, thermic","Alfisols","Aqualfs","Endoaqualfs","Typic Endoaqualfs","fine-loamy",-85.2540359,30.8672829000001,2272523,"FL3200803",3,23,28,"Btg1","Fine sandy loam",91195,NA,3.9000001,18.2999992,NA,"10YR",7,1
517649,"Yonges","YONGES","Typic Endoaqualfs, fine-loamy, mixed, active, thermic","Alfisols","Aqualfs","Endoaqualfs","Typic Endoaqualfs","fine-loamy",-85.2540359,30.8672829000001,2272524,"FL3200804",4,28,109,"Btg2","Sandy clay loam",91196,NA,5.3000002,28.6000004,NA,"10YR",7,1
517649,"Yonges","YONGES","Typic Endoaqualfs, fine-loamy, mixed, active, thermic","Alfisols","Aqualfs","Endoaqualfs","Typic Endoaqualfs","fine-loamy",-85.2540359,30.8672829000001,2272525,"FL3200805",5,109,132,"Btg3","Sandy clay",91197,NA,3.7,35.2000008,NA,"10YR",7,4
517649,"Yonges","YONGES","Typic Endoaqualfs, fine-loamy, mixed, active, thermic","Alfisols","Aqualfs","Endoaqualfs","Typic Endoaqualfs","fine-loamy",-85.2540359,30.8672829000001,2272526,"FL3200806",6,132,160,"Btg4","Sandy clay loam",91198,NA,3.3,23.5,NA,"10YR",7,1
517649,"Yonges","YONGES","Typic Endoaqualfs, fine-loamy, mixed, active, thermic","Alfisols","Aqualfs","Endoaqualfs","Typic Endoaqualfs","fine-loamy",-85.2540359,30.8672829000001,2272527,"FL3200807",7,160,170,"Cg1","Fine sandy loam",91199,NA,2.9000001,15.8999996,NA,"10YR",7,1
517649,"Yonges","YONGES","Typic Endoaqualfs, fine-loamy, mixed, active, thermic","Alfisols","Aqualfs","Endoaqualfs","Typic Endoaqualfs","fine-loamy",-85.2540359,30.8672829000001,2272528,"FL3200808",8,170,188,"Cg2","Loamy fine sand",94900,NA,4.0999999,12.6000004,NA,NA,NA,NA
517650,"Greenville","GREENVILLE","Rhodic Kandiudults, fine, kaolinitic, thermic","Ultisols","Udults","Kandiudults","Rhodic Kandiudults","fine",-85.2499466,30.8073196,2272529,"FL3200901",1,0,15,"Ap","Fine sandy loam",94901,NA,10.6999998,18.3999996,NA,"2.5YR",3,4
517650,"Greenville","GREENVILLE","Rhodic Kandiudults, fine, kaolinitic, thermic","Ultisols","Udults","Kandiudults","Rhodic Kandiudults","fine",-85.2499466,30.8073196,2272531,"FL3200903",3,20,56,"Bt2","Sandy clay",94903,NA,6.9000001,41.7000008,NA,"2.5YR",3,6
517650,"Greenville","GREENVILLE","Rhodic Kandiudults, fine, kaolinitic, thermic","Ultisols","Udults","Kandiudults","Rhodic Kandiudults","fine",-85.2499466,30.8073196,2272532,"FL3200904",4,56,94,"Bt2","Sandy clay",94904,NA,5.9000001,42.0999985,NA,"2.5YR",3,6
517650,"Greenville","GREENVILLE","Rhodic Kandiudults, fine, kaolinitic, thermic","Ultisols","Udults","Kandiudults","Rhodic Kandiudults","fine",-85.2499466,30.8073196,2272533,"FL3200905",5,94,132,"Bt2","Sandy clay",94905,NA,5.4000001,37.5,NA,"2.5YR",3,6
517650,"Greenville","GREENVILLE","Rhodic Kandiudults, fine, kaolinitic, thermic","Ultisols","Udults","Kandiudults","Rhodic Kandiudults","fine",-85.2499466,30.8073196,2272534,"FL3200906",6,132,160,"Bt3","Sandy clay",94906,NA,2.5999999,40.7000008,NA,"2.5YR",3,6
517652,"Orangeburg","ORANGEBURG","Typic Kandiudults, fine-loamy, kaolinitic, thermic","Ultisols","Udults","Kandiudults","Typic Kandiudults","fine-loamy",-85.1684341,30.6686859000001,2272542,"FL3201101",1,0,18,"Ap","Loamy sand",94914,NA,8.3000002,5.5,NA,"10YR",4,3
517652,"Orangeburg","ORANGEBURG","Typic Kandiudults, fine-loamy, kaolinitic, thermic","Ultisols","Udults","Kandiudults","Typic Kandiudults","fine-loamy",-85.1684341,30.6686859000001,2272544,"FL3201103",3,23,43,"Bt1","Sandy clay loam",94916,NA,8,21.2000008,NA,"5YR",4,6
517652,"Orangeburg","ORANGEBURG","Typic Kandiudults, fine-loamy, kaolinitic, thermic","Ultisols","Udults","Kandiudults","Typic Kandiudults","fine-loamy",-85.1684341,30.6686859000001,2272545,"FL3201104",4,43,81,"Bt2","Sandy clay loam",94917,NA,5.8000002,29.3999996,NA,"2.5YR",4,6
517652,"Orangeburg","ORANGEBURG","Typic Kandiudults, fine-loamy, kaolinitic, thermic","Ultisols","Udults","Kandiudults","Typic Kandiudults","fine-loamy",-85.1684341,30.6686859000001,2272546,"FL3201105",5,81,122,"Bt2","Sandy clay loam",94918,NA,4,26.5,NA,"2.5YR",4,6
517652,"Orangeburg","ORANGEBURG","Typic Kandiudults, fine-loamy, kaolinitic, thermic","Ultisols","Udults","Kandiudults","Typic Kandiudults","fine-loamy",-85.1684341,30.6686859000001,2272547,"FL3201106",6,122,152,"Bt3","Sandy clay loam",94919,NA,1.1,27.7999992,NA,"2.5YR",5,8
517652,"Orangeburg","ORANGEBURG","Typic Kandiudults, fine-loamy, kaolinitic, thermic","Ultisols","Udults","Kandiudults","Typic Kandiudults","fine-loamy",-85.1684341,30.6686859000001,2272548,"FL3201107",7,152,183,"Bt3","Sandy clay loam",94920,NA,3.5,24.1000004,NA,"2.5YR",5,8
517653,"Chipola","CHIPOLA","Arenic Kanhapludults, loamy, kaolinitic, thermic","Ultisols","Udults","Kanhapludults","Arenic Kanhapludults","loamy",-85.2573166,30.8846531,2272549,"FL3201201",1,0,25,"Ap","Loamy sand",94921,NA,8.6000004,7.5999999,NA,"10YR",4,3
517653,"Chipola","CHIPOLA","Arenic Kanhapludults, loamy, kaolinitic, thermic","Ultisols","Udults","Kanhapludults","Arenic Kanhapludults","loamy",-85.2573166,30.8846531,2272550,"FL3201202",2,25,56,"Bw1","Loamy coarse sand",94922,NA,5.9000001,7.3000002,NA,"",NA,NA
517653,"Chipola","CHIPOLA","Arenic Kanhapludults, loamy, kaolinitic, thermic","Ultisols","Udults","Kanhapludults","Arenic Kanhapludults","loamy",-85.2573166,30.8846531,2272551,"FL3201203",3,56,81,"Bw2","Loamy coarse sand",94923,NA,5.4000001,6.5999999,NA,"5YR",6,6
517653,"Chipola","CHIPOLA","Arenic Kanhapludults, loamy, kaolinitic, thermic","Ultisols","Udults","Kanhapludults","Arenic Kanhapludults","loamy",-85.2573166,30.8846531,2272552,"FL3201204",4,81,89,"Bw3","Loamy coarse sand",94924,NA,5,7.1999998,NA,"2.5YR",5,8
517653,"Chipola","CHIPOLA","Arenic Kanhapludults, loamy, kaolinitic, thermic","Ultisols","Udults","Kanhapludults","Arenic Kanhapludults","loamy",-85.2573166,30.8846531,2272553,"FL3201205",5,89,140,"Bt","Coarse sandy loam",94925,NA,4.6999998,15.1999998,NA,"2.5YR",4,8
517653,"Chipola","CHIPOLA","Arenic Kanhapludults, loamy, kaolinitic, thermic","Ultisols","Udults","Kanhapludults","Arenic Kanhapludults","loamy",-85.2573166,30.8846531,2272554,"FL3201206",6,140,190,"Bt","Loamy coarse sand",94926,NA,4,11.3999996,NA,"2.5YR",4,8
517653,"Chipola","CHIPOLA","Arenic Kanhapludults, loamy, kaolinitic, thermic","Ultisols","Udults","Kanhapludults","Arenic Kanhapludults","loamy",-85.2573166,30.8846531,2272555,"FL3201207",7,190,239,"C","Coarse sand",94927,NA,2.9000001,7.5,NA,"2.5YR",5,8
517654,"Meadowbrook","MEADOWBROOK","Grossarenic Paleudalfs, loamy, siliceous, subactive, hyperthermic","Alfisols","Udalfs","Paleudalfs","Grossarenic Paleudalfs","loamy",-85.1500702,30.9946671000001,2272556,"FL3201301",1,0,23,"Ap","Coarse sand",94928,NA,6.5,2.3,NA,"10YR",4,1
517654,"Meadowbrook","MEADOWBROOK","Grossarenic Paleudalfs, loamy, siliceous, subactive, hyperthermic","Alfisols","Udalfs","Paleudalfs","Grossarenic Paleudalfs","loamy",-85.1500702,30.9946671000001,2272557,"FL3201302",2,23,43,"Eg1","Sand",94929,NA,8.3000002,2.9000001,NA,"10YR",4,2
517654,"Meadowbrook","MEADOWBROOK","Grossarenic Paleudalfs, loamy, siliceous, subactive, hyperthermic","Alfisols","Udalfs","Paleudalfs","Grossarenic Paleudalfs","loamy",-85.1500702,30.9946671000001,2272558,"FL3201303",3,43,58,"Eg2","Coarse sand",94930,NA,8.3999996,3.5,NA,"10YR",6,1
517654,"Meadowbrook","MEADOWBROOK","Grossarenic Paleudalfs, loamy, siliceous, subactive, hyperthermic","Alfisols","Udalfs","Paleudalfs","Grossarenic Paleudalfs","loamy",-85.1500702,30.9946671000001,2272559,"FL3201304",4,58,81,"Eg3","Loamy sand",94931,NA,9.3000002,3.9000001,NA,"10YR",7,2
517654,"Meadowbrook","MEADOWBROOK","Grossarenic Paleudalfs, loamy, siliceous, subactive, hyperthermic","Alfisols","Udalfs","Paleudalfs","Grossarenic Paleudalfs","loamy",-85.1500702,30.9946671000001,2272560,"FL3201305",5,81,112,"Eg4","Coarse sand",94932,NA,8.8000002,2.8,NA,"10YR",7,1
517654,"Meadowbrook","MEADOWBROOK","Grossarenic Paleudalfs, loamy, siliceous, subactive, hyperthermic","Alfisols","Udalfs","Paleudalfs","Grossarenic Paleudalfs","loamy",-85.1500702,30.9946671000001,2272561,"FL3201306",6,112,142,"Eg4","Sand",94933,NA,8.8000002,2.2,NA,"10YR",7,1
517654,"Meadowbrook","MEADOWBROOK","Grossarenic Paleudalfs, loamy, siliceous, subactive, hyperthermic","Alfisols","Udalfs","Paleudalfs","Grossarenic Paleudalfs","loamy",-85.1500702,30.9946671000001,2272562,"FL3201307",7,142,162,"Btg1","Sandy clay loam",94934,NA,7.9000001,20,NA,"10YR",7,1
517654,"Meadowbrook","MEADOWBROOK","Grossarenic Paleudalfs, loamy, siliceous, subactive, hyperthermic","Alfisols","Udalfs","Paleudalfs","Grossarenic Paleudalfs","loamy",-85.1500702,30.9946671000001,2272563,"FL3201308",8,162,193,"Btg2","Sandy clay",94935,NA,6,42.2999992,NA,"10YR",8,1
517655,"Torhunta","TORHUNTA","Typic Humaquepts, coarse-loamy, siliceous, acid, active, thermic","Inceptisols","Aquepts","Humaquepts","Typic Humaquepts","coarse-loamy",-85.1498337,30.9977703000001,2272564,"FL3201401",1,0,43,"A1","Sandy loam",94936,NA,20.7999992,14,NA,"10YR",2,1
517655,"Torhunta","TORHUNTA","Typic Humaquepts, coarse-loamy, siliceous, acid, active, thermic","Inceptisols","Aquepts","Humaquepts","Typic Humaquepts","coarse-loamy",-85.1498337,30.9977703000001,2272565,"FL3201402",2,43,58,"A2","Sandy loam",94937,NA,16.1000004,12,NA,"10YR",3,2
517655,"Torhunta","TORHUNTA","Typic Humaquepts, coarse-loamy, siliceous, acid, active, thermic","Inceptisols","Aquepts","Humaquepts","Typic Humaquepts","coarse-loamy",-85.1498337,30.9977703000001,2272566,"FL3201403",3,58,91,"Bg","Loamy sand",94938,NA,12.6000004,7.8000002,NA,"10YR",5,1
517655,"Torhunta","TORHUNTA","Typic Humaquepts, coarse-loamy, siliceous, acid, active, thermic","Inceptisols","Aquepts","Humaquepts","Typic Humaquepts","coarse-loamy",-85.1498337,30.9977703000001,2272567,"FL3201404",4,91,183,"Eg","Coarse sand",94939,NA,7.9000001,2.5,NA,"",NA,NA
517656,"Albany","ALBANY","Aquic Grossarenic Paleudults, loamy, siliceous, subactive, thermic","Ultisols","Udults","Paleudults","Grossarenic Paleudults","loamy",-85.1498412999999,30.9963131000001,2272568,"FL3201501",1,0,25,"A1","Sand",94940,NA,6.6999998,2.8,NA,"10YR",2,1
517656,"Albany","ALBANY","Aquic Grossarenic Paleudults, loamy, siliceous, subactive, thermic","Ultisols","Udults","Paleudults","Grossarenic Paleudults","loamy",-85.1498412999999,30.9963131000001,2272569,"FL3201502",2,25,36,"A2","Coarse sand",94941,NA,6.0999999,2.9000001,NA,"10YR",3,1
517656,"Albany","ALBANY","Aquic Grossarenic Paleudults, loamy, siliceous, subactive, thermic","Ultisols","Udults","Paleudults","Grossarenic Paleudults","loamy",-85.1498412999999,30.9963131000001,2272570,"FL3201503",3,36,48,"E","Coarse sand",94942,NA,6,2.8,NA,"10YR",6,1
517656,"Albany","ALBANY","Aquic Grossarenic Paleudults, loamy, siliceous, subactive, thermic","Ultisols","Udults","Paleudults","Grossarenic Paleudults","loamy",-85.1498412999999,30.9963131000001,2272571,"FL3201504",4,48,91,"Eg","Coarse sand",94943,NA,5.6999998,2.3,NA,"10YR",7,1
517656,"Albany","ALBANY","Aquic Grossarenic Paleudults, loamy, siliceous, subactive, thermic","Ultisols","Udults","Paleudults","Grossarenic Paleudults","loamy",-85.1498412999999,30.9963131000001,2272572,"FL3201505",5,91,135,"Eg","Coarse sand",94944,NA,5.8000002,1.5,NA,"10YR",7,1
517656,"Albany","ALBANY","Aquic Grossarenic Paleudults, loamy, siliceous, subactive, thermic","Ultisols","Udults","Paleudults","Grossarenic Paleudults","loamy",-85.1498412999999,30.9963131000001,2272573,"FL3201506",6,135,142,"Bt1","Loamy coarse sand",94945,NA,6.6999998,8.3999996,NA,"10YR",7,4
517656,"Albany","ALBANY","Aquic Grossarenic Paleudults, loamy, siliceous, subactive, thermic","Ultisols","Udults","Paleudults","Grossarenic Paleudults","loamy",-85.1498412999999,30.9963131000001,2272574,"FL3201507",7,142,155,"Bt2","Sandy clay loam",94946,NA,3.9000001,29.3999996,NA,"7.5YR",6,8
517656,"Albany","ALBANY","Aquic Grossarenic Paleudults, loamy, siliceous, subactive, thermic","Ultisols","Udults","Paleudults","Grossarenic Paleudults","loamy",-85.1498412999999,30.9963131000001,2272575,"FL3201508",8,155,185,"Btg","Sandy clay loam",94947,NA,2.7,23.2000008,NA,"10YR",7,1
517657,"Blanton","BLANTON","Grossarenic Paleudults, loamy, siliceous, semiactive, thermic","Ultisols","Udults","Paleudults","Grossarenic Paleudults","loamy",-85.1574783,30.7331448,2272576,"FL3201601",1,0,13,"A","Loamy coarse sand",94948,NA,11.6000004,3.5999999,NA,"10YR",4,2
517657,"Blanton","BLANTON","Grossarenic Paleudults, loamy, siliceous, semiactive, thermic","Ultisols","Udults","Paleudults","Grossarenic Paleudults","loamy",-85.1574783,30.7331448,2272577,"FL3201602",2,13,41,"Bw1","Coarse sand",94949,NA,7.1999998,2.9000001,NA,"10YR",6,4
517657,"Blanton","BLANTON","Grossarenic Paleudults, loamy, siliceous, semiactive, thermic","Ultisols","Udults","Paleudults","Grossarenic Paleudults","loamy",-85.1574783,30.7331448,2272578,"FL3201603",3,41,63,"Bw2","Coarse sand",94950,NA,7.4000001,3.0999999,NA,"10YR",7,3
517657,"Blanton","BLANTON","Grossarenic Paleudults, loamy, siliceous, semiactive, thermic","Ultisols","Udults","Paleudults","Grossarenic Paleudults","loamy",-85.1574783,30.7331448,2272579,"FL3201604",4,63,107,"Bw3","Coarse sand",94951,NA,7.1999998,3.0999999,NA,"10YR",7,3
517657,"Blanton","BLANTON","Grossarenic Paleudults, loamy, siliceous, semiactive, thermic","Ultisols","Udults","Paleudults","Grossarenic Paleudults","loamy",-85.1574783,30.7331448,2272580,"FL3201605",5,107,152,"Bw4","Coarse sand",94952,NA,7.0999999,2.5999999,NA,"10YR",7,6
517657,"Blanton","BLANTON","Grossarenic Paleudults, loamy, siliceous, semiactive, thermic","Ultisols","Udults","Paleudults","Grossarenic Paleudults","loamy",-85.1574783,30.7331448,2272581,"FL3201606",6,152,178,"Btv","Coarse sandy loam",94953,NA,9.1000004,10.6999998,NA,"",NA,NA
517657,"Blanton","BLANTON","Grossarenic Paleudults, loamy, siliceous, semiactive, thermic","Ultisols","Udults","Paleudults","Grossarenic Paleudults","loamy",-85.1574783,30.7331448,2272582,"FL3201607",7,178,203,"Btgv","Clay",94954,NA,14.1000004,50.5,NA,"10YR",6,1
517658,"Dothan","DOTHAN","Plinthic Kandiudults, fine-loamy, kaolinitic, subactive, thermic","Ultisols","Udults","Kandiudults","Plinthic Kandiudults","fine-loamy",-85.1540985,30.7281971,2272583,"FL3201701",1,0,20,"A","Loamy sand",94955,NA,13.6000004,7.4000001,NA,"10YR",4,1
517658,"Dothan","DOTHAN","Plinthic Kandiudults, fine-loamy, kaolinitic, subactive, thermic","Ultisols","Udults","Kandiudults","Plinthic Kandiudults","fine-loamy",-85.1540985,30.7281971,2272584,"FL3201702",2,20,41,"Bw1","Loamy sand",94956,NA,11.3999996,8.8000002,NA,"10YR",5,4
517658,"Dothan","DOTHAN","Plinthic Kandiudults, fine-loamy, kaolinitic, subactive, thermic","Ultisols","Udults","Kandiudults","Plinthic Kandiudults","fine-loamy",-85.1540985,30.7281971,2272585,"FL3201703",3,41,56,"Bw2","Sandy loam",94957,NA,13.3999996,8.6999998,NA,"10YR",7,6
517658,"Dothan","DOTHAN","Plinthic Kandiudults, fine-loamy, kaolinitic, subactive, thermic","Ultisols","Udults","Kandiudults","Plinthic Kandiudults","fine-loamy",-85.1540985,30.7281971,2272586,"FL3201704",4,56,79,"Bt","Sandy loam",94958,NA,9.6999998,16.2999992,NA,"10YR",6,8
517658,"Dothan","DOTHAN","Plinthic Kandiudults, fine-loamy, kaolinitic, subactive, thermic","Ultisols","Udults","Kandiudults","Plinthic Kandiudults","fine-loamy",-85.1540985,30.7281971,2272587,"FL3201705",5,79,102,"Btv1","Sandy clay loam",94959,NA,8,22.3999996,NA,"10YR",5,8
517658,"Dothan","DOTHAN","Plinthic Kandiudults, fine-loamy, kaolinitic, subactive, thermic","Ultisols","Udults","Kandiudults","Plinthic Kandiudults","fine-loamy",-85.1540985,30.7281971,2272588,"FL3201706",6,102,145,"Btv2","Sandy clay loam",94960,NA,5.9000001,22.7000008,NA,"10YR",5,8
517658,"Dothan","DOTHAN","Plinthic Kandiudults, fine-loamy, kaolinitic, subactive, thermic","Ultisols","Udults","Kandiudults","Plinthic Kandiudults","fine-loamy",-85.1540985,30.7281971,2272589,"FL3201707",7,145,162,"Bt1","Sandy clay",94961,NA,6,41.7999992,NA,"",NA,NA
517658,"Dothan","DOTHAN","Plinthic Kandiudults, fine-loamy, kaolinitic, subactive, thermic","Ultisols","Udults","Kandiudults","Plinthic Kandiudults","fine-loamy",-85.1540985,30.7281971,2272590,"FL3201708",8,162,188,"Bt2","Clay",94962,NA,8.5,50,NA,"",NA,NA
517659,"Bonifay","BONIFAY","Grossarenic Plinthic Paleudults, loamy, subactive, siliceous, thermic","Ultisols","Udults","Kandiudults","Grossarenic Plinthic Paleudults","loamy",-85.3427811,30.6130276000001,2272591,"FL3201801",1,0,13,"A","Sand",94963,NA,4.9000001,3,NA,"10YR",5,3
517659,"Bonifay","BONIFAY","Grossarenic Plinthic Paleudults, loamy, subactive, siliceous, thermic","Ultisols","Udults","Kandiudults","Grossarenic Plinthic Paleudults","loamy",-85.3427811,30.6130276000001,2272592,"FL3201802",2,13,74,"Bw1","Sand",94964,NA,4.5,4.5,NA,"10YR",6,6
517659,"Bonifay","BONIFAY","Grossarenic Plinthic Paleudults, loamy, subactive, siliceous, thermic","Ultisols","Udults","Kandiudults","Grossarenic Plinthic Paleudults","loamy",-85.3427811,30.6130276000001,2272593,"FL3201803",3,74,99,"Bw2","Loamy sand",94965,NA,5,7.4000001,NA,"10YR",7,3
517659,"Bonifay","BONIFAY","Grossarenic Plinthic Paleudults, loamy, subactive, siliceous, thermic","Ultisols","Udults","Kandiudults","Grossarenic Plinthic Paleudults","loamy",-85.3427811,30.6130276000001,2272594,"FL3201804",4,99,112,"Bw3","Loamy sand",94966,NA,3.9000001,9.6999998,NA,"10YR",7,3
517659,"Bonifay","BONIFAY","Grossarenic Plinthic Paleudults, loamy, subactive, siliceous, thermic","Ultisols","Udults","Kandiudults","Grossarenic Plinthic Paleudults","loamy",-85.3427811,30.6130276000001,2272595,"FL3201805",5,112,130,"Btv","Sandy clay loam",94967,NA,6.5999999,24.2000008,NA,"7.5YR",5,8
517659,"Bonifay","BONIFAY","Grossarenic Plinthic Paleudults, loamy, subactive, siliceous, thermic","Ultisols","Udults","Kandiudults","Grossarenic Plinthic Paleudults","loamy",-85.3427811,30.6130276000001,2272596,"FL3201806",6,130,190,"Btgv","Sandy clay loam",94968,NA,5.8000002,34.2000008,NA,"",NA,NA
517661,"Troup","TROUP","Grossarenic Kandiudults, loamy, kaolinitic, thermic","Ultisols","Udults","Kandiudults","Grossarenic Kandiudults","loamy",-85.3283691,30.6053619,2272602,"FL3202001",1,0,13,"Ap","Sand",94974,NA,4.5999999,3.2,NA,"10YR",6,4
517661,"Troup","TROUP","Grossarenic Kandiudults, loamy, kaolinitic, thermic","Ultisols","Udults","Kandiudults","Grossarenic Kandiudults","loamy",-85.3283691,30.6053619,2272603,"FL3202002",2,13,64,"Bw1","Sand",94975,NA,3.5,3.2,NA,"10YR",6,6
517661,"Troup","TROUP","Grossarenic Kandiudults, loamy, kaolinitic, thermic","Ultisols","Udults","Kandiudults","Grossarenic Kandiudults","loamy",-85.3283691,30.6053619,2272604,"FL3202003",3,64,119,"Bw2","Sand",94976,NA,2,3.5,NA,"10YR",7,4
517661,"Troup","TROUP","Grossarenic Kandiudults, loamy, kaolinitic, thermic","Ultisols","Udults","Kandiudults","Grossarenic Kandiudults","loamy",-85.3283691,30.6053619,2272605,"FL3202004",4,119,145,"Bw3","Sand",94977,NA,2.4000001,3.8,NA,"7.5YR",7,8
517661,"Troup","TROUP","Grossarenic Kandiudults, loamy, kaolinitic, thermic","Ultisols","Udults","Kandiudults","Grossarenic Kandiudults","loamy",-85.3283691,30.6053619,2272606,"FL3202005",5,145,8888,"Bt","Sandy loam",94978,NA,0.7,15.3000002,NA,"5YR",5,8
517662,"Fuquay","FUQUAY","Arenic Plinthic Kandiudults, loamy, kaolinitic, thermic","Ultisols","Udults","Paleudults","Arenic Plinthic Kandiudults","loamy",-85.3169326999999,30.6980057000001,2272607,"FL3202201",1,0,15,"A","Coarse sand",94979,NA,7.8000002,4,NA,"10YR",4,3
517662,"Fuquay","FUQUAY","Arenic Plinthic Kandiudults, loamy, kaolinitic, thermic","Ultisols","Udults","Paleudults","Arenic Plinthic Kandiudults","loamy",-85.3169326999999,30.6980057000001,2272608,"FL3202202",2,15,30,"Bw1","Loamy coarse sand",94980,NA,7.4000001,5.6999998,NA,"10YR",4,4
517662,"Fuquay","FUQUAY","Arenic Plinthic Kandiudults, loamy, kaolinitic, thermic","Ultisols","Udults","Paleudults","Arenic Plinthic Kandiudults","loamy",-85.3169326999999,30.6980057000001,2272609,"FL3202203",3,30,66,"Bw2","Loamy coarse sand",94981,NA,7.5999999,7.8000002,NA,"10YR",5,6
517662,"Fuquay","FUQUAY","Arenic Plinthic Kandiudults, loamy, kaolinitic, thermic","Ultisols","Udults","Paleudults","Arenic Plinthic Kandiudults","loamy",-85.3169326999999,30.6980057000001,2272610,"FL3202204",4,66,81,"Bw3","Loamy coarse sand",94982,NA,7.6999998,7.8000002,NA,"10YR",5,6
517662,"Fuquay","FUQUAY","Arenic Plinthic Kandiudults, loamy, kaolinitic, thermic","Ultisols","Udults","Paleudults","Arenic Plinthic Kandiudults","loamy",-85.3169326999999,30.6980057000001,2272611,"FL3202205",5,81,112,"Bt1","Coarse sandy loam",94983,NA,6.4000001,12.8000002,NA,"10YR",5,8
517662,"Fuquay","FUQUAY","Arenic Plinthic Kandiudults, loamy, kaolinitic, thermic","Ultisols","Udults","Paleudults","Arenic Plinthic Kandiudults","loamy",-85.3169326999999,30.6980057000001,2272612,"FL3202206",6,112,140,"Bt2","Sandy clay loam",94984,NA,5.1999998,23.3999996,NA,"10YR",5,8
517662,"Fuquay","FUQUAY","Arenic Plinthic Kandiudults, loamy, kaolinitic, thermic","Ultisols","Udults","Paleudults","Arenic Plinthic Kandiudults","loamy",-85.3169326999999,30.6980057000001,2272613,"FL3202207",7,140,178,"Btv","Sandy clay loam",94985,NA,4.5999999,25.8999996,NA,"10YR",5,8
517662,"Fuquay","FUQUAY","Arenic Plinthic Kandiudults, loamy, kaolinitic, thermic","Ultisols","Udults","Paleudults","Arenic Plinthic Kandiudults","loamy",-85.3169326999999,30.6980057000001,2272614,"FL3202208",8,178,203,"Btv","Sandy clay loam",94986,NA,5.1999998,31,NA,"10YR",5,8
517663,"Orangeburg","ORANGEBURG","Typic Kandiudults, fine-loamy, kaolinitic, thermic","Ultisols","Udults","Kandiudults","Typic Kandiudults","fine-loamy",-85.1971512,30.8005829000001,2272615,"FL3202301",1,0,18,"Ap","Sandy loam",94987,NA,14.6999998,8.5,NA,"10YR",4,4
517663,"Orangeburg","ORANGEBURG","Typic Kandiudults, fine-loamy, kaolinitic, thermic","Ultisols","Udults","Kandiudults","Typic Kandiudults","fine-loamy",-85.1971512,30.8005829000001,2272616,"FL3202302",2,18,25,"Bt1","Sandy loam",94988,NA,13.6000004,14.8999996,NA,"",NA,NA
517663,"Orangeburg","ORANGEBURG","Typic Kandiudults, fine-loamy, kaolinitic, thermic","Ultisols","Udults","Kandiudults","Typic Kandiudults","fine-loamy",-85.1971512,30.8005829000001,2272617,"FL3202303",3,25,58,"Bt2","Fine sandy loam",94989,NA,22.8999996,15.8000002,NA,"2.5YR",4,6
517663,"Orangeburg","ORANGEBURG","Typic Kandiudults, fine-loamy, kaolinitic, thermic","Ultisols","Udults","Kandiudults","Typic Kandiudults","fine-loamy",-85.1971512,30.8005829000001,2272618,"FL3202304",4,59,89,"Bt2","Sandy clay loam",94990,NA,9.1000004,34.5999985,NA,"2.5YR",4,6
517663,"Orangeburg","ORANGEBURG","Typic Kandiudults, fine-loamy, kaolinitic, thermic","Ultisols","Udults","Kandiudults","Typic Kandiudults","fine-loamy",-85.1971512,30.8005829000001,2272619,"FL3202305",5,89,112,"Bt3","Sandy clay",94991,NA,7.5999999,35.5999985,NA,"",NA,NA
517663,"Orangeburg","ORANGEBURG","Typic Kandiudults, fine-loamy, kaolinitic, thermic","Ultisols","Udults","Kandiudults","Typic Kandiudults","fine-loamy",-85.1971512,30.8005829000001,2272620,"FL3202306",6,112,150,"Bt4","Sandy clay",94992,NA,8.3999996,36,NA,"7.5YR",5,8
517663,"Orangeburg","ORANGEBURG","Typic Kandiudults, fine-loamy, kaolinitic, thermic","Ultisols","Udults","Kandiudults","Typic Kandiudults","fine-loamy",-85.1971512,30.8005829000001,2272621,"FL3202307",7,150,193,"Bt5","Sandy clay",94993,NA,9.1000004,35.2999992,NA,"10YR",5,8
517664,"Esto","ESTO","Typic Kandiudults, fine, kaolinitic, thermic","Ultisols","Udults","Kandiudults","Typic Kandiudults","fine",-85.2030487,30.8169613000001,2272622,"FL3202401",1,0,8,"A","Loamy sand",94994,NA,12.6999998,7.0999999,NA,"10YR",5,3
517664,"Esto","ESTO","Typic Kandiudults, fine, kaolinitic, thermic","Ultisols","Udults","Kandiudults","Typic Kandiudults","fine",-85.2030487,30.8169613000001,2272623,"FL3202402",2,8,30,"Bw","Loamy sand",94995,NA,11.1000004,8.5,NA,"7.5YR",4,3
517664,"Esto","ESTO","Typic Kandiudults, fine, kaolinitic, thermic","Ultisols","Udults","Kandiudults","Typic Kandiudults","fine",-85.2030487,30.8169613000001,2272624,"FL3202403",3,30,46,"Bt1","Sandy clay loam",94996,NA,10.3000002,26.3999996,NA,"5YR",6,6
517664,"Esto","ESTO","Typic Kandiudults, fine, kaolinitic, thermic","Ultisols","Udults","Kandiudults","Typic Kandiudults","fine",-85.2030487,30.8169613000001,2272625,"FL3202404",4,46,89,"Bt2","Sandy clay",94997,NA,8.6000004,45.5,NA,"5YR",6,4
517664,"Esto","ESTO","Typic Kandiudults, fine, kaolinitic, thermic","Ultisols","Udults","Kandiudults","Typic Kandiudults","fine",-85.2030487,30.8169613000001,2272626,"FL3202405",5,89,107,"Bt3","Sandy clay",94998,NA,8.8999996,43.5999985,NA,"2.5YR",5,4
517664,"Esto","ESTO","Typic Kandiudults, fine, kaolinitic, thermic","Ultisols","Udults","Kandiudults","Typic Kandiudults","fine",-85.2030487,30.8169613000001,2272627,"FL3202406",6,107,145,"Bt3","Clay",94999,NA,10.1000004,47,NA,"2.5YR",5,4
517664,"Esto","ESTO","Typic Kandiudults, fine, kaolinitic, thermic","Ultisols","Udults","Kandiudults","Typic Kandiudults","fine",-85.2030487,30.8169613000001,2272628,"FL3202407",7,145,183,"Bt4","Sandy clay",98300,NA,7,46.5999985,NA,"5YR",6,4
517664,"Esto","ESTO","Typic Kandiudults, fine, kaolinitic, thermic","Ultisols","Udults","Kandiudults","Typic Kandiudults","fine",-85.2030487,30.8169613000001,2272629,"FL3202408",8,183,203,"Bt4","Sandy clay",98301,NA,9.6000004,36.2000008,NA,"5YR",6,4
517665,"Suggsville","SUGGSVILLE","Chromic Dystruderts, very-fine, smectitic, thermic","Vertisols","Uderts","Dystruderts","Chromic Dystruderts","very-fine",-85.3345413,30.8296604,2272630,"FL3202501",1,0,5,"A","Sandy clay",98302,NA,12.8999996,35.0999985,NA,"5YR",3,4
517665,"Suggsville","SUGGSVILLE","Chromic Dystruderts, very-fine, smectitic, thermic","Vertisols","Uderts","Dystruderts","Chromic Dystruderts","very-fine",-85.3345413,30.8296604,2272631,"FL3202502",2,5,13,"Bt","Clay",98303,NA,12.3000002,47.0999985,NA,"5YR",4,6
517665,"Suggsville","SUGGSVILLE","Chromic Dystruderts, very-fine, smectitic, thermic","Vertisols","Uderts","Dystruderts","Chromic Dystruderts","very-fine",-85.3345413,30.8296604,2272632,"FL3202503",3,13,43,"Btss1","Clay",98304,NA,7.8000002,79.5999985,NA,"2.5YR",4,6
517665,"Suggsville","SUGGSVILLE","Chromic Dystruderts, very-fine, smectitic, thermic","Vertisols","Uderts","Dystruderts","Chromic Dystruderts","very-fine",-85.3345413,30.8296604,2272633,"FL3202504",4,43,71,"Btss2","Clay",98305,NA,4.8000002,93.4000015,NA,"5YR",4,6
517665,"Suggsville","SUGGSVILLE","Chromic Dystruderts, very-fine, smectitic, thermic","Vertisols","Uderts","Dystruderts","Chromic Dystruderts","very-fine",-85.3345413,30.8296604,2272634,"FL3202505",5,71,122,"Btss3","Clay",98306,NA,5.8000002,88.6999969,NA,"10YR",5,6
517666,"Red Bay","RED BAY","Rhodic Kandiudults, fine-loamy, kaolinitic, thermic","Ultisols","Udults","Kandiudults","Rhodic Kandiudults","fine-loamy",-85.2459488,30.8931675000001,2272636,"FL3202601",1,0,23,"Ap","Fine sandy loam",98308,NA,9.8999996,13.8000002,NA,"5YR",4,3
517666,"Red Bay","RED BAY","Rhodic Kandiudults, fine-loamy, kaolinitic, thermic","Ultisols","Udults","Kandiudults","Rhodic Kandiudults","fine-loamy",-85.2459488,30.8931675000001,2272637,"FL3202602",2,23,41,"Bt1","Sandy clay loam",98309,NA,7.6999998,31.5,NA,"2.5YR",3,6
517666,"Red Bay","RED BAY","Rhodic Kandiudults, fine-loamy, kaolinitic, thermic","Ultisols","Udults","Kandiudults","Rhodic Kandiudults","fine-loamy",-85.2459488,30.8931675000001,2272638,"FL3202603",3,41,81,"Bt2","Sandy clay",98310,NA,8.1999998,36,NA,"",NA,NA
517666,"Red Bay","RED BAY","Rhodic Kandiudults, fine-loamy, kaolinitic, thermic","Ultisols","Udults","Kandiudults","Rhodic Kandiudults","fine-loamy",-85.2459488,30.8931675000001,2272639,"FL3202604",4,81,124,"Bt2","Sandy clay loam",98311,NA,5.9000001,34.2000008,NA,"",NA,NA
517666,"Red Bay","RED BAY","Rhodic Kandiudults, fine-loamy, kaolinitic, thermic","Ultisols","Udults","Kandiudults","Rhodic Kandiudults","fine-loamy",-85.2459488,30.8931675000001,2272640,"FL3202605",5,124,155,"Bt3","Sandy clay loam",98312,NA,5.8000002,32.2000008,NA,"",NA,NA
517666,"Red Bay","RED BAY","Rhodic Kandiudults, fine-loamy, kaolinitic, thermic","Ultisols","Udults","Kandiudults","Rhodic Kandiudults","fine-loamy",-85.2459488,30.8931675000001,2272641,"FL3202606",6,155,183,"Bt3","Sandy clay loam",98313,NA,5.9000001,29.7999992,NA,"",NA,NA
517667,"Hornsville","HORNSVILLE","AQUIC HAPLUDULTS, FINE, KAOLINITIC, THERMIC","Ultisols","Udults","Hapludults","Aquic Hapludults","fine",-85.123703,30.756916,2272642,"FL3202801",1,0,25,"Ap","Loamy sand",98314,NA,13.6000004,4.1999998,NA,"10YR",5,2
517667,"Hornsville","HORNSVILLE","AQUIC HAPLUDULTS, FINE, KAOLINITIC, THERMIC","Ultisols","Udults","Hapludults","Aquic Hapludults","fine",-85.123703,30.756916,2272643,"FL3202802",2,25,36,"Bw","Loamy sand",98315,NA,14.6999998,5.4000001,NA,"10YR",6,3
517667,"Hornsville","HORNSVILLE","AQUIC HAPLUDULTS, FINE, KAOLINITIC, THERMIC","Ultisols","Udults","Hapludults","Aquic Hapludults","fine",-85.123703,30.756916,2272644,"FL3202803",3,36,41,"Bt1","Fine sandy loam",98316,NA,13.8999996,9.5,NA,"10YR",6,4
517667,"Hornsville","HORNSVILLE","AQUIC HAPLUDULTS, FINE, KAOLINITIC, THERMIC","Ultisols","Udults","Hapludults","Aquic Hapludults","fine",-85.123703,30.756916,2272645,"FL3202804",4,41,64,"Bt2","Sandy clay",98317,NA,10.8000002,41.7999992,NA,"10YR",7,2
517667,"Hornsville","HORNSVILLE","AQUIC HAPLUDULTS, FINE, KAOLINITIC, THERMIC","Ultisols","Udults","Hapludults","Aquic Hapludults","fine",-85.123703,30.756916,2272646,"FL3202805",5,64,114,"Bt3","Clay",98318,NA,8.3000002,49.7999992,NA,"10YR",7,1
517667,"Hornsville","HORNSVILLE","AQUIC HAPLUDULTS, FINE, KAOLINITIC, THERMIC","Ultisols","Udults","Hapludults","Aquic Hapludults","fine",-85.123703,30.756916,2272647,"FL3202806",6,114,168,"Bt3","Sandy clay loam",98319,NA,6.9000001,31.8999996,NA,"10YR",7,1
517667,"Hornsville","HORNSVILLE","AQUIC HAPLUDULTS, FINE, KAOLINITIC, THERMIC","Ultisols","Udults","Hapludults","Aquic Hapludults","fine",-85.123703,30.756916,2272648,"FL3202807",7,168,190,"Bt4","Sandy clay loam",98320,NA,1.1,21.1000004,NA,"5YR",6,6
517668,"Esto","ESTO","TYPIC KANDIUDULTS FINE, KAOLINITIC, THERMIC","Ultisols","Udults","Kandiudults","Typic Kandiudults","fine",-85.2368926999999,30.8000965000001,2272649,"FL3202901",1,0,13,"Ap","Loamy fine sand",98321,NA,8.3000002,5.9000001,NA,"10YR",4,3
517668,"Esto","ESTO","TYPIC KANDIUDULTS FINE, KAOLINITIC, THERMIC","Ultisols","Udults","Kandiudults","Typic Kandiudults","fine",-85.2368926999999,30.8000965000001,2272650,"FL3202902",2,13,51,"Bt1","Sandy clay",98322,NA,6,37.4000015,NA,"2.5YR",4,6
517668,"Esto","ESTO","TYPIC KANDIUDULTS FINE, KAOLINITIC, THERMIC","Ultisols","Udults","Kandiudults","Typic Kandiudults","fine",-85.2368926999999,30.8000965000001,2272651,"FL3202903",3,51,76,"Bt2","Sandy clay",98323,NA,9.6000004,38.5999985,NA,"2.5YR",4,6
517668,"Esto","ESTO","TYPIC KANDIUDULTS FINE, KAOLINITIC, THERMIC","Ultisols","Udults","Kandiudults","Typic Kandiudults","fine",-85.2368926999999,30.8000965000001,2272652,"FL3202904",4,76,114,"Bt3","Sandy clay",98324,NA,5.5999999,42,NA,"",NA,NA
517668,"Esto","ESTO","TYPIC KANDIUDULTS FINE, KAOLINITIC, THERMIC","Ultisols","Udults","Kandiudults","Typic Kandiudults","fine",-85.2368926999999,30.8000965000001,2272653,"FL3202905",5,114,152,"Bt3","Clay",98325,NA,7,53.5,NA,"",NA,NA
517668,"Esto","ESTO","TYPIC KANDIUDULTS FINE, KAOLINITIC, THERMIC","Ultisols","Udults","Kandiudults","Typic Kandiudults","fine",-85.2368926999999,30.8000965000001,2272654,"FL3202906",6,152,178,"Bt4","Fine sandy loam",98326,NA,3,18.7999992,NA,"",NA,NA
890621,"Tifton","TIFTON","Fine-loamy, kaolinitic, thermic Plinthic Kandiudults","Ultisols","Udults","Kandiudults","Plinthic Kandiudults","fine-loamy",-85.2602080999999,30.7551575000001,4411131,"FL3201001",1,0,30,"Ap","Loamy sand",94907,NA,10.3000002,7,NA,"10YR",4,2
890621,"Tifton","TIFTON","Fine-loamy, kaolinitic, thermic Plinthic Kandiudults","Ultisols","Udults","Kandiudults","Plinthic Kandiudults","fine-loamy",-85.2602080999999,30.7551575000001,4411132,"FL3201002",2,30,43,"Bwc1","Loamy sand",94908,NA,8.3000002,9.8000002,NA,"10YR",5,3
890621,"Tifton","TIFTON","Fine-loamy, kaolinitic, thermic Plinthic Kandiudults","Ultisols","Udults","Kandiudults","Plinthic Kandiudults","fine-loamy",-85.2602080999999,30.7551575000001,4411133,"FL3201003",3,43,51,"Btc2","Fine sandy loam",94909,NA,9.3999996,11.6999998,NA,"",NA,NA
890621,"Tifton","TIFTON","Fine-loamy, kaolinitic, thermic Plinthic Kandiudults","Ultisols","Udults","Kandiudults","Plinthic Kandiudults","fine-loamy",-85.2602080999999,30.7551575000001,4411134,"FL3201004",4,51,79,"Btc","Sandy clay loam",94910,NA,5.4000001,31.8999996,NA,"10YR",5,6
890621,"Tifton","TIFTON","Fine-loamy, kaolinitic, thermic Plinthic Kandiudults","Ultisols","Udults","Kandiudults","Plinthic Kandiudults","fine-loamy",-85.2602080999999,30.7551575000001,4411135,"FL3201005",5,79,94,"Bt","Sandy clay",94911,NA,2.5,38.4000015,NA,"10YR",5,6
890621,"Tifton","TIFTON","Fine-loamy, kaolinitic, thermic Plinthic Kandiudults","Ultisols","Udults","Kandiudults","Plinthic Kandiudults","fine-loamy",-85.2602080999999,30.7551575000001,4411136,"FL3201006",6,94,140,"Btv1","Sandy clay",94912,NA,1.7,37.7999992,NA,"10YR",5,6
890621,"Tifton","TIFTON","Fine-loamy, kaolinitic, thermic Plinthic Kandiudults","Ultisols","Udults","Kandiudults","Plinthic Kandiudults","fine-loamy",-85.2602080999999,30.7551575000001,4411137,"FL3201007",7,140,173,"Btv2","Sandy clay loam",94913,NA,1.4,32.4000015,NA,"10YR",5,6
1104016,"Lakeland","LAKELAND","Thermic, coated Typic Quartzipsamments","Entisols","Psamments","Quartzipsamments","Typic Quartzipsamments","not used",-85.3254242,30.6129646000001,5310144,"FL3201901",1,0,13,"A","Sand",94969,NA,4.0999999,3.0999999,NA,"10YR",3,3
1104016,"Lakeland","LAKELAND","Thermic, coated Typic Quartzipsamments","Entisols","Psamments","Quartzipsamments","Typic Quartzipsamments","not used",-85.3254242,30.6129646000001,5310145,"FL3201902",2,13,20,"Bw1","Sand",94970,NA,3.9000001,3.4000001,NA,"10YR",5,4
1104016,"Lakeland","LAKELAND","Thermic, coated Typic Quartzipsamments","Entisols","Psamments","Quartzipsamments","Typic Quartzipsamments","not used",-85.3254242,30.6129646000001,5310146,"FL3201903",3,20,51,"Bw2","Sand",94971,NA,3.5,3.0999999,NA,"10YR",6,6
1104016,"Lakeland","LAKELAND","Thermic, coated Typic Quartzipsamments","Entisols","Psamments","Quartzipsamments","Typic Quartzipsamments","not used",-85.3254242,30.6129646000001,5310147,"FL3201904",4,51,102,"Bw2","Sand",94972,NA,2.5999999,3.5999999,NA,"10YR",6,6
1104016,"Lakeland","LAKELAND","Thermic, coated Typic Quartzipsamments","Entisols","Psamments","Quartzipsamments","Typic Quartzipsamments","not used",-85.3254242,30.6129646000001,5310148,"FL3201905",5,102,208,"Bw3","Sand",94973,NA,1.2,2.3,NA,"10YR",7,4
517669,"Cantey","CANTEY","TYPIC ALBAQUULTS, FINE, KAOLINITIC, THERMIC","Ultisols","Aquults","Albaquults","Typic Albaquults","fine",-85.4872359999999,30.937458,2272655,"FL3203001",1,0,15,"Ap","Fine sandy loam",98327,NA,16.1000004,17.1000004,NA,"10YR",4,2
517669,"Cantey","CANTEY","TYPIC ALBAQUULTS, FINE, KAOLINITIC, THERMIC","Ultisols","Aquults","Albaquults","Typic Albaquults","fine",-85.4872359999999,30.937458,2272656,"FL3203002",2,15,28,"Btg1","Clay",98328,NA,15,50.2000008,NA,"10YR",5,2
517669,"Cantey","CANTEY","TYPIC ALBAQUULTS, FINE, KAOLINITIC, THERMIC","Ultisols","Aquults","Albaquults","Typic Albaquults","fine",-85.4872359999999,30.937458,2272657,"FL3203003",3,28,71,"Btg2","Clay",98329,NA,10.3000002,51.0999985,NA,"10YR",6,1
517669,"Cantey","CANTEY","TYPIC ALBAQUULTS, FINE, KAOLINITIC, THERMIC","Ultisols","Aquults","Albaquults","Typic Albaquults","fine",-85.4872359999999,30.937458,2272658,"FL3203004",4,71,117,"Btg2","Clay",98330,NA,12.6000004,46.4000015,NA,"10YR",6,1
517669,"Cantey","CANTEY","TYPIC ALBAQUULTS, FINE, KAOLINITIC, THERMIC","Ultisols","Aquults","Albaquults","Typic Albaquults","fine",-85.4872359999999,30.937458,2272659,"FL3203005",5,117,193,"Btg3","Clay",98331,NA,9.1999998,54.7999992,NA,"10YR",7,1
517670,"Duplin","DUPLIN","AQUIC PALEUDULTS, FINE, KAOLINITIC, THERMIC","Ultisols","Udults","Paleudults","Aquic Paleudults","fine",-85.4858169999999,30.9363117,2272660,"FL3203101",1,0,23,"Ap","Fine sandy loam",98332,NA,17.7999992,12,NA,"10YR",3,1
517670,"Duplin","DUPLIN","AQUIC PALEUDULTS, FINE, KAOLINITIC, THERMIC","Ultisols","Udults","Paleudults","Aquic Paleudults","fine",-85.4858169999999,30.9363117,2272661,"FL3203102",2,23,43,"Bt1","Sandy clay loam",98333,NA,13.3000002,24.3999996,NA,"10YR",6,4
517670,"Duplin","DUPLIN","AQUIC PALEUDULTS, FINE, KAOLINITIC, THERMIC","Ultisols","Udults","Paleudults","Aquic Paleudults","fine",-85.4858169999999,30.9363117,2272662,"FL3203103",3,43,58,"Bt2","Clay",98334,NA,10.3000002,45.2000008,NA,"10YR",6,4
517670,"Duplin","DUPLIN","AQUIC PALEUDULTS, FINE, KAOLINITIC, THERMIC","Ultisols","Udults","Paleudults","Aquic Paleudults","fine",-85.4858169999999,30.9363117,2272663,"FL3203104",4,58,117,"Btg1","Clay",98335,NA,6.5,51.2000008,NA,"10YR",7,1
517670,"Duplin","DUPLIN","AQUIC PALEUDULTS, FINE, KAOLINITIC, THERMIC","Ultisols","Udults","Paleudults","Aquic Paleudults","fine",-85.4858169999999,30.9363117,2272664,"FL3203105",5,117,162,"Btg2","Clay",98336,NA,9.1000004,51.2000008,NA,"",NA,NA
517671,"Hornsville","HORNSVILLE","AQUIC HAPLUDULTS, FINE, KAOLINITIC, SUBACTIVE, THERMIC","Ultisols","Udults","Hapludults","Aquic Hapludults","fine",-84.9875488,30.9199638000001,2272665,"FL3203201",1,0,10,"A","Fine sandy loam",98337,NA,21,7.9000001,NA,"10YR",3,1
517671,"Hornsville","HORNSVILLE","AQUIC HAPLUDULTS, FINE, KAOLINITIC, SUBACTIVE, THERMIC","Ultisols","Udults","Hapludults","Aquic Hapludults","fine",-84.9875488,30.9199638000001,2272666,"FL3203202",2,10,23,"E","Fine sandy loam",98338,NA,20.6000004,9.3999996,NA,"10YR",5,2
517671,"Hornsville","HORNSVILLE","AQUIC HAPLUDULTS, FINE, KAOLINITIC, SUBACTIVE, THERMIC","Ultisols","Udults","Hapludults","Aquic Hapludults","fine",-84.9875488,30.9199638000001,2272667,"FL3203203",3,23,48,"Bt1","Sandy clay",98339,NA,7.8000002,46.2999992,NA,"",NA,NA
517671,"Hornsville","HORNSVILLE","AQUIC HAPLUDULTS, FINE, KAOLINITIC, SUBACTIVE, THERMIC","Ultisols","Udults","Hapludults","Aquic Hapludults","fine",-84.9875488,30.9199638000001,2272668,"FL3203204",4,48,79,"Bt2","Sandy clay loam",98340,NA,3.5999999,31.7000008,NA,"5YR",5,8
517671,"Hornsville","HORNSVILLE","AQUIC HAPLUDULTS, FINE, KAOLINITIC, SUBACTIVE, THERMIC","Ultisols","Udults","Hapludults","Aquic Hapludults","fine",-84.9875488,30.9199638000001,2272669,"FL3203205",5,79,109,"Bt3","Sandy clay",98341,NA,7.9000001,38.5999985,NA,"10YR",5,8
517671,"Hornsville","HORNSVILLE","AQUIC HAPLUDULTS, FINE, KAOLINITIC, SUBACTIVE, THERMIC","Ultisols","Udults","Hapludults","Aquic Hapludults","fine",-84.9875488,30.9199638000001,2272670,"FL3203206",6,109,147,"Bw","Fine sandy loam",98342,NA,4.5,19.3999996,NA,"10YR",7,2
517671,"Hornsville","HORNSVILLE","AQUIC HAPLUDULTS, FINE, KAOLINITIC, SUBACTIVE, THERMIC","Ultisols","Udults","Hapludults","Aquic Hapludults","fine",-84.9875488,30.9199638000001,2272671,"FL3203207",7,147,193,"Bw","Fine sandy loam",98343,NA,1.5,15.3999996,NA,"10YR",7,2
517672,"Duplin","DUPLIN","AQUIC PALEUDULTS, FINE, KAOLINITIC, THERMIC","Ultisols","Udults","Paleudults","Aquic Paleudults","fine",-84.98423,30.9139214,2272672,"FL3203301",1,0,20,"A","Fine sandy loam",98344,NA,18.7000008,7.1999998,NA,"10YR",4,1
517672,"Duplin","DUPLIN","AQUIC PALEUDULTS, FINE, KAOLINITIC, THERMIC","Ultisols","Udults","Paleudults","Aquic Paleudults","fine",-84.98423,30.9139214,2272673,"FL3203302",2,20,38,"Bw","Fine sandy loam",98345,NA,22.1000004,8.1000004,NA,"10YR",5,2
517672,"Duplin","DUPLIN","AQUIC PALEUDULTS, FINE, KAOLINITIC, THERMIC","Ultisols","Udults","Paleudults","Aquic Paleudults","fine",-84.98423,30.9139214,2272674,"FL3203303",3,38,51,"Bt1","Sandy clay loam",98346,NA,23.8999996,29.1000004,NA,"10YR",5,4
517672,"Duplin","DUPLIN","AQUIC PALEUDULTS, FINE, KAOLINITIC, THERMIC","Ultisols","Udults","Paleudults","Aquic Paleudults","fine",-84.98423,30.9139214,2272675,"FL3203304",4,51,112,"Bt2","Clay",98347,NA,21.2000008,55.7000008,NA,"10YR",5,6
517672,"Duplin","DUPLIN","AQUIC PALEUDULTS, FINE, KAOLINITIC, THERMIC","Ultisols","Udults","Paleudults","Aquic Paleudults","fine",-84.98423,30.9139214,2272676,"FL3203305",5,112,173,"Bt2","Clay",98348,NA,20.8999996,54.7000008,NA,"10YR",5,6
517673,"Bethera","BETHERA","TYPIC PALEAQUULTS, CLAYEY, MIXED, SEMIACTIVE, THERMIC","Ultisols","Aquults","Paleaquults","Typic Paleaquults","clayey",-85.0035629,30.9105587,2272677,"FL3203401",1,0,10,"A","Silt loam",98349,NA,53.0999985,20.7999992,NA,"10YR",3,1
517673,"Bethera","BETHERA","TYPIC PALEAQUULTS, CLAYEY, MIXED, SEMIACTIVE, THERMIC","Ultisols","Aquults","Paleaquults","Typic Paleaquults","clayey",-85.0035629,30.9105587,2272678,"FL3203402",2,10,15,"Bg","Silt loam",98350,NA,51.5,24.2999992,NA,"10YR",5,1
517673,"Bethera","BETHERA","TYPIC PALEAQUULTS, CLAYEY, MIXED, SEMIACTIVE, THERMIC","Ultisols","Aquults","Paleaquults","Typic Paleaquults","clayey",-85.0035629,30.9105587,2272679,"FL3203403",3,15,46,"Btg1","Clay loam",98351,NA,44.7999992,34.2999992,NA,"10YR",6,1
517673,"Bethera","BETHERA","TYPIC PALEAQUULTS, CLAYEY, MIXED, SEMIACTIVE, THERMIC","Ultisols","Aquults","Paleaquults","Typic Paleaquults","clayey",-85.0035629,30.9105587,2272680,"FL3203404",4,46,96,"Btg2","Clay",98352,NA,27.1000004,53,NA,"10YR",6,1
517673,"Bethera","BETHERA","TYPIC PALEAQUULTS, CLAYEY, MIXED, SEMIACTIVE, THERMIC","Ultisols","Aquults","Paleaquults","Typic Paleaquults","clayey",-85.0035629,30.9105587,2272681,"FL3203405",5,96,147,"Btg2","Clay",98353,NA,23.3999996,57.0999985,NA,"10YR",6,1
517673,"Bethera","BETHERA","TYPIC PALEAQUULTS, CLAYEY, MIXED, SEMIACTIVE, THERMIC","Ultisols","Aquults","Paleaquults","Typic Paleaquults","clayey",-85.0035629,30.9105587,2272682,"FL3203406",6,147,183,"B22tg","Clay",98354,NA,19.6000004,61.7000008,NA,"10YR",6,1
517674,"Apalachee","APALACHEE","Fluvaquentic Dystrudepts, very fine, smectitic, semiactive, thermic","Inceptisols","Udepts","Dystrudepts","Fluvaquentic Dystrudepts","fine",-84.8718262,30.6804008,2272683,"FL3203501",1,0,25,"A","Clay",98355,NA,31.2000008,66.1999969,NA,"5YR",4,4
517674,"Apalachee","APALACHEE","Fluvaquentic Dystrudepts, very fine, smectitic, semiactive, thermic","Inceptisols","Udepts","Dystrudepts","Fluvaquentic Dystrudepts","fine",-84.8718262,30.6804008,2272684,"FL3203502",2,25,51,"A","Clay",98356,NA,29.8999996,67.6999969,NA,"5YR",4,4
517674,"Apalachee","APALACHEE","Fluvaquentic Dystrudepts, very fine, smectitic, semiactive, thermic","Inceptisols","Udepts","Dystrudepts","Fluvaquentic Dystrudepts","fine",-84.8718262,30.6804008,2272685,"FL3203503",3,51,64,"Bg1","Clay",98357,NA,31.7000008,64.1999969,NA,"5YR",5,1
517674,"Apalachee","APALACHEE","Fluvaquentic Dystrudepts, very fine, smectitic, semiactive, thermic","Inceptisols","Udepts","Dystrudepts","Fluvaquentic Dystrudepts","fine",-84.8718262,30.6804008,2272686,"FL3203504",4,64,114,"Bg2","Clay",98358,NA,28.8999996,63,NA,"10YR",5,1
517674,"Apalachee","APALACHEE","Fluvaquentic Dystrudepts, very fine, smectitic, semiactive, thermic","Inceptisols","Udepts","Dystrudepts","Fluvaquentic Dystrudepts","fine",-84.8718262,30.6804008,2272687,"FL3203505",5,114,152,"Bg2","Clay",98359,NA,37.5,55.5,NA,"10YR",5,1
517675,"Steens","STEENS","Aeric Endoaqualfs, fine-loamy, siliceous, active, thermic","Alfisols","Aqualfs","Endoaqualfs","Aeric Endoaqualfs","fine-loamy",-85.2601395,30.8487663000001,2272688,"FL3203601",1,0,10,"A","Fine sandy loam",98360,NA,20.8999996,16.6000004,NA,"10YR",4,2
517675,"Steens","STEENS","Aeric Endoaqualfs, fine-loamy, siliceous, active, thermic","Alfisols","Aqualfs","Endoaqualfs","Aeric Endoaqualfs","fine-loamy",-85.2601395,30.8487663000001,2272689,"FL3203602",2,10,20,"Bw","Fine sandy loam",98361,NA,18.7000008,18.1000004,NA,"10YR",6,3
517675,"Steens","STEENS","Aeric Endoaqualfs, fine-loamy, siliceous, active, thermic","Alfisols","Aqualfs","Endoaqualfs","Aeric Endoaqualfs","fine-loamy",-85.2601395,30.8487663000001,2272690,"FL3203603",3,20,28,"Bt","Sandy clay loam",98362,NA,16.5,22.7999992,NA,"10YR",6,3
517675,"Steens","STEENS","Aeric Endoaqualfs, fine-loamy, siliceous, active, thermic","Alfisols","Aqualfs","Endoaqualfs","Aeric Endoaqualfs","fine-loamy",-85.2601395,30.8487663000001,2272691,"FL3203604",4,28,48,"Btg1","Sandy clay loam",98363,NA,13.6000004,31.7999992,NA,"10YR",6,2
517675,"Steens","STEENS","Aeric Endoaqualfs, fine-loamy, siliceous, active, thermic","Alfisols","Aqualfs","Endoaqualfs","Aeric Endoaqualfs","fine-loamy",-85.2601395,30.8487663000001,2272692,"FL3203605",5,48,86,"Btg2","Sandy clay",98364,NA,12.6999998,37.9000015,NA,"10YR",6,1
517675,"Steens","STEENS","Aeric Endoaqualfs, fine-loamy, siliceous, active, thermic","Alfisols","Aqualfs","Endoaqualfs","Aeric Endoaqualfs","fine-loamy",-85.2601395,30.8487663000001,2272693,"FL3203606",6,86,157,"Btg3","Clay",98365,NA,15.3999996,40.7999992,NA,"10YR",7,1
517675,"Steens","STEENS","Aeric Endoaqualfs, fine-loamy, siliceous, active, thermic","Alfisols","Aqualfs","Endoaqualfs","Aeric Endoaqualfs","fine-loamy",-85.2601395,30.8487663000001,2272694,"FL3203607",7,157,183,"Bg","Sandy clay loam",98366,NA,16.8999996,34.7999992,NA,"10YR",7,1
517675,"Steens","STEENS","Aeric Endoaqualfs, fine-loamy, siliceous, active, thermic","Alfisols","Aqualfs","Endoaqualfs","Aeric Endoaqualfs","fine-loamy",-85.2601395,30.8487663000001,2272695,"FL3203608",8,183,213,"Cg","Sandy clay loam",98367,NA,10.8000002,22.6000004,NA,"10YR",7,1
517676,"Albany","ALBANY","AQUIC GROSSARENIC PALEUDULTS, LOAMY, SILICEOUS, SUBACTIVE, THERMIC","Ultisols","Udults","Paleudults","Grossarenic Paleudults","loamy",-85.1828232,30.5684891000001,2272696,"FL3203801",1,0,20,"A","Sand",98368,NA,6.1999998,2.5999999,NA,"10YR",5,2
517676,"Albany","ALBANY","AQUIC GROSSARENIC PALEUDULTS, LOAMY, SILICEOUS, SUBACTIVE, THERMIC","Ultisols","Udults","Paleudults","Grossarenic Paleudults","loamy",-85.1828232,30.5684891000001,2272697,"FL3203802",2,20,66,"Bw","Sand",98369,NA,6.9000001,2.3,NA,"10YR",6,3
517676,"Albany","ALBANY","AQUIC GROSSARENIC PALEUDULTS, LOAMY, SILICEOUS, SUBACTIVE, THERMIC","Ultisols","Udults","Paleudults","Grossarenic Paleudults","loamy",-85.1828232,30.5684891000001,2272698,"FL3203803",3,66,117,"Eg","Sand",98370,NA,7.4000001,1.4,NA,"10YR",7,2
517676,"Albany","ALBANY","AQUIC GROSSARENIC PALEUDULTS, LOAMY, SILICEOUS, SUBACTIVE, THERMIC","Ultisols","Udults","Paleudults","Grossarenic Paleudults","loamy",-85.1828232,30.5684891000001,2272699,"FL3203804",4,117,170,"Bt","Fine sandy loam",98371,NA,6.6999998,15.1999998,NA,"10YR",6,4
517676,"Albany","ALBANY","AQUIC GROSSARENIC PALEUDULTS, LOAMY, SILICEOUS, SUBACTIVE, THERMIC","Ultisols","Udults","Paleudults","Grossarenic Paleudults","loamy",-85.1828232,30.5684891000001,2272700,"FL3203805",5,170,203,"Btg","Sandy clay loam",98372,NA,4.3000002,22.3999996,NA,"10YR",7,2
517677,"Pansey","PANSEY","Plinthic Paleaquults, fine-loamy, siliceous, semiactive, thermic","Ultisols","Aquults","Paleaquults","Plinthic Paleaquults","fine-loamy",-85.4637756,30.9237366,2272701,"FL3203901",1,0,15,"Ap","Fine sandy loam",98373,NA,17.7000008,11.1999998,NA,"10YR",3,1
517677,"Pansey","PANSEY","Plinthic Paleaquults, fine-loamy, siliceous, semiactive, thermic","Ultisols","Aquults","Paleaquults","Plinthic Paleaquults","fine-loamy",-85.4637756,30.9237366,2272702,"FL3203902",2,15,30,"Bg1","Fine sandy loam",98374,NA,14.1999998,10.6000004,NA,"10YR",6,2
517677,"Pansey","PANSEY","Plinthic Paleaquults, fine-loamy, siliceous, semiactive, thermic","Ultisols","Aquults","Paleaquults","Plinthic Paleaquults","fine-loamy",-85.4637756,30.9237366,2272703,"FL3203903",3,30,41,"Bg1","Fine sandy loam",98375,NA,13.6999998,11.6999998,NA,"10YR",6,2
517677,"Pansey","PANSEY","Plinthic Paleaquults, fine-loamy, siliceous, semiactive, thermic","Ultisols","Aquults","Paleaquults","Plinthic Paleaquults","fine-loamy",-85.4637756,30.9237366,2272704,"FL3203904",4,41,48,"Bg2","Fine sandy loam",98376,NA,13.3000002,12.8999996,NA,"10YR",6,2
517677,"Pansey","PANSEY","Plinthic Paleaquults, fine-loamy, siliceous, semiactive, thermic","Ultisols","Aquults","Paleaquults","Plinthic Paleaquults","fine-loamy",-85.4637756,30.9237366,2272705,"FL3203905",5,48,66,"Btg","Fine sandy loam",98377,NA,13.6000004,17.7999992,NA,"10YR",6,1
517677,"Pansey","PANSEY","Plinthic Paleaquults, fine-loamy, siliceous, semiactive, thermic","Ultisols","Aquults","Paleaquults","Plinthic Paleaquults","fine-loamy",-85.4637756,30.9237366,2272706,"FL3203906",6,66,135,"Btgv1","Sandy clay loam",98378,NA,10.6000004,21.6000004,NA,"10YR",7,1
517677,"Pansey","PANSEY","Plinthic Paleaquults, fine-loamy, siliceous, semiactive, thermic","Ultisols","Aquults","Paleaquults","Plinthic Paleaquults","fine-loamy",-85.4637756,30.9237366,2272707,"FL3203907",7,135,203,"Btgv2","Fine sandy loam",98379,NA,9.1000004,18.3999996,NA,"10YR",7,1
517678,"Leefield","LEEFIELD","ARENIC PLINTHAQUIC PALEUDULTS, LOAMY, SILICEOUS, SUBACTIVE, THERMIC","Ultisols","Udults","Paleudults","Arenic Plinthaquic Paleudults","loamy",-85.4635544,30.9229603000001,2272708,"FL3204001",1,0,23,"Ap","Loamy sand",98380,NA,12,5,NA,"10YR",3,1
517678,"Leefield","LEEFIELD","ARENIC PLINTHAQUIC PALEUDULTS, LOAMY, SILICEOUS, SUBACTIVE, THERMIC","Ultisols","Udults","Paleudults","Arenic Plinthaquic Paleudults","loamy",-85.4635544,30.9229603000001,2272709,"FL3204002",2,23,36,"Bw1","Loamy sand",98381,NA,12.3000002,6.8000002,NA,"10YR",6,4
517678,"Leefield","LEEFIELD","ARENIC PLINTHAQUIC PALEUDULTS, LOAMY, SILICEOUS, SUBACTIVE, THERMIC","Ultisols","Udults","Paleudults","Arenic Plinthaquic Paleudults","loamy",-85.4635544,30.9229603000001,2272710,"FL3204003",3,36,56,"Bw1","Loamy sand",98382,NA,12.1999998,8.1999998,NA,"10YR",6,4
517678,"Leefield","LEEFIELD","ARENIC PLINTHAQUIC PALEUDULTS, LOAMY, SILICEOUS, SUBACTIVE, THERMIC","Ultisols","Udults","Paleudults","Arenic Plinthaquic Paleudults","loamy",-85.4635544,30.9229603000001,2272711,"FL3204004",4,56,71,"Bw2","Loamy sand",98383,NA,11.3999996,8.8000002,NA,"10YR",6,4
517678,"Leefield","LEEFIELD","ARENIC PLINTHAQUIC PALEUDULTS, LOAMY, SILICEOUS, SUBACTIVE, THERMIC","Ultisols","Udults","Paleudults","Arenic Plinthaquic Paleudults","loamy",-85.4635544,30.9229603000001,2272712,"FL3204005",5,71,109,"Btv1","Fine sandy loam",98384,NA,11.8000002,15.1999998,NA,"2.5Y",6,4
517678,"Leefield","LEEFIELD","ARENIC PLINTHAQUIC PALEUDULTS, LOAMY, SILICEOUS, SUBACTIVE, THERMIC","Ultisols","Udults","Paleudults","Arenic Plinthaquic Paleudults","loamy",-85.4635544,30.9229603000001,2272713,"FL3204006",6,109,160,"Btv2","Sandy clay loam",98385,NA,10.5,22.8999996,NA,"10YR",5,8
517678,"Leefield","LEEFIELD","ARENIC PLINTHAQUIC PALEUDULTS, LOAMY, SILICEOUS, SUBACTIVE, THERMIC","Ultisols","Udults","Paleudults","Arenic Plinthaquic Paleudults","loamy",-85.4635544,30.9229603000001,2272714,"FL3204007",7,160,213,"Btv2","Sandy clay loam",98386,NA,10.3999996,24.2000008,NA,"10YR",5,8
517679,"Blanton","BLANTON","GROSSARENIC PALEUDULTS, LOAMY, SILICEOUS, SEMIACTIVE, THERMIC","Ultisols","Udults","Paleudults","Grossarenic Paleudults","loamy",-85.0644149999999,30.9369164,2272715,"FL3204101",1,0,20,"Ap","Coarse sand",98387,NA,6,2.3,NA,"10YR",4,3
517679,"Blanton","BLANTON","GROSSARENIC PALEUDULTS, LOAMY, SILICEOUS, SEMIACTIVE, THERMIC","Ultisols","Udults","Paleudults","Grossarenic Paleudults","loamy",-85.0644149999999,30.9369164,2272716,"FL3204102",2,20,38,"Bw1","Coarse sand",98388,NA,8.5,2.8,NA,"10YR",5,4
517679,"Blanton","BLANTON","GROSSARENIC PALEUDULTS, LOAMY, SILICEOUS, SEMIACTIVE, THERMIC","Ultisols","Udults","Paleudults","Grossarenic Paleudults","loamy",-85.0644149999999,30.9369164,2272717,"FL3204103",3,38,104,"Bw2","Coarse sand",98389,NA,8.1000004,2.9000001,NA,"10YR",6,4
517679,"Blanton","BLANTON","GROSSARENIC PALEUDULTS, LOAMY, SILICEOUS, SEMIACTIVE, THERMIC","Ultisols","Udults","Paleudults","Grossarenic Paleudults","loamy",-85.0644149999999,30.9369164,2272718,"FL3204104",4,104,160,"Bw3","Coarse sand",98390,NA,7.9000001,1.8,NA,"10YR",7,4
517679,"Blanton","BLANTON","GROSSARENIC PALEUDULTS, LOAMY, SILICEOUS, SEMIACTIVE, THERMIC","Ultisols","Udults","Paleudults","Grossarenic Paleudults","loamy",-85.0644149999999,30.9369164,2272719,"FL3204105",5,160,170,"Bt1","Loamy coarse sand",98391,NA,8.6999998,6,NA,"10YR",6,4
517679,"Blanton","BLANTON","GROSSARENIC PALEUDULTS, LOAMY, SILICEOUS, SEMIACTIVE, THERMIC","Ultisols","Udults","Paleudults","Grossarenic Paleudults","loamy",-85.0644149999999,30.9369164,2272720,"FL3204106",6,170,203,"Bt2","Sandy loam",98392,NA,7.8000002,19.2000008,NA,"10YR",5,8
517758,"Lakeland","LAKELAND","TYPIC QUARTZIPSAMMENTS , THERMIC, COATED","Entisols","Psamments","Quartzipsamments","Typic Quartzipsamments","not used",-84.4101944,30.3872108,2273227,"FL3700101",1,0,8,"A","Sand",120310,NA,2.5999999,3.2,NA,"10YR",6,3
517758,"Lakeland","LAKELAND","TYPIC QUARTZIPSAMMENTS , THERMIC, COATED","Entisols","Psamments","Quartzipsamments","Typic Quartzipsamments","not used",-84.4101944,30.3872108,2273228,"FL3700102",2,8,58,"Bw1","Sand",120311,NA,1.9,2.8,NA,"7.5YR",5,6
517758,"Lakeland","LAKELAND","TYPIC QUARTZIPSAMMENTS , THERMIC, COATED","Entisols","Psamments","Quartzipsamments","Typic Quartzipsamments","not used",-84.4101944,30.3872108,2273229,"FL3700103",3,58,104,"Bw2","Sand",120312,NA,1,3.5,NA,"7.5YR",6,8
517758,"Lakeland","LAKELAND","TYPIC QUARTZIPSAMMENTS , THERMIC, COATED","Entisols","Psamments","Quartzipsamments","Typic Quartzipsamments","not used",-84.4101944,30.3872108,2273230,"FL3700104",4,104,155,"Bw3","Sand",120313,NA,1.5,2,NA,"7.5YR",6,6
517758,"Lakeland","LAKELAND","TYPIC QUARTZIPSAMMENTS , THERMIC, COATED","Entisols","Psamments","Quartzipsamments","Typic Quartzipsamments","not used",-84.4101944,30.3872108,2273231,"FL3700105",5,155,185,"Bw4","Sand",120314,NA,1.1,3.5999999,NA,"7.5YR",7,6
517758,"Lakeland","LAKELAND","TYPIC QUARTZIPSAMMENTS , THERMIC, COATED","Entisols","Psamments","Quartzipsamments","Typic Quartzipsamments","not used",-84.4101944,30.3872108,2273232,"FL3700106",6,185,320,"Bw5","Sand",120315,NA,0.7,1.4,NA,"10YR",8,6
517759,"Albany","ALBANY","AQUIC GROSSARENIC PALEUDULTS, LOAMY, SILICEOUS, SUBACTIVE, THERMIC","Ultisols","Udults","Paleudults","Grossarenic Paleudults","loamy",-84.4839325,30.3992424,2273233,"FL3700201",1,0,10,"A","Loamy sand",120316,NA,14.8000002,2.4000001,NA,"10YR",3,2
517759,"Albany","ALBANY","AQUIC GROSSARENIC PALEUDULTS, LOAMY, SILICEOUS, SUBACTIVE, THERMIC","Ultisols","Udults","Paleudults","Grossarenic Paleudults","loamy",-84.4839325,30.3992424,2273234,"FL3700202",2,10,53,"Bw1","Loamy sand",120317,NA,13.8999996,3,NA,"10YR",6,3
517759,"Albany","ALBANY","AQUIC GROSSARENIC PALEUDULTS, LOAMY, SILICEOUS, SUBACTIVE, THERMIC","Ultisols","Udults","Paleudults","Grossarenic Paleudults","loamy",-84.4839325,30.3992424,2273235,"FL3700203",3,53,91,"Bw2","Loamy sand",120318,NA,14.1999998,3.8,NA,"10YR",7,4
517759,"Albany","ALBANY","AQUIC GROSSARENIC PALEUDULTS, LOAMY, SILICEOUS, SUBACTIVE, THERMIC","Ultisols","Udults","Paleudults","Grossarenic Paleudults","loamy",-84.4839325,30.3992424,2273236,"FL3700204",4,91,127,"Bw3","Loamy sand",120319,NA,14.1000004,3.8,NA,"10YR",7,6
517759,"Albany","ALBANY","AQUIC GROSSARENIC PALEUDULTS, LOAMY, SILICEOUS, SUBACTIVE, THERMIC","Ultisols","Udults","Paleudults","Grossarenic Paleudults","loamy",-84.4839325,30.3992424,2273237,"FL3700205",5,127,160,"Bt1","Sandy loam",120320,NA,14.1000004,12.1999998,NA,"10YR",5,8
517759,"Albany","ALBANY","AQUIC GROSSARENIC PALEUDULTS, LOAMY, SILICEOUS, SUBACTIVE, THERMIC","Ultisols","Udults","Paleudults","Grossarenic Paleudults","loamy",-84.4839325,30.3992424,2273238,"FL3700206",6,160,198,"Bt2","Sandy clay loam",120321,NA,10.1999998,27.2000008,NA,"10YR",6,4
517759,"Albany","ALBANY","AQUIC GROSSARENIC PALEUDULTS, LOAMY, SILICEOUS, SUBACTIVE, THERMIC","Ultisols","Udults","Paleudults","Grossarenic Paleudults","loamy",-84.4839325,30.3992424,2273239,"FL3700207",7,198,254,"Cg","Fine sandy loam",120322,NA,6.5,12.1999998,NA,"10YR",7,1
517760,"Foxworth","FOXWORTH","Typic Quartzipsamments, coated, thermic","Entisols","Psamments","Quartzipsamments","Typic Quartzipsamments","sandy",-84.2938918999999,30.3577309,2273240,"FL3700301",1,0,10,"A","Sand",120323,NA,4.9000001,2.3,NA,"10YR",5,1
517760,"Foxworth","FOXWORTH","Typic Quartzipsamments, coated, thermic","Entisols","Psamments","Quartzipsamments","Typic Quartzipsamments","sandy",-84.2938918999999,30.3577309,2273241,"FL3700302",2,10,25,"Bw1","Sand",120324,NA,0.5,0.4,NA,"10YR",6,2
517760,"Foxworth","FOXWORTH","Typic Quartzipsamments, coated, thermic","Entisols","Psamments","Quartzipsamments","Typic Quartzipsamments","sandy",-84.2938918999999,30.3577309,2273242,"FL3700303",3,25,71,"Bw2","Sand",120325,NA,2.4000001,2.2,NA,"10YR",7,4
517760,"Foxworth","FOXWORTH","Typic Quartzipsamments, coated, thermic","Entisols","Psamments","Quartzipsamments","Typic Quartzipsamments","sandy",-84.2938918999999,30.3577309,2273243,"FL3700304",4,71,112,"Bw3","Sand",120326,NA,1.9,2.4000001,NA,"10YR",7,6
517760,"Foxworth","FOXWORTH","Typic Quartzipsamments, coated, thermic","Entisols","Psamments","Quartzipsamments","Typic Quartzipsamments","sandy",-84.2938918999999,30.3577309,2273244,"FL3700305",5,112,147,"Bw4","Sand",120327,NA,1.9,1.6,NA,"10YR",7,6
517760,"Foxworth","FOXWORTH","Typic Quartzipsamments, coated, thermic","Entisols","Psamments","Quartzipsamments","Typic Quartzipsamments","sandy",-84.2938918999999,30.3577309,2273245,"FL3700306",6,147,183,"Bw4","Fine sand",120328,NA,2,1,NA,"10YR",7,6
517760,"Foxworth","FOXWORTH","Typic Quartzipsamments, coated, thermic","Entisols","Psamments","Quartzipsamments","Typic Quartzipsamments","sandy",-84.2938918999999,30.3577309,2273246,"FL3700307",7,183,239,"Eg","Fine sand",120329,NA,1.1,0.6,NA,"10YR",8,1
517761,"Norfolk","NORFOLK","Typic Kandiudults, fine-loamy, kaolinitic, thermic","Ultisols","Udults","Kandiudults","Typic Kandiudults","fine-loamy",-84.2608337,30.5127449,2273247,"FL3700401",1,0,10,"A","Loamy fine sand",120330,NA,10.6999998,6.4000001,NA,"10YR",5,2
517761,"Norfolk","NORFOLK","Typic Kandiudults, fine-loamy, kaolinitic, thermic","Ultisols","Udults","Kandiudults","Typic Kandiudults","fine-loamy",-84.2608337,30.5127449,2273248,"FL3700402",2,10,20,"Bw","Loamy fine sand",120331,NA,7.0999999,7.9000001,NA,"10YR",5,4
517761,"Norfolk","NORFOLK","Typic Kandiudults, fine-loamy, kaolinitic, thermic","Ultisols","Udults","Kandiudults","Typic Kandiudults","fine-loamy",-84.2608337,30.5127449,2273249,"FL3700403",3,20,38,"Bt1","Fine sandy loam",120332,NA,7.0999999,12.1000004,NA,"10YR",6,6
517761,"Norfolk","NORFOLK","Typic Kandiudults, fine-loamy, kaolinitic, thermic","Ultisols","Udults","Kandiudults","Typic Kandiudults","fine-loamy",-84.2608337,30.5127449,2273250,"FL3700404",4,38,79,"Bt2","Sandy clay loam",120333,NA,5.5,33.5999985,NA,"10YR",5,8
517761,"Norfolk","NORFOLK","Typic Kandiudults, fine-loamy, kaolinitic, thermic","Ultisols","Udults","Kandiudults","Typic Kandiudults","fine-loamy",-84.2608337,30.5127449,2273251,"FL3700405",5,79,112,"Bt3","Sandy clay loam",120334,NA,5.5999999,34,NA,"10YR",6,8
517761,"Norfolk","NORFOLK","Typic Kandiudults, fine-loamy, kaolinitic, thermic","Ultisols","Udults","Kandiudults","Typic Kandiudults","fine-loamy",-84.2608337,30.5127449,2273252,"FL3700406",6,112,147,"Bt4","Sandy clay loam",120335,NA,3.0999999,31.3999996,NA,"10YR",5,6
517761,"Norfolk","NORFOLK","Typic Kandiudults, fine-loamy, kaolinitic, thermic","Ultisols","Udults","Kandiudults","Typic Kandiudults","fine-loamy",-84.2608337,30.5127449,2273253,"FL3700407",7,147,173,"Bt5","Sandy clay",120336,NA,2.5999999,37.7000008,NA,"7.5YR",7,8
517761,"Norfolk","NORFOLK","Typic Kandiudults, fine-loamy, kaolinitic, thermic","Ultisols","Udults","Kandiudults","Typic Kandiudults","fine-loamy",-84.2608337,30.5127449,2273254,"FL3700408",8,173,229,"Btg","Sandy clay",120337,NA,2.5,41.7000008,NA,"7.5YR",5,6
517762,"Troup","TROUP","Grossarenic Kandiudults, loamy, kaolinitic, thermic","Ultisols","Udults","Kandiudults","Grossarenic Kandiudults","loamy",-84.3624877999999,30.5311298,2273255,"FL3700501",1,0,20,"Ap","Fine sand",120338,NA,7.5,3.4000001,NA,"10YR",4,2
517762,"Troup","TROUP","Grossarenic Kandiudults, loamy, kaolinitic, thermic","Ultisols","Udults","Kandiudults","Grossarenic Kandiudults","loamy",-84.3624877999999,30.5311298,2273256,"FL3700502",2,20,48,"Bw1","Fine sand",120339,NA,5.6999998,4.5999999,NA,"10YR",5,4
517762,"Troup","TROUP","Grossarenic Kandiudults, loamy, kaolinitic, thermic","Ultisols","Udults","Kandiudults","Grossarenic Kandiudults","loamy",-84.3624877999999,30.5311298,2273257,"FL3700503",3,48,66,"Bw2","Loamy fine sand",120340,NA,5,6.6999998,NA,"10YR",5,6
517762,"Troup","TROUP","Grossarenic Kandiudults, loamy, kaolinitic, thermic","Ultisols","Udults","Kandiudults","Grossarenic Kandiudults","loamy",-84.3624877999999,30.5311298,2273258,"FL3700504",4,66,112,"Bw3","Fine sand",120341,NA,4.0999999,7,NA,"7.5YR",6,6
517762,"Troup","TROUP","Grossarenic Kandiudults, loamy, kaolinitic, thermic","Ultisols","Udults","Kandiudults","Grossarenic Kandiudults","loamy",-84.3624877999999,30.5311298,2273259,"FL3700505",5,112,137,"Bt1","Fine sandy loam",120342,NA,3.9000001,17.7999992,NA,"7.5YR",5,8
517762,"Troup","TROUP","Grossarenic Kandiudults, loamy, kaolinitic, thermic","Ultisols","Udults","Kandiudults","Grossarenic Kandiudults","loamy",-84.3624877999999,30.5311298,2273260,"FL3700506",6,137,185,"Bt2","Sandy clay loam",120343,NA,2.5999999,26.6000004,NA,"",NA,NA
517762,"Troup","TROUP","Grossarenic Kandiudults, loamy, kaolinitic, thermic","Ultisols","Udults","Kandiudults","Grossarenic Kandiudults","loamy",-84.3624877999999,30.5311298,2273261,"FL3700507",7,185,254,"Bt3","Sandy clay loam",120344,NA,1.6,33.2999992,NA,"2.5YR",5,8
517763,"Lucy","LUCY","ARENIC KANDIUDULTS, LOAMY, KAOLINITIC, THERMIC","Ultisols","Udults","Kandiudults","Arenic Kandiudults","loamy",-84.3629074,30.532341,2273262,"FL3700601",1,0,13,"Ap","Fine sand",120345,NA,6.3000002,3.9000001,NA,"10YR",4,3
517763,"Lucy","LUCY","ARENIC KANDIUDULTS, LOAMY, KAOLINITIC, THERMIC","Ultisols","Udults","Kandiudults","Arenic Kandiudults","loamy",-84.3629074,30.532341,2273263,"FL3700602",2,13,33,"Bw1","Fine sand",120346,NA,5.8000002,5.5,NA,"10YR",5,3
517763,"Lucy","LUCY","ARENIC KANDIUDULTS, LOAMY, KAOLINITIC, THERMIC","Ultisols","Udults","Kandiudults","Arenic Kandiudults","loamy",-84.3629074,30.532341,2273264,"FL3700603",3,33,56,"Bw2","Fine sand",120347,NA,4.1999998,6,NA,"7.5YR",6,8
517763,"Lucy","LUCY","ARENIC KANDIUDULTS, LOAMY, KAOLINITIC, THERMIC","Ultisols","Udults","Kandiudults","Arenic Kandiudults","loamy",-84.3629074,30.532341,2273265,"FL3700604",4,56,76,"Bw3","Fine sand",120348,NA,4.5999999,6.8000002,NA,"7.5YR",5,8
517763,"Lucy","LUCY","ARENIC KANDIUDULTS, LOAMY, KAOLINITIC, THERMIC","Ultisols","Udults","Kandiudults","Arenic Kandiudults","loamy",-84.3629074,30.532341,2273266,"FL3700605",5,76,91,"Bt1","Fine sandy loam",120349,NA,3.9000001,16.2999992,NA,"5YR",5,8
517763,"Lucy","LUCY","ARENIC KANDIUDULTS, LOAMY, KAOLINITIC, THERMIC","Ultisols","Udults","Kandiudults","Arenic Kandiudults","loamy",-84.3629074,30.532341,2273267,"FL3700606",6,91,142,"Bt2","Sandy clay loam",120350,NA,3.5999999,27.7999992,NA,"2.5YR",5,8
517763,"Lucy","LUCY","ARENIC KANDIUDULTS, LOAMY, KAOLINITIC, THERMIC","Ultisols","Udults","Kandiudults","Arenic Kandiudults","loamy",-84.3629074,30.532341,2273268,"FL3700607",7,142,190,"Bt2","Sandy clay loam",120351,NA,2.5,29.3999996,NA,"2.5YR",5,8
517763,"Lucy","LUCY","ARENIC KANDIUDULTS, LOAMY, KAOLINITIC, THERMIC","Ultisols","Udults","Kandiudults","Arenic Kandiudults","loamy",-84.3629074,30.532341,2273269,"FL3700608",8,190,264,"Bt3","Fine sandy loam",120352,NA,1.3,19.7999992,NA,"5YR",5,8
517764,"Blanton","BLANTON","GROSSARENIC PALEUDULTS, LOAMY, SILICEOUS, SEMIACTIVE, THERMIC","Ultisols","Udults","Paleudults","Grossarenic Paleudults","loamy",-84.3634261999999,30.5318031,2273270,"FL3700701",1,0,18,"Ap","Fine sand",120353,NA,6.6999998,3.5,NA,"10YR",4,2
517764,"Blanton","BLANTON","GROSSARENIC PALEUDULTS, LOAMY, SILICEOUS, SEMIACTIVE, THERMIC","Ultisols","Udults","Paleudults","Grossarenic Paleudults","loamy",-84.3634261999999,30.5318031,2273271,"FL3700702",2,18,46,"Bw1","Fine sand",120354,NA,5.9000001,4.9000001,NA,"10YR",5,3
517764,"Blanton","BLANTON","GROSSARENIC PALEUDULTS, LOAMY, SILICEOUS, SEMIACTIVE, THERMIC","Ultisols","Udults","Paleudults","Grossarenic Paleudults","loamy",-84.3634261999999,30.5318031,2273272,"FL3700703",3,46,76,"Bw2","Fine sand",120355,NA,4.4000001,5,NA,"10YR",6,4
517764,"Blanton","BLANTON","GROSSARENIC PALEUDULTS, LOAMY, SILICEOUS, SEMIACTIVE, THERMIC","Ultisols","Udults","Paleudults","Grossarenic Paleudults","loamy",-84.3634261999999,30.5318031,2273273,"FL3700704",4,76,99,"Bw3","Fine sand",120356,NA,4.1999998,4.5999999,NA,"10YR",7,4
517764,"Blanton","BLANTON","GROSSARENIC PALEUDULTS, LOAMY, SILICEOUS, SEMIACTIVE, THERMIC","Ultisols","Udults","Paleudults","Grossarenic Paleudults","loamy",-84.3634261999999,30.5318031,2273274,"FL3700705",5,99,132,"Bw4","Fine sand",120357,NA,4.5,3.5,NA,"10YR",7,4
517764,"Blanton","BLANTON","GROSSARENIC PALEUDULTS, LOAMY, SILICEOUS, SEMIACTIVE, THERMIC","Ultisols","Udults","Paleudults","Grossarenic Paleudults","loamy",-84.3634261999999,30.5318031,2273275,"FL3700706",6,132,157,"Bt","Sandy clay loam",120358,NA,4.5,21,NA,"10YR",6,6
517764,"Blanton","BLANTON","GROSSARENIC PALEUDULTS, LOAMY, SILICEOUS, SEMIACTIVE, THERMIC","Ultisols","Udults","Paleudults","Grossarenic Paleudults","loamy",-84.3634261999999,30.5318031,2273276,"FL3700707",7,157,206,"Btg","Sandy clay loam",120359,NA,2.7,29.1000004,NA,"10YR",6,1
517764,"Blanton","BLANTON","GROSSARENIC PALEUDULTS, LOAMY, SILICEOUS, SEMIACTIVE, THERMIC","Ultisols","Udults","Paleudults","Grossarenic Paleudults","loamy",-84.3634261999999,30.5318031,2273277,"FL3700708",8,206,254,"Btg","Sandy clay loam",120360,NA,2.5999999,27.3999996,NA,"10YR",6,1
517765,"Orangeburg","ORANGEBURG","Typic Kandiudults, fine-loamy, kaolinitic, thermic","Ultisols","Udults","Kandiudults","Typic Kandiudults","fine-loamy",-84.2673798,30.5263672,2273278,"FL3700801",1,0,13,"A","Fine sandy loam",120361,NA,11,13.6000004,NA,"7.5YR",3,2
517765,"Orangeburg","ORANGEBURG","Typic Kandiudults, fine-loamy, kaolinitic, thermic","Ultisols","Udults","Kandiudults","Typic Kandiudults","fine-loamy",-84.2673798,30.5263672,2273279,"FL3700802",2,13,25,"Bt1","Fine sandy loam",120362,NA,8.3999996,17,NA,"5YR",4,4
517765,"Orangeburg","ORANGEBURG","Typic Kandiudults, fine-loamy, kaolinitic, thermic","Ultisols","Udults","Kandiudults","Typic Kandiudults","fine-loamy",-84.2673798,30.5263672,2273280,"FL3700803",3,25,41,"Bt2","Sandy clay loam",120363,NA,5.5,26.5,NA,"5YR",5,6
517765,"Orangeburg","ORANGEBURG","Typic Kandiudults, fine-loamy, kaolinitic, thermic","Ultisols","Udults","Kandiudults","Typic Kandiudults","fine-loamy",-84.2673798,30.5263672,2273281,"FL3700804",4,41,102,"Bt3","Sandy clay loam",120364,NA,7.5999999,29.1000004,NA,"2.5YR",5,8
517765,"Orangeburg","ORANGEBURG","Typic Kandiudults, fine-loamy, kaolinitic, thermic","Ultisols","Udults","Kandiudults","Typic Kandiudults","fine-loamy",-84.2673798,30.5263672,2273282,"FL3700805",5,102,155,"Bt4","Sandy clay",120365,NA,2.9000001,36.5999985,NA,"2.5YR",5,8
517765,"Orangeburg","ORANGEBURG","Typic Kandiudults, fine-loamy, kaolinitic, thermic","Ultisols","Udults","Kandiudults","Typic Kandiudults","fine-loamy",-84.2673798,30.5263672,2273283,"FL3700806",6,155,203,"Bt4","Sandy clay loam",120366,NA,2.3,34.9000015,NA,"2.5YR",5,8
517766,"Norfolk","NORFOLK","Typic Paleudults, fine-loamy, siliceous, subactive, thermic","Ultisols","Udults","Paleudults","Typic Paleudults","fine-loamy",-84.3486328,30.5082130000001,2273284,"FL3700901",1,0,18,"Ap","Loamy sand",120367,NA,6.3000002,8.8000002,NA,"10YR",3,3
517766,"Norfolk","NORFOLK","Typic Paleudults, fine-loamy, siliceous, subactive, thermic","Ultisols","Udults","Paleudults","Typic Paleudults","fine-loamy",-84.3486328,30.5082130000001,2273285,"FL3700902",2,18,36,"Bt1","Fine sandy loam",120368,NA,8.1999998,13.6999998,NA,"10YR",4,4
517766,"Norfolk","NORFOLK","Typic Paleudults, fine-loamy, siliceous, subactive, thermic","Ultisols","Udults","Paleudults","Typic Paleudults","fine-loamy",-84.3486328,30.5082130000001,2273286,"FL3700903",3,36,74,"Bt2","Sandy clay loam",120369,NA,6.8000002,25,NA,"10YR",5,6
517766,"Norfolk","NORFOLK","Typic Paleudults, fine-loamy, siliceous, subactive, thermic","Ultisols","Udults","Paleudults","Typic Paleudults","fine-loamy",-84.3486328,30.5082130000001,2273287,"FL3700904",4,74,130,"Bt3","Sandy clay loam",120370,NA,5.0999999,26.3999996,NA,"10YR",6,8
517766,"Norfolk","NORFOLK","Typic Paleudults, fine-loamy, siliceous, subactive, thermic","Ultisols","Udults","Paleudults","Typic Paleudults","fine-loamy",-84.3486328,30.5082130000001,2273288,"FL3700905",5,130,150,"Bt4","Sandy clay loam",120371,NA,5.3000002,31.7999992,NA,"10YR",6,8
517766,"Norfolk","NORFOLK","Typic Paleudults, fine-loamy, siliceous, subactive, thermic","Ultisols","Udults","Paleudults","Typic Paleudults","fine-loamy",-84.3486328,30.5082130000001,2273289,"FL3700906",6,150,162,"Bt5","Sandy clay loam",120372,NA,6.6999998,31.8999996,NA,"10YR",6,6
517766,"Norfolk","NORFOLK","Typic Paleudults, fine-loamy, siliceous, subactive, thermic","Ultisols","Udults","Paleudults","Typic Paleudults","fine-loamy",-84.3486328,30.5082130000001,2273290,"FL3700907",7,162,203,"2Cg","Clay",120373,NA,20,72.4000015,NA,"10YR",7,1
517767,"Goldhead","GOLDHEAD","Grossarenic Paleaqualfs, loamy, siliceous, subactive, thermic","Alfisols","Aqualfs","Endoaqualfs","Arenic Endoaqualfs","loamy",-84.3240203999999,30.521019,2273291,"FL3701001",1,0,18,"A1","Fine sand",120374,NA,6.8000002,3.0999999,NA,"10YR",3,2
517767,"Goldhead","GOLDHEAD","Grossarenic Paleaqualfs, loamy, siliceous, subactive, thermic","Alfisols","Aqualfs","Endoaqualfs","Arenic Endoaqualfs","loamy",-84.3240203999999,30.521019,2273292,"FL3701002",2,18,43,"Eg1","Fine sand",120375,NA,6.0999999,3.0999999,NA,"10YR",4,2
517767,"Goldhead","GOLDHEAD","Grossarenic Paleaqualfs, loamy, siliceous, subactive, thermic","Alfisols","Aqualfs","Endoaqualfs","Arenic Endoaqualfs","loamy",-84.3240203999999,30.521019,2273293,"FL3701003",3,43,71,"Eg2","Fine sand",120376,NA,6.3000002,5.1999998,NA,"",NA,NA
517767,"Goldhead","GOLDHEAD","Grossarenic Paleaqualfs, loamy, siliceous, subactive, thermic","Alfisols","Aqualfs","Endoaqualfs","Arenic Endoaqualfs","loamy",-84.3240203999999,30.521019,2273294,"FL3701004",4,71,91,"Eg3","Fine sand",120377,NA,6,4.5999999,NA,"5Y",6,1
517767,"Goldhead","GOLDHEAD","Grossarenic Paleaqualfs, loamy, siliceous, subactive, thermic","Alfisols","Aqualfs","Endoaqualfs","Arenic Endoaqualfs","loamy",-84.3240203999999,30.521019,2273295,"FL3701005",5,91,150,"Eg4","Fine sand",120378,NA,4.9000001,1.8,NA,"10YR",7,1
517767,"Goldhead","GOLDHEAD","Grossarenic Paleaqualfs, loamy, siliceous, subactive, thermic","Alfisols","Aqualfs","Endoaqualfs","Arenic Endoaqualfs","loamy",-84.3240203999999,30.521019,2273296,"FL3701006",6,150,155,"Eg4","Fine sand",120379,NA,4.8000002,5.9000001,NA,"10YR",7,1
517767,"Goldhead","GOLDHEAD","Grossarenic Paleaqualfs, loamy, siliceous, subactive, thermic","Alfisols","Aqualfs","Endoaqualfs","Arenic Endoaqualfs","loamy",-84.3240203999999,30.521019,2273297,"FL3701007",7,155,203,"Btg","Fine sandy loam",120380,NA,4.5,15.6000004,NA,"10YR",7,1
517768,"Mouzon","MOUZON","Typic Albaqualfs, fine-loamy, siliceous, semiactive, thermic","Alfisols","Aqualfs","Albaqualfs","Typic Albaqualfs","fine-loamy",-84.3685532,30.5413284000001,2273298,"FL3701101",1,0,13,"A","Fine sandy loam",120381,NA,32.2999992,9.5,NA,"10YR",3,2
517768,"Mouzon","MOUZON","Typic Albaqualfs, fine-loamy, siliceous, semiactive, thermic","Alfisols","Aqualfs","Albaqualfs","Typic Albaqualfs","fine-loamy",-84.3685532,30.5413284000001,2273299,"FL3701102",2,13,23,"Eg","Fine sand",120382,NA,11.1999998,1.1,NA,"10YR",4,1
517768,"Mouzon","MOUZON","Typic Albaqualfs, fine-loamy, siliceous, semiactive, thermic","Alfisols","Aqualfs","Albaqualfs","Typic Albaqualfs","fine-loamy",-84.3685532,30.5413284000001,2273300,"FL3701103",3,23,61,"Btg1","Sandy clay loam",120383,NA,12.8000002,30.7999992,NA,"10YR",6,1
517768,"Mouzon","MOUZON","Typic Albaqualfs, fine-loamy, siliceous, semiactive, thermic","Alfisols","Aqualfs","Albaqualfs","Typic Albaqualfs","fine-loamy",-84.3685532,30.5413284000001,2273301,"FL3701104",4,61,135,"Btg2","Sandy clay loam",120384,NA,10.3999996,22.7000008,NA,"5G",5,1
517768,"Mouzon","MOUZON","Typic Albaqualfs, fine-loamy, siliceous, semiactive, thermic","Alfisols","Aqualfs","Albaqualfs","Typic Albaqualfs","fine-loamy",-84.3685532,30.5413284000001,2273302,"FL3701105",5,135,180,"Btg3","Sandy clay loam",120385,NA,4.5,22.2999992,NA,"5G",5,2
517768,"Mouzon","MOUZON","Typic Albaqualfs, fine-loamy, siliceous, semiactive, thermic","Alfisols","Aqualfs","Albaqualfs","Typic Albaqualfs","fine-loamy",-84.3685532,30.5413284000001,2273303,"FL3701106",6,180,203,"Btg4","Sandy clay loam",120386,NA,4.1999998,28.6000004,NA,"5Y",7,2
517769,"Wagram","WAGRAM","Arenic Kandiudults, loamy, kaolinitic, thermic","Ultisols","Udults","Kandiudults","Arenic Kandiudults","loamy",-84.2852402,30.4897308000001,2273304,"FL3701201",1,0,8,"A","Loamy fine sand",120387,NA,11.3999996,3.7,NA,"10YR",5,3
517769,"Wagram","WAGRAM","Arenic Kandiudults, loamy, kaolinitic, thermic","Ultisols","Udults","Kandiudults","Arenic Kandiudults","loamy",-84.2852402,30.4897308000001,2273305,"FL3701202",2,8,23,"Bw1","Loamy fine sand",120388,NA,9,5.4000001,NA,"10YR",5,4
517769,"Wagram","WAGRAM","Arenic Kandiudults, loamy, kaolinitic, thermic","Ultisols","Udults","Kandiudults","Arenic Kandiudults","loamy",-84.2852402,30.4897308000001,2273306,"FL3701203",3,23,48,"Bw2","Loamy fine sand",120389,NA,8.6000004,7.4000001,NA,"10YR",5,6
517769,"Wagram","WAGRAM","Arenic Kandiudults, loamy, kaolinitic, thermic","Ultisols","Udults","Kandiudults","Arenic Kandiudults","loamy",-84.2852402,30.4897308000001,2273307,"FL3701204",4,48,79,"Bw3","Loamy fine sand",120390,NA,8.1999998,7.5,NA,"10YR",6,6
517769,"Wagram","WAGRAM","Arenic Kandiudults, loamy, kaolinitic, thermic","Ultisols","Udults","Kandiudults","Arenic Kandiudults","loamy",-84.2852402,30.4897308000001,2273308,"FL3701205",5,79,109,"Bt1","Fine sandy loam",120391,NA,7.4000001,18.1000004,NA,"10YR",6,8
517769,"Wagram","WAGRAM","Arenic Kandiudults, loamy, kaolinitic, thermic","Ultisols","Udults","Kandiudults","Arenic Kandiudults","loamy",-84.2852402,30.4897308000001,2273309,"FL3701206",6,109,132,"Bt1","Sandy clay loam",120392,NA,6.1999998,24.3999996,NA,"10YR",6,8
517769,"Wagram","WAGRAM","Arenic Kandiudults, loamy, kaolinitic, thermic","Ultisols","Udults","Kandiudults","Arenic Kandiudults","loamy",-84.2852402,30.4897308000001,2273310,"FL3701207",7,132,157,"Bt2","Sandy clay loam",120393,NA,5,32.7999992,NA,"10YR",6,8
517769,"Wagram","WAGRAM","Arenic Kandiudults, loamy, kaolinitic, thermic","Ultisols","Udults","Kandiudults","Arenic Kandiudults","loamy",-84.2852402,30.4897308000001,2273311,"FL3701208",8,157,203,"C","Sandy clay",120394,NA,3.7,39.7000008,NA,"",NA,NA
517770,"Chipley","CHIPLEY","AQUIC QUARTZIPSAMMENTS, THERMIC, COATED","Entisols","Psamments","Quartzipsamments","Aquic Quartzipsamments","sandy",-84.0639037999999,30.4689388,2273312,"FL3701301",1,0,13,"A","Fine sand",120395,NA,8.5,3.2,NA,"10YR",3,1
517770,"Chipley","CHIPLEY","AQUIC QUARTZIPSAMMENTS, THERMIC, COATED","Entisols","Psamments","Quartzipsamments","Aquic Quartzipsamments","sandy",-84.0639037999999,30.4689388,2273313,"FL3701302",2,13,38,"Bw1","Fine sand",120396,NA,7.5,3.0999999,NA,"10YR",4,2
517770,"Chipley","CHIPLEY","AQUIC QUARTZIPSAMMENTS, THERMIC, COATED","Entisols","Psamments","Quartzipsamments","Aquic Quartzipsamments","sandy",-84.0639037999999,30.4689388,2273314,"FL3701303",3,38,58,"Bw2","Fine sand",120397,NA,6.5999999,3.2,NA,"10YR",5,3
517770,"Chipley","CHIPLEY","AQUIC QUARTZIPSAMMENTS, THERMIC, COATED","Entisols","Psamments","Quartzipsamments","Aquic Quartzipsamments","sandy",-84.0639037999999,30.4689388,2273315,"FL3701304",4,58,94,"Bw3","Fine sand",120398,NA,5.9000001,3,NA,"10YR",6,6
517770,"Chipley","CHIPLEY","AQUIC QUARTZIPSAMMENTS, THERMIC, COATED","Entisols","Psamments","Quartzipsamments","Aquic Quartzipsamments","sandy",-84.0639037999999,30.4689388,2273316,"FL3701305",5,94,119,"Bw4","Fine sand",120399,NA,5.4000001,4.4000001,NA,"10YR",6,6
517770,"Chipley","CHIPLEY","AQUIC QUARTZIPSAMMENTS, THERMIC, COATED","Entisols","Psamments","Quartzipsamments","Aquic Quartzipsamments","sandy",-84.0639037999999,30.4689388,2273317,"FL3701306",6,119,168,"Bw5","Fine sand",123800,NA,4.6999998,5.8000002,NA,"10YR",6,6
517770,"Chipley","CHIPLEY","AQUIC QUARTZIPSAMMENTS, THERMIC, COATED","Entisols","Psamments","Quartzipsamments","Aquic Quartzipsamments","sandy",-84.0639037999999,30.4689388,2273318,"FL3701307",7,168,178,"Eg1","Fine sand",123801,NA,4.3000002,2.4000001,NA,"10YR",6,2
517770,"Chipley","CHIPLEY","AQUIC QUARTZIPSAMMENTS, THERMIC, COATED","Entisols","Psamments","Quartzipsamments","Aquic Quartzipsamments","sandy",-84.0639037999999,30.4689388,2273319,"FL3701308",8,178,203,"Eg2","Fine sand",123802,NA,2.3,0.4,NA,"10YR",8,1
517771,"Rutlege","RUTLEGE","Typic Humaquepts, sandy, siliceous, thermic","Inceptisols","Aquepts","Humaquepts","Typic Humaquepts","sandy",-84.0539474,30.4890804,2273320,"FL3701401",1,0,13,"A1","Loamy fine sand",123803,NA,10.3000002,4.0999999,NA,"10YR",3,1
517771,"Rutlege","RUTLEGE","Typic Humaquepts, sandy, siliceous, thermic","Inceptisols","Aquepts","Humaquepts","Typic Humaquepts","sandy",-84.0539474,30.4890804,2273321,"FL3701402",2,13,58,"A2","Sand",123804,NA,9.1000004,3.5999999,NA,"10YR",2,1
517771,"Rutlege","RUTLEGE","Typic Humaquepts, sandy, siliceous, thermic","Inceptisols","Aquepts","Humaquepts","Typic Humaquepts","sandy",-84.0539474,30.4890804,2273322,"FL3701403",3,58,81,"Eg1","Sand",123805,NA,7,3.5999999,NA,"10YR",5,2
517771,"Rutlege","RUTLEGE","Typic Humaquepts, sandy, siliceous, thermic","Inceptisols","Aquepts","Humaquepts","Typic Humaquepts","sandy",-84.0539474,30.4890804,2273323,"FL3701404",4,81,145,"Eg2","Fine sand",123806,NA,5.6999998,5.5999999,NA,"10YR",6,2
517771,"Rutlege","RUTLEGE","Typic Humaquepts, sandy, siliceous, thermic","Inceptisols","Aquepts","Humaquepts","Typic Humaquepts","sandy",-84.0539474,30.4890804,2273324,"FL3701405",5,145,157,"Eg3","Sand",123807,NA,5.0999999,4.5999999,NA,"10YR",7,1
517771,"Rutlege","RUTLEGE","Typic Humaquepts, sandy, siliceous, thermic","Inceptisols","Aquepts","Humaquepts","Typic Humaquepts","sandy",-84.0539474,30.4890804,2273325,"FL3701406",6,157,208,"Eg4","Fine sand",123808,NA,4,2.4000001,NA,"10YR",7,1
517772,"Lakeland","LAKELAND","TYPIC QUARTZIPSAMMENTS, THERMIC, COATED","Entisols","Psamments","Quartzipsamments","Typic Quartzipsamments","not used",-84.2466888,30.3859749000001,2273326,"FL3701501",1,0,13,"Ap","Sand",123809,NA,2,3,NA,"10YR",5,2
517772,"Lakeland","LAKELAND","TYPIC QUARTZIPSAMMENTS, THERMIC, COATED","Entisols","Psamments","Quartzipsamments","Typic Quartzipsamments","not used",-84.2466888,30.3859749000001,2273327,"FL3701502",2,13,51,"Bw1","Sand",123810,NA,3.0999999,2.8,NA,"10YR",6,4
517772,"Lakeland","LAKELAND","TYPIC QUARTZIPSAMMENTS, THERMIC, COATED","Entisols","Psamments","Quartzipsamments","Typic Quartzipsamments","not used",-84.2466888,30.3859749000001,2273328,"FL3701503",3,51,81,"Bw2","Sand",123811,NA,3.5,2.9000001,NA,"7.5YR",7,6
517772,"Lakeland","LAKELAND","TYPIC QUARTZIPSAMMENTS, THERMIC, COATED","Entisols","Psamments","Quartzipsamments","Typic Quartzipsamments","not used",-84.2466888,30.3859749000001,2273329,"FL3701504",4,81,104,"Bw3","Sand",123812,NA,3.2,2.9000001,NA,"7.5YR",7,8
517772,"Lakeland","LAKELAND","TYPIC QUARTZIPSAMMENTS, THERMIC, COATED","Entisols","Psamments","Quartzipsamments","Typic Quartzipsamments","not used",-84.2466888,30.3859749000001,2273330,"FL3701505",5,104,198,"Bw4","Sand",123813,NA,2,3.4000001,NA,"7.5YR",6,8
517772,"Lakeland","LAKELAND","TYPIC QUARTZIPSAMMENTS, THERMIC, COATED","Entisols","Psamments","Quartzipsamments","Typic Quartzipsamments","not used",-84.2466888,30.3859749000001,2273331,"FL3701506",6,198,231,"Bw5","Sand",123814,NA,1.7,3.5999999,NA,"5YR",6,8
517773,"Kershaw","KERSHAW","TYPIC QUARTZIPSAMMENTS, THERMIC, UNCOATED","Entisols","Psamments","Quartzipsamments","Typic Quartzipsamments",NA,-84.1846161,30.3693008000001,2273332,"FL3701601",1,0,18,"A1","Sand",123815,NA,4.9000001,1.5,NA,"10YR",5,2
517773,"Kershaw","KERSHAW","TYPIC QUARTZIPSAMMENTS, THERMIC, UNCOATED","Entisols","Psamments","Quartzipsamments","Typic Quartzipsamments",NA,-84.1846161,30.3693008000001,2273333,"FL3701602",2,18,28,"Bw1","Sand",123816,NA,1.6,1.5,NA,"10YR",7,4
517773,"Kershaw","KERSHAW","TYPIC QUARTZIPSAMMENTS, THERMIC, UNCOATED","Entisols","Psamments","Quartzipsamments","Typic Quartzipsamments",NA,-84.1846161,30.3693008000001,2273334,"FL3701603",3,28,53,"Bw2","Sand",123817,NA,1.8,1.6,NA,"10YR",7,6
517773,"Kershaw","KERSHAW","TYPIC QUARTZIPSAMMENTS, THERMIC, UNCOATED","Entisols","Psamments","Quartzipsamments","Typic Quartzipsamments",NA,-84.1846161,30.3693008000001,2273335,"FL3701604",4,53,112,"Bw3","Sand",123818,NA,1.6,1.6,NA,"10YR",7,8
517773,"Kershaw","KERSHAW","TYPIC QUARTZIPSAMMENTS, THERMIC, UNCOATED","Entisols","Psamments","Quartzipsamments","Typic Quartzipsamments",NA,-84.1846161,30.3693008000001,2273336,"FL3701605",5,112,160,"Bw4","Sand",123819,NA,1.1,1,NA,"10YR",8,6
517773,"Kershaw","KERSHAW","TYPIC QUARTZIPSAMMENTS, THERMIC, UNCOATED","Entisols","Psamments","Quartzipsamments","Typic Quartzipsamments",NA,-84.1846161,30.3693008000001,2273337,"FL3701606",6,160,203,"Bw5","Sand",123820,NA,0.4,0.7,NA,"2.5Y",8,4
517775,"Sapelo","SAPELO","Ultic Alaquods, sandy, siliceous, thermic","Spodosols","Aquods","Alaquods","Ultic Alaquods","sandy",-84.0923842999999,30.4592857000001,2273344,"FL3701801",1,0,15,"Ap","Fine sand",123827,NA,7.0999999,1.6,NA,"10YR",3,1
517775,"Sapelo","SAPELO","Ultic Alaquods, sandy, siliceous, thermic","Spodosols","Aquods","Alaquods","Ultic Alaquods","sandy",-84.0923842999999,30.4592857000001,2273345,"FL3701802",2,15,36,"E/Eg","Fine sand",123828,NA,6.6999998,0.7,NA,"10YR",7,1
517775,"Sapelo","SAPELO","Ultic Alaquods, sandy, siliceous, thermic","Spodosols","Aquods","Alaquods","Ultic Alaquods","sandy",-84.0923842999999,30.4592857000001,2273346,"FL3701803",3,36,41,"Bh1","Loamy fine sand",123829,NA,8.1000004,5.5,NA,"",NA,NA
517775,"Sapelo","SAPELO","Ultic Alaquods, sandy, siliceous, thermic","Spodosols","Aquods","Alaquods","Ultic Alaquods","sandy",-84.0923842999999,30.4592857000001,2273347,"FL3701804",4,41,51,"Bh2","Loamy fine sand",123830,NA,7.8000002,4.8000002,NA,"7.5YR",3,2
517775,"Sapelo","SAPELO","Ultic Alaquods, sandy, siliceous, thermic","Spodosols","Aquods","Alaquods","Ultic Alaquods","sandy",-84.0923842999999,30.4592857000001,2273348,"FL3701805",5,51,66,"Bw1","Fine sand",123831,NA,7.1999998,3.0999999,NA,"7.5YR",3,2
517775,"Sapelo","SAPELO","Ultic Alaquods, sandy, siliceous, thermic","Spodosols","Aquods","Alaquods","Ultic Alaquods","sandy",-84.0923842999999,30.4592857000001,2273349,"FL3701806",6,66,84,"Bw2","Fine sand",123832,NA,5.4000001,2.5999999,NA,"10YR",4,3
517775,"Sapelo","SAPELO","Ultic Alaquods, sandy, siliceous, thermic","Spodosols","Aquods","Alaquods","Ultic Alaquods","sandy",-84.0923842999999,30.4592857000001,2273350,"FL3701807",7,84,99,"Bw3","Fine sand",123833,NA,5.5999999,3.3,NA,"10YR",7,4
517775,"Sapelo","SAPELO","Ultic Alaquods, sandy, siliceous, thermic","Spodosols","Aquods","Alaquods","Ultic Alaquods","sandy",-84.0923842999999,30.4592857000001,2273351,"FL3701808",8,99,109,"Eg","Fine sand",123834,NA,8.5,2.4000001,NA,"2.5Y",7,2
517775,"Sapelo","SAPELO","Ultic Alaquods, sandy, siliceous, thermic","Spodosols","Aquods","Alaquods","Ultic Alaquods","sandy",-84.0923842999999,30.4592857000001,2273352,"FL3701809",9,109,203,"Btg","Fine sandy loam",123835,NA,6,14.1999998,NA,"5Y",5,1
517776,"Bonifay","BONIFAY","GROSSARENIC PLINTHIC PALEUDULTS, LOAMY, SILICEOUS, SEMIACTIVE, THERMIC","Ultisols","Udults","Kandiudults","Grossarenic Plinthic Paleudults","loamy",-84.0673523,30.5047302,2273353,"FL3701901",1,0,20,"Ap","Fine sand",123836,NA,3.2,4.0999999,NA,"10YR",4,2
517776,"Bonifay","BONIFAY","GROSSARENIC PLINTHIC PALEUDULTS, LOAMY, SILICEOUS, SEMIACTIVE, THERMIC","Ultisols","Udults","Kandiudults","Grossarenic Plinthic Paleudults","loamy",-84.0673523,30.5047302,2273354,"FL3701902",2,20,46,"Bw1","Fine sand",123837,NA,6.9000001,5,NA,"10YR",5,4
517776,"Bonifay","BONIFAY","GROSSARENIC PLINTHIC PALEUDULTS, LOAMY, SILICEOUS, SEMIACTIVE, THERMIC","Ultisols","Udults","Kandiudults","Grossarenic Plinthic Paleudults","loamy",-84.0673523,30.5047302,2273355,"FL3701903",3,46,79,"Bw2","Loamy fine sand",123838,NA,5.4000001,6.8000002,NA,"10YR",6,6
517776,"Bonifay","BONIFAY","GROSSARENIC PLINTHIC PALEUDULTS, LOAMY, SILICEOUS, SEMIACTIVE, THERMIC","Ultisols","Udults","Kandiudults","Grossarenic Plinthic Paleudults","loamy",-84.0673523,30.5047302,2273356,"FL3701904",4,79,107,"Bw3","Loamy fine sand",123839,NA,5.0999999,7,NA,"10YR",7,6
517776,"Bonifay","BONIFAY","GROSSARENIC PLINTHIC PALEUDULTS, LOAMY, SILICEOUS, SEMIACTIVE, THERMIC","Ultisols","Udults","Kandiudults","Grossarenic Plinthic Paleudults","loamy",-84.0673523,30.5047302,2273357,"FL3701905",5,107,135,"Btv","Fine sandy loam",123840,NA,4.5999999,17.5,NA,"10YR",5,8
517776,"Bonifay","BONIFAY","GROSSARENIC PLINTHIC PALEUDULTS, LOAMY, SILICEOUS, SEMIACTIVE, THERMIC","Ultisols","Udults","Kandiudults","Grossarenic Plinthic Paleudults","loamy",-84.0673523,30.5047302,2273358,"FL3701906",6,135,203,"Bt","Sandy clay",123841,NA,5.8000002,41,NA,NA,NA,NA
517777,"Chaires","CHAIRES","ALFIC ALAQUODS, SANDY, SILICEOUS, THERMIC","Spodosols","Aquods","Alaquods","Alfic Alaquods","sandy",-84.1441727,30.2834797,2273359,"FL3702001",1,0,18,"Ap","Fine sand",123842,NA,2.2,1.2,NA,"7.5YR",3,2
517777,"Chaires","CHAIRES","ALFIC ALAQUODS, SANDY, SILICEOUS, THERMIC","Spodosols","Aquods","Alaquods","Alfic Alaquods","sandy",-84.1441727,30.2834797,2273360,"FL3702002",2,18,43,"Eg1","Fine sand",123843,NA,2.7,0.7,NA,"10YR",4,2
517777,"Chaires","CHAIRES","ALFIC ALAQUODS, SANDY, SILICEOUS, THERMIC","Spodosols","Aquods","Alaquods","Alfic Alaquods","sandy",-84.1441727,30.2834797,2273361,"FL3702003",3,43,71,"Eg2","Fine sand",123844,NA,2.2,0.5,NA,"10YR",7,2
517777,"Chaires","CHAIRES","ALFIC ALAQUODS, SANDY, SILICEOUS, THERMIC","Spodosols","Aquods","Alaquods","Alfic Alaquods","sandy",-84.1441727,30.2834797,2273362,"FL3702004",4,71,76,"Bh1","Fine sand",123845,NA,7.8000002,3,NA,"10YR",2,2
517777,"Chaires","CHAIRES","ALFIC ALAQUODS, SANDY, SILICEOUS, THERMIC","Spodosols","Aquods","Alaquods","Alfic Alaquods","sandy",-84.1441727,30.2834797,2273363,"FL3702005",5,76,89,"Bh2","Fine sand",123846,NA,4.1999998,2.9000001,NA,"5YR",3,2
517777,"Chaires","CHAIRES","ALFIC ALAQUODS, SANDY, SILICEOUS, THERMIC","Spodosols","Aquods","Alaquods","Alfic Alaquods","sandy",-84.1441727,30.2834797,2273364,"FL3702006",6,89,119,"Bh3","Fine sand",123847,NA,2.9000001,1.9,NA,"7.5YR",3,2
517777,"Chaires","CHAIRES","ALFIC ALAQUODS, SANDY, SILICEOUS, THERMIC","Spodosols","Aquods","Alaquods","Alfic Alaquods","sandy",-84.1441727,30.2834797,2273365,"FL3702007",7,119,132,"Bw","Fine sand",123848,NA,2.9000001,1.4,NA,"10YR",4,4
517777,"Chaires","CHAIRES","ALFIC ALAQUODS, SANDY, SILICEOUS, THERMIC","Spodosols","Aquods","Alaquods","Alfic Alaquods","sandy",-84.1441727,30.2834797,2273366,"FL3702008",8,132,137,"Bh","Fine sand",123849,NA,3.4000001,3.2,NA,"",NA,NA
517777,"Chaires","CHAIRES","ALFIC ALAQUODS, SANDY, SILICEOUS, THERMIC","Spodosols","Aquods","Alaquods","Alfic Alaquods","sandy",-84.1441727,30.2834797,2273367,"FL3702009",9,137,173,"Btg1","Sandy clay loam",123850,NA,2.8,20.2000008,NA,"5Y",5,1
517777,"Chaires","CHAIRES","ALFIC ALAQUODS, SANDY, SILICEOUS, THERMIC","Spodosols","Aquods","Alaquods","Alfic Alaquods","sandy",-84.1441727,30.2834797,2273368,"FL3702010",10,173,203,"Btg2","Sandy clay loam",123851,NA,3.3,23.2999992,NA,"5GY",7,1
517778,"Talquin","TALQUIN","Aeric Alaquods, sandy, siliceous, thermic","Spodosols","Aquods","Alaquods","Aeric Alaquods","sandy",-84.1302109,30.2901630000001,NA,NA,NA,NA,NA,NA,NA,NA,NA,NA,NA,NA,NA,NA,NA
517779,"Lutterloh","LUTTERLOH","GROSSARENIC PALEUDALFS, LOAMY, SILICEOUS, SUBACTIVE, THERMIC","Alfisols","Udalfs","Paleudalfs","Grossarenic Paleudalfs","loamy",-84.1986542,30.2972813000001,2273374,"FL3702201",1,0,18,"A","Fine sand",123857,NA,1.9,1.9,NA,"10YR",5,2
517779,"Lutterloh","LUTTERLOH","GROSSARENIC PALEUDALFS, LOAMY, SILICEOUS, SUBACTIVE, THERMIC","Alfisols","Udalfs","Paleudalfs","Grossarenic Paleudalfs","loamy",-84.1986542,30.2972813000001,2273375,"FL3702202",2,18,61,"E","Fine sand",123858,NA,3.5999999,1.6,NA,"10YR",7,2
517779,"Lutterloh","LUTTERLOH","GROSSARENIC PALEUDALFS, LOAMY, SILICEOUS, SUBACTIVE, THERMIC","Alfisols","Udalfs","Paleudalfs","Grossarenic Paleudalfs","loamy",-84.1986542,30.2972813000001,2273376,"FL3702203",3,61,102,"Eg1","Fine sand",123859,NA,3,1.3,NA,"5Y",7,2
517779,"Lutterloh","LUTTERLOH","GROSSARENIC PALEUDALFS, LOAMY, SILICEOUS, SUBACTIVE, THERMIC","Alfisols","Udalfs","Paleudalfs","Grossarenic Paleudalfs","loamy",-84.1986542,30.2972813000001,2273377,"FL3702204",4,102,150,"Eg","Fine sand",123860,NA,1.7,0.6,NA,"5Y",8,1
517779,"Lutterloh","LUTTERLOH","GROSSARENIC PALEUDALFS, LOAMY, SILICEOUS, SUBACTIVE, THERMIC","Alfisols","Udalfs","Paleudalfs","Grossarenic Paleudalfs","loamy",-84.1986542,30.2972813000001,2273378,"FL3702205",5,150,180,"Btg1","Fine sandy loam",123861,NA,4.4000001,14.3999996,NA,"5Y",6,1
517779,"Lutterloh","LUTTERLOH","GROSSARENIC PALEUDALFS, LOAMY, SILICEOUS, SUBACTIVE, THERMIC","Alfisols","Udalfs","Paleudalfs","Grossarenic Paleudalfs","loamy",-84.1986542,30.2972813000001,2273379,"FL3702206",6,180,239,"Btg2","Sandy clay loam",123862,NA,3.4000001,20.2000008,NA,"5Y",7,1
517780,"Alpin","ALPIN","LAMELLIC QUARTZIPSAMMENTS, THERMIC, COATED","Entisols","Psamments","Quartzipsamments","Lamellic Quartzipsamments","sandy",-84.2963486,30.3232536,2273380,"FL3702301",1,0,10,"A","Sand",123863,NA,0.9,1.8,NA,"10YR",4,1
517780,"Alpin","ALPIN","LAMELLIC QUARTZIPSAMMENTS, THERMIC, COATED","Entisols","Psamments","Quartzipsamments","Lamellic Quartzipsamments","sandy",-84.2963486,30.3232536,2273381,"FL3702302",2,10,43,"Bw1","Sand",123864,NA,4.1999998,1.4,NA,"10YR",7,3
517780,"Alpin","ALPIN","LAMELLIC QUARTZIPSAMMENTS, THERMIC, COATED","Entisols","Psamments","Quartzipsamments","Lamellic Quartzipsamments","sandy",-84.2963486,30.3232536,2273382,"FL3702303",3,43,102,"Bw2","Sand",123865,NA,3.8,1.3,NA,"10YR",8,3
517780,"Alpin","ALPIN","LAMELLIC QUARTZIPSAMMENTS, THERMIC, COATED","Entisols","Psamments","Quartzipsamments","Lamellic Quartzipsamments","sandy",-84.2963486,30.3232536,2273383,"FL3702304",4,102,140,"Bw3","Sand",123866,NA,3.5,1,NA,"",NA,NA
517780,"Alpin","ALPIN","LAMELLIC QUARTZIPSAMMENTS, THERMIC, COATED","Entisols","Psamments","Quartzipsamments","Lamellic Quartzipsamments","sandy",-84.2963486,30.3232536,2273384,"FL3702305",5,140,229,"E","Sand",123867,NA,2.5999999,0.8,NA,"10YR",8,1
517781,"Foxworth","FOXWORTH","TYPIC QUARTZIPSAMMENTS, THERMIC, COATED","Entisols","Psamments","Quartzipsamments","Typic Quartzipsamments","sandy",-84.4384995,30.3718243000001,2273385,"FL3702401",1,0,10,"A","Sand",123868,NA,3.9000001,1.3,NA,"10YR",5,1
517781,"Foxworth","FOXWORTH","TYPIC QUARTZIPSAMMENTS, THERMIC, COATED","Entisols","Psamments","Quartzipsamments","Typic Quartzipsamments","sandy",-84.4384995,30.3718243000001,2273386,"FL3702402",2,10,23,"Bw1","Sand",123869,NA,4.8000002,1.6,NA,"10YR",6,3
517781,"Foxworth","FOXWORTH","TYPIC QUARTZIPSAMMENTS, THERMIC, COATED","Entisols","Psamments","Quartzipsamments","Typic Quartzipsamments","sandy",-84.4384995,30.3718243000001,2273387,"FL3702403",3,23,91,"Bw2","Sand",123870,NA,4.5999999,1.7,NA,"10YR",7,4
517781,"Foxworth","FOXWORTH","TYPIC QUARTZIPSAMMENTS, THERMIC, COATED","Entisols","Psamments","Quartzipsamments","Typic Quartzipsamments","sandy",-84.4384995,30.3718243000001,2273388,"FL3702404",4,91,117,"Bw3","Sand",123871,NA,4.9000001,1.3,NA,"",NA,NA
517781,"Foxworth","FOXWORTH","TYPIC QUARTZIPSAMMENTS, THERMIC, COATED","Entisols","Psamments","Quartzipsamments","Typic Quartzipsamments","sandy",-84.4384995,30.3718243000001,2273389,"FL3702405",5,117,137,"Eg","Sand",123872,NA,4.5999999,0.8,NA,"10YR",8,1
517781,"Foxworth","FOXWORTH","TYPIC QUARTZIPSAMMENTS, THERMIC, COATED","Entisols","Psamments","Quartzipsamments","Typic Quartzipsamments","sandy",-84.4384995,30.3718243000001,2273390,"FL3702406",6,137,162,"Bw1'","Sand",123873,NA,4.5999999,1,NA,"10YR",6,6
517781,"Foxworth","FOXWORTH","TYPIC QUARTZIPSAMMENTS, THERMIC, COATED","Entisols","Psamments","Quartzipsamments","Typic Quartzipsamments","sandy",-84.4384995,30.3718243000001,2273391,"FL3702407",7,162,203,"Bw2'","Sand",123874,NA,5,2.0999999,NA,"10YR",5,3
517783,"Ocilla","OCILLA","Aquic Arenic Paleudults, loamy, siliceous, semiactive, thermic","Ultisols","Udults","Paleudults","Aquic Arenic Paleudults","loamy",-84.3680573,30.5010281,2273399,"FL3702601",1,0,8,"A","Fine sand",123882,NA,7.5,3.7,NA,"10YR",5,2
517783,"Ocilla","OCILLA","Aquic Arenic Paleudults, loamy, siliceous, semiactive, thermic","Ultisols","Udults","Paleudults","Aquic Arenic Paleudults","loamy",-84.3680573,30.5010281,2273400,"FL3702602",2,8,15,"Bw1","Fine sand",123883,NA,9,3.5999999,NA,"5Y",6,3
517783,"Ocilla","OCILLA","Aquic Arenic Paleudults, loamy, siliceous, semiactive, thermic","Ultisols","Udults","Paleudults","Aquic Arenic Paleudults","loamy",-84.3680573,30.5010281,2273401,"FL3702603",3,15,56,"Bw2","Loamy fine sand",123884,NA,8.8000002,4.6999998,NA,"2.5Y",6,4
517783,"Ocilla","OCILLA","Aquic Arenic Paleudults, loamy, siliceous, semiactive, thermic","Ultisols","Udults","Paleudults","Aquic Arenic Paleudults","loamy",-84.3680573,30.5010281,2273402,"FL3702604",4,56,74,"Bt1","Loamy fine sand",123885,NA,9.3000002,8.3999996,NA,"2.5Y",7,6
517783,"Ocilla","OCILLA","Aquic Arenic Paleudults, loamy, siliceous, semiactive, thermic","Ultisols","Udults","Paleudults","Aquic Arenic Paleudults","loamy",-84.3680573,30.5010281,2273403,"FL3702605",5,74,99,"Bt2","Fine sandy loam",123886,NA,17,14.6000004,NA,"10YR",5,6
517783,"Ocilla","OCILLA","Aquic Arenic Paleudults, loamy, siliceous, semiactive, thermic","Ultisols","Udults","Paleudults","Aquic Arenic Paleudults","loamy",-84.3680573,30.5010281,2273404,"FL3702606",6,99,142,"Btg1","Sandy clay loam",123887,NA,11.3000002,20.1000004,NA,"10YR",5,1
517783,"Ocilla","OCILLA","Aquic Arenic Paleudults, loamy, siliceous, semiactive, thermic","Ultisols","Udults","Paleudults","Aquic Arenic Paleudults","loamy",-84.3680573,30.5010281,2273405,"FL3702607",7,142,203,"Btg2","Sandy clay loam",123888,NA,14.1999998,30.6000004,NA,"10YR",4,4
517784,"Lynchburg","LYNCHBURG","Aeric Paleaquults, fine-loamy, siliceous, semiactive, thermic","Ultisols","Aquults","Paleaquults","Aeric Paleaquults","fine-loamy",-84.2492905,30.6127300000001,2273406,"FL3702701",1,0,18,"A","Sandy clay loam",123889,NA,12.1000004,23.1000004,NA,"10YR",3,1
517784,"Lynchburg","LYNCHBURG","Aeric Paleaquults, fine-loamy, siliceous, semiactive, thermic","Ultisols","Aquults","Paleaquults","Aeric Paleaquults","fine-loamy",-84.2492905,30.6127300000001,2273407,"FL3702702",2,18,28,"E1","Fine sandy loam",123890,NA,14.6999998,11.6999998,NA,"2.5Y",5,2
517784,"Lynchburg","LYNCHBURG","Aeric Paleaquults, fine-loamy, siliceous, semiactive, thermic","Ultisols","Aquults","Paleaquults","Aeric Paleaquults","fine-loamy",-84.2492905,30.6127300000001,2273408,"FL3702703",3,28,41,"E2","Fine sandy loam",123891,NA,10.8000002,13.6999998,NA,"2.5Y",7,4
517784,"Lynchburg","LYNCHBURG","Aeric Paleaquults, fine-loamy, siliceous, semiactive, thermic","Ultisols","Aquults","Paleaquults","Aeric Paleaquults","fine-loamy",-84.2492905,30.6127300000001,2273409,"FL3702704",4,41,53,"Bt1","Fine sandy loam",123892,NA,11.3999996,19.6000004,NA,"10YR",6,8
517784,"Lynchburg","LYNCHBURG","Aeric Paleaquults, fine-loamy, siliceous, semiactive, thermic","Ultisols","Aquults","Paleaquults","Aeric Paleaquults","fine-loamy",-84.2492905,30.6127300000001,2273410,"FL3702705",5,53,109,"Bt2","Sandy clay loam",123893,NA,11.8999996,23.2999992,NA,"10YR",5,8
517784,"Lynchburg","LYNCHBURG","Aeric Paleaquults, fine-loamy, siliceous, semiactive, thermic","Ultisols","Aquults","Paleaquults","Aeric Paleaquults","fine-loamy",-84.2492905,30.6127300000001,2273411,"FL3702706",6,109,150,"Bt3","Sandy clay loam",123894,NA,9.8999996,32.9000015,NA,"7.5YR",5,6
517784,"Lynchburg","LYNCHBURG","Aeric Paleaquults, fine-loamy, siliceous, semiactive, thermic","Ultisols","Aquults","Paleaquults","Aeric Paleaquults","fine-loamy",-84.2492905,30.6127300000001,2273412,"FL3702707",7,150,203,"Bt4","Sandy clay",123895,NA,5.8000002,43.2000008,NA,"7.5YR",5,6
517785,"Leon","LEON","Aeric Alaquods, sandy, siliceous, thermic","Spodosols","Aquods","Alaquods","Aeric Alaquods","sandy",-84.1507033999999,30.3656883,2273413,"FL3702801",1,0,15,"A","Sand",123896,NA,3.8,1,NA,"",NA,NA
517785,"Leon","LEON","Aeric Alaquods, sandy, siliceous, thermic","Spodosols","Aquods","Alaquods","Aeric Alaquods","sandy",-84.1507033999999,30.3656883,2273414,"FL3702802",2,15,33,"E","Sand",123897,NA,4.8000002,0.2,NA,"5Y",6,1
517785,"Leon","LEON","Aeric Alaquods, sandy, siliceous, thermic","Spodosols","Aquods","Alaquods","Aeric Alaquods","sandy",-84.1507033999999,30.3656883,2273415,"FL3702803",3,33,64,"Eg","Sand",123898,NA,5.5,0,NA,"5YR",6,1
517785,"Leon","LEON","Aeric Alaquods, sandy, siliceous, thermic","Spodosols","Aquods","Alaquods","Aeric Alaquods","sandy",-84.1507033999999,30.3656883,2273416,"FL3702804",4,64,74,"Bh1","Sand",123899,NA,6.6999998,0.8,NA,"5YR",2.5,1
517785,"Leon","LEON","Aeric Alaquods, sandy, siliceous, thermic","Spodosols","Aquods","Alaquods","Aeric Alaquods","sandy",-84.1507033999999,30.3656883,2273417,"FL3702805",5,74,91,"Bh2","Sand",127400,NA,6.3000002,4.3000002,NA,"2.5YR",3,4
517785,"Leon","LEON","Aeric Alaquods, sandy, siliceous, thermic","Spodosols","Aquods","Alaquods","Aeric Alaquods","sandy",-84.1507033999999,30.3656883,2273418,"FL3702806",6,91,104,"Bh3","Sand",127401,NA,5.9000001,3.5,NA,"7.5YR",3,2
517785,"Leon","LEON","Aeric Alaquods, sandy, siliceous, thermic","Spodosols","Aquods","Alaquods","Aeric Alaquods","sandy",-84.1507033999999,30.3656883,2273419,"FL3702807",7,104,127,"Bw1","Sand",127402,NA,5.0999999,3.2,NA,"10YR",4,4
517785,"Leon","LEON","Aeric Alaquods, sandy, siliceous, thermic","Spodosols","Aquods","Alaquods","Aeric Alaquods","sandy",-84.1507033999999,30.3656883,2273420,"FL3702808",8,127,203,"Bw2","Sand",127403,NA,4.5999999,1.5,NA,"10YR",3,4
517786,"Pelham","PELHAM","Arenic Paleaquults, loamy, siliceous, subactive, thermic","Ultisols","Aquults","Paleaquults","Arenic Paleaquults","loamy",-84.2168503,30.5654526000001,2273421,"FL3702901",1,0,13,"A","Fine sand",127404,NA,5.4000001,5.9000001,NA,"10YR",3,1
517786,"Pelham","PELHAM","Arenic Paleaquults, loamy, siliceous, subactive, thermic","Ultisols","Aquults","Paleaquults","Arenic Paleaquults","loamy",-84.2168503,30.5654526000001,2273422,"FL3702902",2,13,30,"Eg1","Fine sand",127405,NA,7.1999998,3.4000001,NA,"10YR",4,1
517786,"Pelham","PELHAM","Arenic Paleaquults, loamy, siliceous, subactive, thermic","Ultisols","Aquults","Paleaquults","Arenic Paleaquults","loamy",-84.2168503,30.5654526000001,2273423,"FL3702903",3,30,53,"Eg2","Fine sand",127406,NA,5.9000001,3,NA,"10YR",6,2
517786,"Pelham","PELHAM","Arenic Paleaquults, loamy, siliceous, subactive, thermic","Ultisols","Aquults","Paleaquults","Arenic Paleaquults","loamy",-84.2168503,30.5654526000001,2273424,"FL3702904",4,53,66,"Eg3","Fine sand",127407,NA,6.1999998,2.4000001,NA,"5Y",7,1
517786,"Pelham","PELHAM","Arenic Paleaquults, loamy, siliceous, subactive, thermic","Ultisols","Aquults","Paleaquults","Arenic Paleaquults","loamy",-84.2168503,30.5654526000001,2273425,"FL3702905",5,66,81,"Btg1","Sandy clay loam",127408,NA,6.6999998,26.7000008,NA,"5Y",6,1
517786,"Pelham","PELHAM","Arenic Paleaquults, loamy, siliceous, subactive, thermic","Ultisols","Aquults","Paleaquults","Arenic Paleaquults","loamy",-84.2168503,30.5654526000001,2273426,"FL3702906",6,81,137,"Btg2","Sandy clay loam",127409,NA,0,32.2000008,NA,"2.5Y",7,2
517786,"Pelham","PELHAM","Arenic Paleaquults, loamy, siliceous, subactive, thermic","Ultisols","Aquults","Paleaquults","Arenic Paleaquults","loamy",-84.2168503,30.5654526000001,2273427,"FL3702907",7,137,203,"Btg2","Sandy clay loam",127410,NA,4.1999998,28.3999996,NA,"2.5Y",7,2
517787,"Albany","ALBANY","Aquic Grossarenic Paleudults, loamy, siliceous, subactive, thermic","Ultisols","Udults","Paleudults","Grossarenic Paleudults","loamy",-84.0493850999999,30.5295277000001,2273428,"FL3703001",1,0,15,"Ap","Fine sand",127411,NA,6.0999999,2.3,NA,"10YR",4,1
517787,"Albany","ALBANY","Aquic Grossarenic Paleudults, loamy, siliceous, subactive, thermic","Ultisols","Udults","Paleudults","Grossarenic Paleudults","loamy",-84.0493850999999,30.5295277000001,2273429,"FL3703002",2,15,38,"E","Fine sand",127412,NA,7.5,2,NA,"2.5Y",5,2
517787,"Albany","ALBANY","Aquic Grossarenic Paleudults, loamy, siliceous, subactive, thermic","Ultisols","Udults","Paleudults","Grossarenic Paleudults","loamy",-84.0493850999999,30.5295277000001,2273430,"FL3703003",3,38,58,"Eg1","Fine sand",127413,NA,8.3000002,1.8,NA,"10YR",7,2
517787,"Albany","ALBANY","Aquic Grossarenic Paleudults, loamy, siliceous, subactive, thermic","Ultisols","Udults","Paleudults","Grossarenic Paleudults","loamy",-84.0493850999999,30.5295277000001,2273431,"FL3703004",4,58,76,"Eg2","Fine sand",127414,NA,8.6999998,1.4,NA,"10YR",8,2
517787,"Albany","ALBANY","Aquic Grossarenic Paleudults, loamy, siliceous, subactive, thermic","Ultisols","Udults","Paleudults","Grossarenic Paleudults","loamy",-84.0493850999999,30.5295277000001,2273432,"FL3703005",5,76,91,"Eg3","Fine sand",127415,NA,9,1.7,NA,"10YR",8,2
517787,"Albany","ALBANY","Aquic Grossarenic Paleudults, loamy, siliceous, subactive, thermic","Ultisols","Udults","Paleudults","Grossarenic Paleudults","loamy",-84.0493850999999,30.5295277000001,2273433,"FL3703006",6,91,117,"Eg4","Fine sand",127416,NA,6.8000002,2.2,NA,"10YR",8,1
517787,"Albany","ALBANY","Aquic Grossarenic Paleudults, loamy, siliceous, subactive, thermic","Ultisols","Udults","Paleudults","Grossarenic Paleudults","loamy",-84.0493850999999,30.5295277000001,2273434,"FL3703007",7,117,140,"Btg","Loamy fine sand",127417,NA,6.6999998,6.6999998,NA,"10YR",7,1
517787,"Albany","ALBANY","Aquic Grossarenic Paleudults, loamy, siliceous, subactive, thermic","Ultisols","Udults","Paleudults","Grossarenic Paleudults","loamy",-84.0493850999999,30.5295277000001,2273435,"FL3703008",8,140,173,"Bt","Fine sandy loam",127418,NA,8.6000004,13.6000004,NA,"10YR",5,8
517787,"Albany","ALBANY","Aquic Grossarenic Paleudults, loamy, siliceous, subactive, thermic","Ultisols","Udults","Paleudults","Grossarenic Paleudults","loamy",-84.0493850999999,30.5295277000001,2273436,"FL3703009",9,173,203,"Btg'","Sandy clay loam",127419,NA,5.9000001,20.1000004,NA,"5Y",7,1
948921,"Fuquay","FUQUAY","Loamy, kaolinitic, thermic Arenic Plinthic Kandiudults","Ultisols","Udults","Kandiudults","Arenic Plinthic Kandiudults","loamy",-84.0550537,30.5256615000001,4756505,"FL3702506",6,124,162,"Btv1","Sandy clay loam",123880,NA,3.8,34.2000008,NA,"10YR",5,8
948921,"Fuquay","FUQUAY","Loamy, kaolinitic, thermic Arenic Plinthic Kandiudults","Ultisols","Udults","Kandiudults","Arenic Plinthic Kandiudults","loamy",-84.0550537,30.5256615000001,4756506,"FL3702503",3,36,53,"E2","Fine sand",123877,NA,6,5.5,NA,"10YR",5,6
948921,"Fuquay","FUQUAY","Loamy, kaolinitic, thermic Arenic Plinthic Kandiudults","Ultisols","Udults","Kandiudults","Arenic Plinthic Kandiudults","loamy",-84.0550537,30.5256615000001,4756507,"FL3702504",4,53,94,"E3","Loamy fine sand",123878,NA,5.5,7.1999998,NA,"10YR",5,8
948921,"Fuquay","FUQUAY","Loamy, kaolinitic, thermic Arenic Plinthic Kandiudults","Ultisols","Udults","Kandiudults","Arenic Plinthic Kandiudults","loamy",-84.0550537,30.5256615000001,4756508,"FL3702507",7,162,203,"Btv2","Sandy clay",123881,NA,4.3000002,38.5,NA,NA,NA,NA
948921,"Fuquay","FUQUAY","Loamy, kaolinitic, thermic Arenic Plinthic Kandiudults","Ultisols","Udults","Kandiudults","Arenic Plinthic Kandiudults","loamy",-84.0550537,30.5256615000001,4756509,"FL3702501",1,0,18,"Ap","Fine sand",123875,NA,5.9000001,5.0999999,NA,"10YR",5,2
948921,"Fuquay","FUQUAY","Loamy, kaolinitic, thermic Arenic Plinthic Kandiudults","Ultisols","Udults","Kandiudults","Arenic Plinthic Kandiudults","loamy",-84.0550537,30.5256615000001,4756510,"FL3702502",2,18,36,"E1","Fine sand",123876,NA,6.5,4.8000002,NA,"10YR",5,4
948921,"Fuquay","FUQUAY","Loamy, kaolinitic, thermic Arenic Plinthic Kandiudults","Ultisols","Udults","Kandiudults","Arenic Plinthic Kandiudults","loamy",-84.0550537,30.5256615000001,4756511,"FL3702505",5,94,124,"Bt","Sandy clay loam",123879,NA,5.0999999,24.8999996,NA,"10YR",5,8
1160021,"Leefield","LEEFIELD","Loamy, siliceous, subactive, thermic Arenic Plinthaquic Paleudults","Ultisols","Udults","Paleudults","Arenic Plinthaquic Paleudults","loamy",-84.1772994999999,30.4251785000001,5719039,"FL3701703",3,48,58,"Bw2","Loamy sand",123823,NA,7.8000002,7.8000002,NA,"10YR",7,6
1160021,"Leefield","LEEFIELD","Loamy, siliceous, subactive, thermic Arenic Plinthaquic Paleudults","Ultisols","Udults","Paleudults","Arenic Plinthaquic Paleudults","loamy",-84.1772994999999,30.4251785000001,5719040,"FL3701706",6,130,229,"Bt","Sandy clay loam",123826,NA,5.4000001,26.3999996,NA,"10YR",5,6
1160021,"Leefield","LEEFIELD","Loamy, siliceous, subactive, thermic Arenic Plinthaquic Paleudults","Ultisols","Udults","Paleudults","Arenic Plinthaquic Paleudults","loamy",-84.1772994999999,30.4251785000001,5719041,"FL3701701",1,0,25,"Ap","Loamy fine sand",123821,NA,9.3000002,8.3999996,NA,"10YR",3,2
1160021,"Leefield","LEEFIELD","Loamy, siliceous, subactive, thermic Arenic Plinthaquic Paleudults","Ultisols","Udults","Paleudults","Arenic Plinthaquic Paleudults","loamy",-84.1772994999999,30.4251785000001,5719042,"FL3701704",4,58,91,"Bw3","Loamy sand",123824,NA,7.4000001,8.6999998,NA,"10YR",7,6
1160021,"Leefield","LEEFIELD","Loamy, siliceous, subactive, thermic Arenic Plinthaquic Paleudults","Ultisols","Udults","Paleudults","Arenic Plinthaquic Paleudults","loamy",-84.1772994999999,30.4251785000001,5719043,"FL3701705",5,91,130,"Btv","Sandy clay loam",123825,NA,6.3000002,24,NA,"10YR",6,4
1160021,"Leefield","LEEFIELD","Loamy, siliceous, subactive, thermic Arenic Plinthaquic Paleudults","Ultisols","Udults","Paleudults","Arenic Plinthaquic Paleudults","loamy",-84.1772994999999,30.4251785000001,5719044,"FL3701702",2,25,48,"Bw1","Loamy sand",123822,NA,8.6999998,7.9000001,NA,"10YR",5,2
517520,"Chipley","CHIPLEY","Aquic Quartzipsamments, sandy, coated, thermic","Entisols","Psamments","Quartzipsamments","Aquic Quartzipsamments","sandy",-83.1622162,30.5705605000001,2271682,"FL2400601",1,0,20,"Ap","Sand",61454,NA,6,3.5999999,NA,"10YR",3,1
517520,"Chipley","CHIPLEY","Aquic Quartzipsamments, sandy, coated, thermic","Entisols","Psamments","Quartzipsamments","Aquic Quartzipsamments","sandy",-83.1622162,30.5705605000001,2271683,"FL2400602",2,20,41,"C1","Sand",61455,NA,5.8000002,3.5999999,NA,"10YR",5,3
517520,"Chipley","CHIPLEY","Aquic Quartzipsamments, sandy, coated, thermic","Entisols","Psamments","Quartzipsamments","Aquic Quartzipsamments","sandy",-83.1622162,30.5705605000001,2271684,"FL2400603",3,41,76,"C2","Loamy sand",61456,NA,12.1000004,3.2,NA,"10YR",6,3
517520,"Chipley","CHIPLEY","Aquic Quartzipsamments, sandy, coated, thermic","Entisols","Psamments","Quartzipsamments","Aquic Quartzipsamments","sandy",-83.1622162,30.5705605000001,2271685,"FL2400604",4,76,142,"C3","Sand",61457,NA,5.5999999,4,NA,"10YR",6,3
517520,"Chipley","CHIPLEY","Aquic Quartzipsamments, sandy, coated, thermic","Entisols","Psamments","Quartzipsamments","Aquic Quartzipsamments","sandy",-83.1622162,30.5705605000001,2271686,"FL2400605",5,142,203,"C4","Sand",61458,NA,3.2,1.1,NA,"10YR",6,2
517822,"Florahome","FLORAHOME","Humic Pachic Psammentic Dystrudepts, siliceous, thermic","Inceptisols","Udepts","Dystrudepts","Humic Pachic Psammentic Dystrudepts",NA,-83.3582458,30.4903774000001,2273624,"FL4000101",1,0,28,"A1","Loamy coarse sand",134807,NA,9.1999998,3.9000001,NA,"10YR",3,1
517822,"Florahome","FLORAHOME","Humic Pachic Psammentic Dystrudepts, siliceous, thermic","Inceptisols","Udepts","Dystrudepts","Humic Pachic Psammentic Dystrudepts",NA,-83.3582458,30.4903774000001,2273625,"FL4000102",2,28,56,"A1","Loamy coarse sand",134808,NA,6,8.1999998,NA,"10YR",3,1
517822,"Florahome","FLORAHOME","Humic Pachic Psammentic Dystrudepts, siliceous, thermic","Inceptisols","Udepts","Dystrudepts","Humic Pachic Psammentic Dystrudepts",NA,-83.3582458,30.4903774000001,2273626,"FL4000103",3,56,79,"A2","Loamy sand",134809,NA,10.6000004,5.0999999,NA,"10YR",3,3
517822,"Florahome","FLORAHOME","Humic Pachic Psammentic Dystrudepts, siliceous, thermic","Inceptisols","Udepts","Dystrudepts","Humic Pachic Psammentic Dystrudepts",NA,-83.3582458,30.4903774000001,2273627,"FL4000104",4,79,147,"Bw1","Loamy sand",134810,NA,9.3000002,5.8000002,NA,"10YR",5,6
517822,"Florahome","FLORAHOME","Humic Pachic Psammentic Dystrudepts, siliceous, thermic","Inceptisols","Udepts","Dystrudepts","Humic Pachic Psammentic Dystrudepts",NA,-83.3582458,30.4903774000001,2273628,"FL4000105",5,147,193,"Bw2","Loamy sand",134811,NA,6.4000001,6.4000001,NA,"10YR",4,4
517822,"Florahome","FLORAHOME","Humic Pachic Psammentic Dystrudepts, siliceous, thermic","Inceptisols","Udepts","Dystrudepts","Humic Pachic Psammentic Dystrudepts",NA,-83.3582458,30.4903774000001,2273629,"FL4000106",6,193,203,"Bw3","Sand",134812,NA,3.5999999,7.3000002,NA,"10YR",3,3
517823,"Orangeburg","ORANGEBURG","Typic Kandiudults, fine-loamy, kaolinitic, thermic","Ultisols","Udults","Kandiudults","Typic Kandiudults","fine-loamy",-83.3789902,30.4950504,2273630,"FL4000201",1,0,15,"A","Loamy sand",134813,NA,6.5999999,10,NA,"10YR",3,2
517823,"Orangeburg","ORANGEBURG","Typic Kandiudults, fine-loamy, kaolinitic, thermic","Ultisols","Udults","Kandiudults","Typic Kandiudults","fine-loamy",-83.3789902,30.4950504,2273631,"FL4000202",2,15,38,"Bw","Loamy sand",134814,NA,9.6000004,9.8000002,NA,"7.5YR",4,3
517823,"Orangeburg","ORANGEBURG","Typic Kandiudults, fine-loamy, kaolinitic, thermic","Ultisols","Udults","Kandiudults","Typic Kandiudults","fine-loamy",-83.3789902,30.4950504,2273632,"FL4000203",3,38,66,"Bt1","Fine sandy loam",134815,NA,6,14.1999998,NA,"5YR",4,6
517823,"Orangeburg","ORANGEBURG","Typic Kandiudults, fine-loamy, kaolinitic, thermic","Ultisols","Udults","Kandiudults","Typic Kandiudults","fine-loamy",-83.3789902,30.4950504,2273633,"FL4000204",4,66,112,"Bt2","Sandy clay loam",134816,NA,4.8000002,27.3999996,NA,"5YR",4,6
517823,"Orangeburg","ORANGEBURG","Typic Kandiudults, fine-loamy, kaolinitic, thermic","Ultisols","Udults","Kandiudults","Typic Kandiudults","fine-loamy",-83.3789902,30.4950504,2273634,"FL4000205",5,112,157,"Bt2","Sandy clay loam",134817,NA,4.1999998,32.2000008,NA,"5YR",4,6
517823,"Orangeburg","ORANGEBURG","Typic Kandiudults, fine-loamy, kaolinitic, thermic","Ultisols","Udults","Kandiudults","Typic Kandiudults","fine-loamy",-83.3789902,30.4950504,2273635,"FL4000206",6,157,203,"Bt2","Sandy clay loam",134818,NA,4.9000001,30.1000004,NA,"5YR",4,6
517824,"Alaga","ALAGA","Typic Quartzipsamments, thermic, coated","Entisols","Psamments","Quartzipsamments","Typic Quartzipsamments","sandy",-83.2944107,30.5018883000001,2273636,"FL4000301",1,0,10,"Ap","Loamy sand",134819,NA,6.1999998,7.5,NA,"10YR",3,2
517824,"Alaga","ALAGA","Typic Quartzipsamments, thermic, coated","Entisols","Psamments","Quartzipsamments","Typic Quartzipsamments","sandy",-83.2944107,30.5018883000001,2273637,"FL4000302",2,10,23,"A","Loamy sand",134820,NA,9.6000004,6.1999998,NA,"10YR",3,3
517824,"Alaga","ALAGA","Typic Quartzipsamments, thermic, coated","Entisols","Psamments","Quartzipsamments","Typic Quartzipsamments","sandy",-83.2944107,30.5018883000001,2273638,"FL4000303",3,23,74,"Bw1","Loamy sand",134821,NA,8.1999998,7.3000002,NA,"7.5YR",4,4
517824,"Alaga","ALAGA","Typic Quartzipsamments, thermic, coated","Entisols","Psamments","Quartzipsamments","Typic Quartzipsamments","sandy",-83.2944107,30.5018883000001,2273639,"FL4000304",4,74,147,"Bw2","Loamy sand",134822,NA,6,7.9000001,NA,"7.5YR",5,6
517824,"Alaga","ALAGA","Typic Quartzipsamments, thermic, coated","Entisols","Psamments","Quartzipsamments","Typic Quartzipsamments","sandy",-83.2944107,30.5018883000001,2273640,"FL4000305",5,147,183,"Bw3","Sand",134823,NA,2.4000001,4.5999999,NA,"7.5YR",6,8
517824,"Alaga","ALAGA","Typic Quartzipsamments, thermic, coated","Entisols","Psamments","Quartzipsamments","Typic Quartzipsamments","sandy",-83.2944107,30.5018883000001,2273641,"FL4000306",6,183,203,"Bw4","Sand",134824,NA,2.2,5,NA,"10YR",6,6
517826,"Esto","ESTO","Typic Kandiudults, fine, kaolinitic, thermic","Ultisols","Udults","Kandiudults","Typic Kandiudults","fine",-83.4347228999999,30.6251221000001,2273649,"FL4000501",1,0,18,"Ap","Fine sandy loam",134832,NA,5,14,NA,"10YR",3,6
517826,"Esto","ESTO","Typic Kandiudults, fine, kaolinitic, thermic","Ultisols","Udults","Kandiudults","Typic Kandiudults","fine",-83.4347228999999,30.6251221000001,2273650,"FL4000502",2,18,46,"Bt1","Clay",134833,NA,8.8999996,49,NA,"5YR",5,6
517826,"Esto","ESTO","Typic Kandiudults, fine, kaolinitic, thermic","Ultisols","Udults","Kandiudults","Typic Kandiudults","fine",-83.4347228999999,30.6251221000001,2273651,"FL4000503",3,46,61,"Bt2","Clay",134834,NA,6.5999999,62.2000008,NA,"10YR",6,6
517826,"Esto","ESTO","Typic Kandiudults, fine, kaolinitic, thermic","Ultisols","Udults","Kandiudults","Typic Kandiudults","fine",-83.4347228999999,30.6251221000001,2273652,"FL4000504",4,61,79,"Bt3","Clay",134835,NA,5.9000001,67.9000015,NA,"",NA,NA
517826,"Esto","ESTO","Typic Kandiudults, fine, kaolinitic, thermic","Ultisols","Udults","Kandiudults","Typic Kandiudults","fine",-83.4347228999999,30.6251221000001,2273653,"FL4000505",5,79,112,"Bt4","Clay",134836,NA,4.9000001,70.6999969,NA,"10YR",6,6
517826,"Esto","ESTO","Typic Kandiudults, fine, kaolinitic, thermic","Ultisols","Udults","Kandiudults","Typic Kandiudults","fine",-83.4347228999999,30.6251221000001,2273654,"FL4000506",6,112,157,"Bt5","Clay",134837,NA,6.1999998,69.5999985,NA,"",NA,NA
517826,"Esto","ESTO","Typic Kandiudults, fine, kaolinitic, thermic","Ultisols","Udults","Kandiudults","Typic Kandiudults","fine",-83.4347228999999,30.6251221000001,2273655,"FL4000507",7,157,203,"Bt5","Clay",134838,NA,6.4000001,56.2000008,NA,"",NA,NA
517828,"Lucy","LUCY","Arenic Kandiudults, loamy, kaolinitic, thermic","Ultisols","Udults","Kandiudults","Arenic Kandiudults","loamy",-83.2706299,30.5058804,2273662,"FL4000701",1,0,28,"Ap","Sand",134845,NA,4.8000002,6.5,NA,"10YR",3,2
517828,"Lucy","LUCY","Arenic Kandiudults, loamy, kaolinitic, thermic","Ultisols","Udults","Kandiudults","Arenic Kandiudults","loamy",-83.2706299,30.5058804,2273663,"FL4000702",2,28,61,"Bw","Loamy sand",134846,NA,7.5,8.5,NA,"7.5YR",5,6
517828,"Lucy","LUCY","Arenic Kandiudults, loamy, kaolinitic, thermic","Ultisols","Udults","Kandiudults","Arenic Kandiudults","loamy",-83.2706299,30.5058804,2273664,"FL4000703",3,61,86,"Bt1","Fine sandy loam",134847,NA,7.5999999,18.6000004,NA,"5YR",5,6
517828,"Lucy","LUCY","Arenic Kandiudults, loamy, kaolinitic, thermic","Ultisols","Udults","Kandiudults","Arenic Kandiudults","loamy",-83.2706299,30.5058804,2273665,"FL4000704",4,86,122,"Bt2","Sandy clay loam",134848,NA,4.8000002,22.6000004,NA,"5YR",5,6
517828,"Lucy","LUCY","Arenic Kandiudults, loamy, kaolinitic, thermic","Ultisols","Udults","Kandiudults","Arenic Kandiudults","loamy",-83.2706299,30.5058804,2273666,"FL4000705",5,122,162,"Bt3","Sandy clay loam",134849,NA,4.1999998,23,NA,"5YR",5,8
517828,"Lucy","LUCY","Arenic Kandiudults, loamy, kaolinitic, thermic","Ultisols","Udults","Kandiudults","Arenic Kandiudults","loamy",-83.2706299,30.5058804,2273667,"FL4000706",6,162,203,"Bt3","Sandy clay loam",134850,NA,3.4000001,31,NA,"5YR",5,8
517829,"Stockade","STOCKADE","Umbric Endoaqualfs, fine-loamy, siliceous, superactive, thermic","Alfisols","Aqualfs","Endoaqualfs","Umbric Endoaqualfs","fine-loamy",-83.2996979,30.5252075000001,2273668,"FL4000801",1,0,23,"Ap","Loamy fine sand",134851,NA,7,5.5,NA,"10YR",3,1
517829,"Stockade","STOCKADE","Umbric Endoaqualfs, fine-loamy, siliceous, superactive, thermic","Alfisols","Aqualfs","Endoaqualfs","Umbric Endoaqualfs","fine-loamy",-83.2996979,30.5252075000001,2273669,"FL4000802",2,23,30,"Eg","Loamy fine sand",134852,NA,6.4000001,5.8000002,NA,"10YR",5,2
517829,"Stockade","STOCKADE","Umbric Endoaqualfs, fine-loamy, siliceous, superactive, thermic","Alfisols","Aqualfs","Endoaqualfs","Umbric Endoaqualfs","fine-loamy",-83.2996979,30.5252075000001,2273670,"FL4000803",3,30,53,"Btg1","Sandy clay loam",134853,NA,7.3000002,31.1000004,NA,"10YR",5,1
517829,"Stockade","STOCKADE","Umbric Endoaqualfs, fine-loamy, siliceous, superactive, thermic","Alfisols","Aqualfs","Endoaqualfs","Umbric Endoaqualfs","fine-loamy",-83.2996979,30.5252075000001,2273671,"FL4000804",4,53,79,"Btg2","Sandy clay loam",134854,NA,6.9000001,34.0999985,NA,"10YR",5,1
517829,"Stockade","STOCKADE","Umbric Endoaqualfs, fine-loamy, siliceous, superactive, thermic","Alfisols","Aqualfs","Endoaqualfs","Umbric Endoaqualfs","fine-loamy",-83.2996979,30.5252075000001,2273672,"FL4000805",5,79,96,"Btg3","Sandy clay loam",134855,NA,6.5,25.8999996,NA,"10YR",7,1
517829,"Stockade","STOCKADE","Umbric Endoaqualfs, fine-loamy, siliceous, superactive, thermic","Alfisols","Aqualfs","Endoaqualfs","Umbric Endoaqualfs","fine-loamy",-83.2996979,30.5252075000001,2273673,"FL4000806",6,96,155,"Btg4","Sandy clay loam",134856,NA,6.5,28.7000008,NA,"5Y",7,2
517829,"Stockade","STOCKADE","Umbric Endoaqualfs, fine-loamy, siliceous, superactive, thermic","Alfisols","Aqualfs","Endoaqualfs","Umbric Endoaqualfs","fine-loamy",-83.2996979,30.5252075000001,2273674,"FL4000807",7,155,188,"Btg5","Sandy clay loam",134857,NA,6.8000002,28.7999992,NA,"5Y",7,2
517829,"Stockade","STOCKADE","Umbric Endoaqualfs, fine-loamy, siliceous, superactive, thermic","Alfisols","Aqualfs","Endoaqualfs","Umbric Endoaqualfs","fine-loamy",-83.2996979,30.5252075000001,2273675,"FL4000808",8,188,203,"Btg6","Sandy clay loam",134858,NA,7.1999998,28.2000008,NA,"5Y",7,2
517830,"Blanton","BLANTON","Grossarenic Paleudults, loamy, siliceous, semiactive, thermic","Ultisols","Udults","Paleudults","Grossarenic Paleudults","loamy",-83.325058,30.5288525,2273676,"FL4000901",1,0,20,"Ap","Sand",134859,NA,4.9000001,3.4000001,NA,"10YR",4,2
517830,"Blanton","BLANTON","Grossarenic Paleudults, loamy, siliceous, semiactive, thermic","Ultisols","Udults","Paleudults","Grossarenic Paleudults","loamy",-83.325058,30.5288525,2273677,"FL4000902",2,20,58,"Bw1","Sand",134860,NA,6.4000001,3.8,NA,"10YR",5,3
517830,"Blanton","BLANTON","Grossarenic Paleudults, loamy, siliceous, semiactive, thermic","Ultisols","Udults","Paleudults","Grossarenic Paleudults","loamy",-83.325058,30.5288525,2273678,"FL4000903",3,58,86,"Bw2","Sand",134861,NA,5.6999998,4.3000002,NA,"10YR",6,4
517830,"Blanton","BLANTON","Grossarenic Paleudults, loamy, siliceous, semiactive, thermic","Ultisols","Udults","Paleudults","Grossarenic Paleudults","loamy",-83.325058,30.5288525,2273679,"FL4000904",4,86,112,"Bw3","Sand",134862,NA,7.1999998,4.4000001,NA,"10YR",6,3
517830,"Blanton","BLANTON","Grossarenic Paleudults, loamy, siliceous, semiactive, thermic","Ultisols","Udults","Paleudults","Grossarenic Paleudults","loamy",-83.325058,30.5288525,2273680,"FL4000905",5,112,157,"Bt1","Fine sandy loam",134863,NA,5.5,14.6999998,NA,"10YR",5,4
517830,"Blanton","BLANTON","Grossarenic Paleudults, loamy, siliceous, semiactive, thermic","Ultisols","Udults","Paleudults","Grossarenic Paleudults","loamy",-83.325058,30.5288525,2273681,"FL4000906",6,157,185,"Bt2","Loamy sand",134864,NA,4.6999998,9.8999996,NA,"10YR",5,3
517830,"Blanton","BLANTON","Grossarenic Paleudults, loamy, siliceous, semiactive, thermic","Ultisols","Udults","Paleudults","Grossarenic Paleudults","loamy",-83.325058,30.5288525,2273682,"FL4000907",7,185,203,"Bw","Loamy sand",134865,NA,5.1999998,8,NA,"10YR",6,3
517832,"Troup","TROUP","Grossarenic Kandiudults, loamy, kaolinitic, thermic","Ultisols","Udults","Kandiudults","Grossarenic Kandiudults","loamy",-83.3007736,30.5159531,2273688,"FL4001101",1,0,20,"Ap","Sand",134871,NA,5.4000001,2.5999999,NA,"10YR",4,2
517832,"Troup","TROUP","Grossarenic Kandiudults, loamy, kaolinitic, thermic","Ultisols","Udults","Kandiudults","Grossarenic Kandiudults","loamy",-83.3007736,30.5159531,2273689,"FL4001102",2,20,46,"Bw1","Sand",134872,NA,5.5999999,2.5999999,NA,"10YR",4,4
517832,"Troup","TROUP","Grossarenic Kandiudults, loamy, kaolinitic, thermic","Ultisols","Udults","Kandiudults","Grossarenic Kandiudults","loamy",-83.3007736,30.5159531,2273690,"FL4001103",3,46,89,"Bw2","Sand",134873,NA,4.5,3.0999999,NA,"10YR",5,6
517832,"Troup","TROUP","Grossarenic Kandiudults, loamy, kaolinitic, thermic","Ultisols","Udults","Kandiudults","Grossarenic Kandiudults","loamy",-83.3007736,30.5159531,2273691,"FL4001104",4,89,135,"Bw3","Sand",134874,NA,4.0999999,3,NA,"10YR",5,8
517832,"Troup","TROUP","Grossarenic Kandiudults, loamy, kaolinitic, thermic","Ultisols","Udults","Kandiudults","Grossarenic Kandiudults","loamy",-83.3007736,30.5159531,2273692,"FL4001105",5,135,173,"Bw3","Sand",134875,NA,2.5999999,2.5999999,NA,"10YR",5,8
517832,"Troup","TROUP","Grossarenic Kandiudults, loamy, kaolinitic, thermic","Ultisols","Udults","Kandiudults","Grossarenic Kandiudults","loamy",-83.3007736,30.5159531,2273693,"FL4001106",6,173,188,"Bt1","Loamy sand",134876,NA,3.0999999,10.8999996,NA,"7.5YR",5,8
517832,"Troup","TROUP","Grossarenic Kandiudults, loamy, kaolinitic, thermic","Ultisols","Udults","Kandiudults","Grossarenic Kandiudults","loamy",-83.3007736,30.5159531,2273694,"FL4001107",7,188,203,"Bt2","Sandy clay loam",134877,NA,3.5999999,23.3999996,NA,"7.5YR",5,8
517833,"Albany","ALBANY","Aquic Grossarenic Paleudults, loamy, siliceous, subactive, thermic","Ultisols","Udults","Paleudults","Grossarenic Paleudults","loamy",-83.4164124,30.4964619,2273695,"FL4001201",1,0,25,"Ap","Sand",134878,NA,6.3000002,2.4000001,NA,"10YR",3,2
517833,"Albany","ALBANY","Aquic Grossarenic Paleudults, loamy, siliceous, subactive, thermic","Ultisols","Udults","Paleudults","Grossarenic Paleudults","loamy",-83.4164124,30.4964619,2273696,"FL4001202",2,25,66,"Bw1","Sand",134879,NA,7,2.9000001,NA,"10YR",5,2
517833,"Albany","ALBANY","Aquic Grossarenic Paleudults, loamy, siliceous, subactive, thermic","Ultisols","Udults","Paleudults","Grossarenic Paleudults","loamy",-83.4164124,30.4964619,2273697,"FL4001203",3,66,94,"Bw2","Sand",134880,NA,6.3000002,3.3,NA,"10YR",7,3
517833,"Albany","ALBANY","Aquic Grossarenic Paleudults, loamy, siliceous, subactive, thermic","Ultisols","Udults","Paleudults","Grossarenic Paleudults","loamy",-83.4164124,30.4964619,2273698,"FL4001204",4,94,127,"Eg","Sand",134881,NA,5.5,3,NA,"10YR",7,2
517833,"Albany","ALBANY","Aquic Grossarenic Paleudults, loamy, siliceous, subactive, thermic","Ultisols","Udults","Paleudults","Grossarenic Paleudults","loamy",-83.4164124,30.4964619,2273699,"FL4001205",5,127,145,"Bt","Fine sandy loam",134882,NA,5.3000002,15.8999996,NA,"10YR",6,3
517833,"Albany","ALBANY","Aquic Grossarenic Paleudults, loamy, siliceous, subactive, thermic","Ultisols","Udults","Paleudults","Grossarenic Paleudults","loamy",-83.4164124,30.4964619,2273700,"FL4001206",6,145,175,"Btg1","Sandy clay",134883,NA,4.8000002,37.4000015,NA,"10YR",7,1
517833,"Albany","ALBANY","Aquic Grossarenic Paleudults, loamy, siliceous, subactive, thermic","Ultisols","Udults","Paleudults","Grossarenic Paleudults","loamy",-83.4164124,30.4964619,2273701,"FL4001207",7,175,203,"Btg2","Sandy clay loam",134884,NA,4.5999999,30.8999996,NA,"10YR",7,2
517834,"Orangeburg","ORANGEBURG","Typic Kandiudults, fine-loamy, kaolinitic, thermic","Ultisols","Udults","Kandiudults","Typic Kandiudults","fine-loamy",-83.5321198,30.6222496,2273702,"FL4001301",1,0,5,"Ap1","Loamy fine sand",134885,NA,6.3000002,7.3000002,NA,"",NA,NA
517834,"Orangeburg","ORANGEBURG","Typic Kandiudults, fine-loamy, kaolinitic, thermic","Ultisols","Udults","Kandiudults","Typic Kandiudults","fine-loamy",-83.5321198,30.6222496,2273703,"FL4001302",2,5,20,"Ap2","Loamy fine sand",134886,NA,9.5,6.6999998,NA,"10YR",3,3
517834,"Orangeburg","ORANGEBURG","Typic Kandiudults, fine-loamy, kaolinitic, thermic","Ultisols","Udults","Kandiudults","Typic Kandiudults","fine-loamy",-83.5321198,30.6222496,2273704,"FL4001303",3,20,30,"Bt1","Fine sandy loam",134887,NA,9.8999996,12.6999998,NA,"5YR",4,6
517834,"Orangeburg","ORANGEBURG","Typic Kandiudults, fine-loamy, kaolinitic, thermic","Ultisols","Udults","Kandiudults","Typic Kandiudults","fine-loamy",-83.5321198,30.6222496,2273705,"FL4001304",4,30,71,"Bt2","Sandy clay loam",134888,NA,6.5,33.2999992,NA,"2.5YR",4,6
517834,"Orangeburg","ORANGEBURG","Typic Kandiudults, fine-loamy, kaolinitic, thermic","Ultisols","Udults","Kandiudults","Typic Kandiudults","fine-loamy",-83.5321198,30.6222496,2273706,"FL4001305",5,71,102,"Bt3","Sandy clay",134889,NA,6.3000002,41.0999985,NA,"2.5YR",4,6
517834,"Orangeburg","ORANGEBURG","Typic Kandiudults, fine-loamy, kaolinitic, thermic","Ultisols","Udults","Kandiudults","Typic Kandiudults","fine-loamy",-83.5321198,30.6222496,2273707,"FL4001306",6,102,129,"Bt4","Sandy clay",134890,NA,8.3999996,43,NA,"2.5YR",4,8
517834,"Orangeburg","ORANGEBURG","Typic Kandiudults, fine-loamy, kaolinitic, thermic","Ultisols","Udults","Kandiudults","Typic Kandiudults","fine-loamy",-83.5321198,30.6222496,2273708,"FL4001307",7,129,162,"Bt5","Sandy clay",134891,NA,1.1,43.0999985,NA,"",NA,NA
517834,"Orangeburg","ORANGEBURG","Typic Kandiudults, fine-loamy, kaolinitic, thermic","Ultisols","Udults","Kandiudults","Typic Kandiudults","fine-loamy",-83.5321198,30.6222496,2273709,"FL4001308",8,162,203,"BC","Sandy clay loam",134892,NA,8.3000002,29.1000004,NA,"2.5YR",4,6
517835,"Esto","ESTO","Typic Kandiudults, fine, kaolinitic, thermic","Ultisols","Udults","Kandiudults","Typic Kandiudults","fine",-83.4513855,30.6171646,2273710,"FL4001401",1,0,5,"Ap","Fine sandy loam",134893,NA,9.6999998,15.3999996,NA,"",NA,NA
517835,"Esto","ESTO","Typic Kandiudults, fine, kaolinitic, thermic","Ultisols","Udults","Kandiudults","Typic Kandiudults","fine",-83.4513855,30.6171646,2273711,"FL4001402",2,5,20,"Bt1","Sandy clay loam",134894,NA,11.8000002,32,NA,"",NA,NA
517835,"Esto","ESTO","Typic Kandiudults, fine, kaolinitic, thermic","Ultisols","Udults","Kandiudults","Typic Kandiudults","fine",-83.4513855,30.6171646,2273712,"FL4001403",3,20,41,"Bt2","Clay",134895,NA,9,47.7999992,NA,"",NA,NA
517835,"Esto","ESTO","Typic Kandiudults, fine, kaolinitic, thermic","Ultisols","Udults","Kandiudults","Typic Kandiudults","fine",-83.4513855,30.6171646,2273713,"FL4001404",4,41,71,"Bt3","Clay",134896,NA,7,61.5999985,NA,"",NA,NA
517835,"Esto","ESTO","Typic Kandiudults, fine, kaolinitic, thermic","Ultisols","Udults","Kandiudults","Typic Kandiudults","fine",-83.4513855,30.6171646,2273714,"FL4001405",5,71,104,"Bt4","Clay",134897,NA,6.6999998,56.2999992,NA,"",NA,NA
517835,"Esto","ESTO","Typic Kandiudults, fine, kaolinitic, thermic","Ultisols","Udults","Kandiudults","Typic Kandiudults","fine",-83.4513855,30.6171646,2273715,"FL4001406",6,104,147,"Bt5","Clay",134898,NA,5.5999999,60.5999985,NA,"",NA,NA
517835,"Esto","ESTO","Typic Kandiudults, fine, kaolinitic, thermic","Ultisols","Udults","Kandiudults","Typic Kandiudults","fine",-83.4513855,30.6171646,2273716,"FL4001407",7,147,193,"Bt6","Clay",134899,NA,4.5,61.7000008,NA,"",NA,NA
517835,"Esto","ESTO","Typic Kandiudults, fine, kaolinitic, thermic","Ultisols","Udults","Kandiudults","Typic Kandiudults","fine",-83.4513855,30.6171646,2273717,"FL4001408",8,193,203,"C","Clay",138400,NA,5.1999998,64.8000031,NA,"",NA,NA
517836,"Fort Meade","FORT MEADE","Humic Psammentic Dystrudepts, siliceous, thermic","Inceptisols","Udepts","Dystrudepts","Humic Psammentic Dystrudepts",NA,-83.3644409,30.4911308000001,2273718,"FL4001501",1,0,20,"Ap","Loamy sand",138401,NA,5.0999999,8.6999998,NA,"",NA,NA
517836,"Fort Meade","FORT MEADE","Humic Psammentic Dystrudepts, siliceous, thermic","Inceptisols","Udepts","Dystrudepts","Humic Psammentic Dystrudepts",NA,-83.3644409,30.4911308000001,2273719,"FL4001502",2,20,33,"A","Loamy sand",138402,NA,6.1999998,10.5,NA,"",NA,NA
517836,"Fort Meade","FORT MEADE","Humic Psammentic Dystrudepts, siliceous, thermic","Inceptisols","Udepts","Dystrudepts","Humic Psammentic Dystrudepts",NA,-83.3644409,30.4911308000001,2273720,"FL4001503",3,33,48,"Bw1","Loamy sand",138403,NA,4.8000002,8.3999996,NA,"",NA,NA
517836,"Fort Meade","FORT MEADE","Humic Psammentic Dystrudepts, siliceous, thermic","Inceptisols","Udepts","Dystrudepts","Humic Psammentic Dystrudepts",NA,-83.3644409,30.4911308000001,2273721,"FL4001504",4,48,96,"Ab","Loamy sand",138404,NA,8.1000004,7.5,NA,"",NA,NA
517836,"Fort Meade","FORT MEADE","Humic Psammentic Dystrudepts, siliceous, thermic","Inceptisols","Udepts","Dystrudepts","Humic Psammentic Dystrudepts",NA,-83.3644409,30.4911308000001,2273722,"FL4001505",5,96,127,"Bwb1","Loamy sand",138405,NA,8.5,6.5999999,NA,"7.5YR",4,4
517836,"Fort Meade","FORT MEADE","Humic Psammentic Dystrudepts, siliceous, thermic","Inceptisols","Udepts","Dystrudepts","Humic Psammentic Dystrudepts",NA,-83.3644409,30.4911308000001,2273723,"FL4001506",6,127,170,"Bwb2","Loamy sand",138406,NA,8.1999998,5.3000002,NA,"",NA,NA
517836,"Fort Meade","FORT MEADE","Humic Psammentic Dystrudepts, siliceous, thermic","Inceptisols","Udepts","Dystrudepts","Humic Psammentic Dystrudepts",NA,-83.3644409,30.4911308000001,2273724,"FL4001507",7,170,213,"Bwb3","Sand",138407,NA,6.6999998,4.5,NA,"7.5YR",6,8
517836,"Fort Meade","FORT MEADE","Humic Psammentic Dystrudepts, siliceous, thermic","Inceptisols","Udepts","Dystrudepts","Humic Psammentic Dystrudepts",NA,-83.3644409,30.4911308000001,2273725,"FL4001508",8,213,231,"2Bt1","Fine sandy loam",138408,NA,7.5,12.6000004,NA,"10YR",6,6
517836,"Fort Meade","FORT MEADE","Humic Psammentic Dystrudepts, siliceous, thermic","Inceptisols","Udepts","Dystrudepts","Humic Psammentic Dystrudepts",NA,-83.3644409,30.4911308000001,2273726,"FL4001509",9,231,246,"2Bt2","Sandy clay loam",138409,NA,6.8000002,21.7999992,NA,NA,NA,NA
517836,"Fort Meade","FORT MEADE","Humic Psammentic Dystrudepts, siliceous, thermic","Inceptisols","Udepts","Dystrudepts","Humic Psammentic Dystrudepts",NA,-83.3644409,30.4911308000001,2273727,"FL4001510",10,246,305,"2Bt3","Sandy clay loam",138410,NA,5.5999999,31.6000004,NA,NA,NA,NA
517839,"Plummer","PLUMMER","GROSSARENIC PALEAQUULTS, LOAMY, SILICEOUS, SUBACTIVE, THERMIC","Ultisols","Aquults","Paleaquults","Grossarenic Paleaquults","loamy",-83.4401703,30.4017258000001,2273744,"FL4001801",1,0,18,"Ap","Sand",138427,NA,6.4000001,4.1999998,NA,"10YR",3,1
517839,"Plummer","PLUMMER","GROSSARENIC PALEAQUULTS, LOAMY, SILICEOUS, SUBACTIVE, THERMIC","Ultisols","Aquults","Paleaquults","Grossarenic Paleaquults","loamy",-83.4401703,30.4017258000001,2273745,"FL4001802",2,18,36,"Eg","Sand",138428,NA,7.9000001,3,NA,"10YR",4,2
517839,"Plummer","PLUMMER","GROSSARENIC PALEAQUULTS, LOAMY, SILICEOUS, SUBACTIVE, THERMIC","Ultisols","Aquults","Paleaquults","Grossarenic Paleaquults","loamy",-83.4401703,30.4017258000001,2273746,"FL4001803",3,36,56,"Bw","Sand",138429,NA,6.9000001,2.8,NA,"10YR",6,3
517839,"Plummer","PLUMMER","GROSSARENIC PALEAQUULTS, LOAMY, SILICEOUS, SUBACTIVE, THERMIC","Ultisols","Aquults","Paleaquults","Grossarenic Paleaquults","loamy",-83.4401703,30.4017258000001,2273747,"FL4001804",4,56,109,"Eg1","Sand",138430,NA,6.4000001,2.2,NA,"10YR",7,2
517839,"Plummer","PLUMMER","GROSSARENIC PALEAQUULTS, LOAMY, SILICEOUS, SUBACTIVE, THERMIC","Ultisols","Aquults","Paleaquults","Grossarenic Paleaquults","loamy",-83.4401703,30.4017258000001,2273748,"FL4001805",5,109,132,"Eg2","Sand",138431,NA,5.9000001,1.8,NA,"10YR",8,2
517839,"Plummer","PLUMMER","GROSSARENIC PALEAQUULTS, LOAMY, SILICEOUS, SUBACTIVE, THERMIC","Ultisols","Aquults","Paleaquults","Grossarenic Paleaquults","loamy",-83.4401703,30.4017258000001,2273749,"FL4001806",6,132,145,"Btg1","Loamy sand",138432,NA,5.5,8.8000002,NA,"10YR",7,2
517839,"Plummer","PLUMMER","GROSSARENIC PALEAQUULTS, LOAMY, SILICEOUS, SUBACTIVE, THERMIC","Ultisols","Aquults","Paleaquults","Grossarenic Paleaquults","loamy",-83.4401703,30.4017258000001,2273750,"FL4001807",7,145,160,"Btg2","Fine sandy loam",138433,NA,5.4000001,19.5,NA,"10YR",6,2
517839,"Plummer","PLUMMER","GROSSARENIC PALEAQUULTS, LOAMY, SILICEOUS, SUBACTIVE, THERMIC","Ultisols","Aquults","Paleaquults","Grossarenic Paleaquults","loamy",-83.4401703,30.4017258000001,2273751,"FL4001808",8,160,203,"Btg3","Fine sandy loam",138434,NA,4.9000001,18.5,NA,"10YR",6,2
517842,"Surrency","SURRENCY","UMBRIC PALEAQUULTS, LOAMY, SILICEOUS, SEMIACTIVE, THERMIC","Ultisols","Aquults","Paleaquults","Umbric Paleaquults","loamy",-83.4387283,30.4015617000001,2273768,"FL4002101",1,0,5,"A1","",138451,NA,NA,NA,NA,"",NA,NA
517842,"Surrency","SURRENCY","UMBRIC PALEAQUULTS, LOAMY, SILICEOUS, SEMIACTIVE, THERMIC","Ultisols","Aquults","Paleaquults","Umbric Paleaquults","loamy",-83.4387283,30.4015617000001,2273769,"FL4002102",2,5,20,"A2","Fine sandy loam",138452,NA,13.6999998,14.3999996,NA,"10YR",2,1
517842,"Surrency","SURRENCY","UMBRIC PALEAQUULTS, LOAMY, SILICEOUS, SEMIACTIVE, THERMIC","Ultisols","Aquults","Paleaquults","Umbric Paleaquults","loamy",-83.4387283,30.4015617000001,2273770,"FL4002103",3,20,43,"A3","Loamy sand",138453,NA,9.5,4.6999998,NA,"10YR",3,1
517842,"Surrency","SURRENCY","UMBRIC PALEAQUULTS, LOAMY, SILICEOUS, SEMIACTIVE, THERMIC","Ultisols","Aquults","Paleaquults","Umbric Paleaquults","loamy",-83.4387283,30.4015617000001,2273771,"FL4002104",4,43,61,"Eg1","Sand",138454,NA,8.1000004,3.8,NA,"10YR",4,2
517842,"Surrency","SURRENCY","UMBRIC PALEAQUULTS, LOAMY, SILICEOUS, SEMIACTIVE, THERMIC","Ultisols","Aquults","Paleaquults","Umbric Paleaquults","loamy",-83.4387283,30.4015617000001,2273772,"FL4002105",5,61,99,"Eg2","Sand",138455,NA,7.4000001,3.4000001,NA,"10YR",7,2
517842,"Surrency","SURRENCY","UMBRIC PALEAQUULTS, LOAMY, SILICEOUS, SEMIACTIVE, THERMIC","Ultisols","Aquults","Paleaquults","Umbric Paleaquults","loamy",-83.4387283,30.4015617000001,2273773,"FL4002106",6,99,140,"Btg1","Fine sandy loam",138456,NA,5.6999998,14.3000002,NA,"10YR",6,1
517842,"Surrency","SURRENCY","UMBRIC PALEAQUULTS, LOAMY, SILICEOUS, SEMIACTIVE, THERMIC","Ultisols","Aquults","Paleaquults","Umbric Paleaquults","loamy",-83.4387283,30.4015617000001,2273774,"FL4002107",7,140,208,"Btg2","Loamy sand",138457,NA,5,10.8000002,NA,"10YR",6,2
517843,"Fuquay","FUQUAY","Arenic Plinthic Kandiudults, loamy, kaolinitic, thermic","Ultisols","Udults","Paleudults","Arenic Plinthic Kandiudults","loamy",-83.4347686999999,30.4766369000001,2273775,"FL4002201",1,0,15,"Ap","Sand",138458,NA,5.1999998,4.1999998,NA,"10YR",5,3
517843,"Fuquay","FUQUAY","Arenic Plinthic Kandiudults, loamy, kaolinitic, thermic","Ultisols","Udults","Paleudults","Arenic Plinthic Kandiudults","loamy",-83.4347686999999,30.4766369000001,2273776,"FL4002202",2,15,76,"Bw","Sand",138459,NA,6.5999999,5.0999999,NA,"10YR",6,6
517843,"Fuquay","FUQUAY","Arenic Plinthic Kandiudults, loamy, kaolinitic, thermic","Ultisols","Udults","Paleudults","Arenic Plinthic Kandiudults","loamy",-83.4347686999999,30.4766369000001,2273777,"FL4002203",3,76,89,"Bt1","Loamy sand",138460,NA,6.1999998,10.1000004,NA,"10YR",5,8
517843,"Fuquay","FUQUAY","Arenic Plinthic Kandiudults, loamy, kaolinitic, thermic","Ultisols","Udults","Paleudults","Arenic Plinthic Kandiudults","loamy",-83.4347686999999,30.4766369000001,2273778,"FL4002204",4,89,104,"Bt2","Fine sandy loam",138461,NA,6.1999998,17.8999996,NA,"10YR",5,8
517843,"Fuquay","FUQUAY","Arenic Plinthic Kandiudults, loamy, kaolinitic, thermic","Ultisols","Udults","Paleudults","Arenic Plinthic Kandiudults","loamy",-83.4347686999999,30.4766369000001,2273779,"FL4002205",5,104,137,"Btv1","Sandy clay loam",138462,NA,5.4000001,30,NA,"",NA,NA
517843,"Fuquay","FUQUAY","Arenic Plinthic Kandiudults, loamy, kaolinitic, thermic","Ultisols","Udults","Paleudults","Arenic Plinthic Kandiudults","loamy",-83.4347686999999,30.4766369000001,2273780,"FL4002206",6,137,203,"Btv2","Sandy clay",138463,NA,7.4000001,39.0999985,NA,"N",5,NA
518279,"Moriah","MORIAH","Aquic Arenic Hapludalfs, loamy, siliceous, superactive, thermic","Inceptisols","Ochrepts","Eutrochrepts","Aquic Arenic Hapludalfs","loamy",-84.1559219,30.2368393,2276653,"FL6500401",1,0,20,"Ap","Fine sand",253759,NA,4.0999999,1,NA,"10YR",6,1
518279,"Moriah","MORIAH","Aquic Arenic Hapludalfs, loamy, siliceous, superactive, thermic","Inceptisols","Ochrepts","Eutrochrepts","Aquic Arenic Hapludalfs","loamy",-84.1559219,30.2368393,2276654,"FL6500402",2,20,33,"Bw","Fine sand",253760,NA,4,2.2,NA,"10YR",5,8
518279,"Moriah","MORIAH","Aquic Arenic Hapludalfs, loamy, siliceous, superactive, thermic","Inceptisols","Ochrepts","Eutrochrepts","Aquic Arenic Hapludalfs","loamy",-84.1559219,30.2368393,2276655,"FL6500403",3,33,64,"E","Fine sand",253761,NA,3.9000001,1,NA,"10YR",8,2
518279,"Moriah","MORIAH","Aquic Arenic Hapludalfs, loamy, siliceous, superactive, thermic","Inceptisols","Ochrepts","Eutrochrepts","Aquic Arenic Hapludalfs","loamy",-84.1559219,30.2368393,2276656,"FL6500404",4,64,127,"Bt","Fine sandy loam",253762,NA,4.5,15.6000004,NA,"10YR",7,6
518280,"Pilgrims","PILGRIMS","Albaquic Hapludalfs, fine, smectitic, superactive, thermic","Alfisols","Udalfs","Hapludalfs","Albaquic Hapludalfs","fine",-84.195137,30.2379494,2276658,"FL6500501",1,0,15,"Ap","Fine sand",253764,NA,5.5999999,1.9,NA,"10YR",4,2
518280,"Pilgrims","PILGRIMS","Albaquic Hapludalfs, fine, smectitic, superactive, thermic","Alfisols","Udalfs","Hapludalfs","Albaquic Hapludalfs","fine",-84.195137,30.2379494,2276659,"FL6500502",2,15,23,"Bw","Fine sand",253765,NA,4.9000001,2.4000001,NA,"10YR",6,3
518280,"Pilgrims","PILGRIMS","Albaquic Hapludalfs, fine, smectitic, superactive, thermic","Alfisols","Udalfs","Hapludalfs","Albaquic Hapludalfs","fine",-84.195137,30.2379494,2276660,"FL6500503",3,23,61,"Bt","Sandy clay",253766,NA,10.1999998,39,NA,"10YR",6,4
518281,"Nutall","NUTALL","Typic Albaqualfs, fine-loamy, siliceous, superactive, thermic","Alfisols","Aqualfs","Albaqualfs","Typic Albaqualfs","fine-loamy",-84.1794204999999,30.2358074000001,2276662,"FL6500601",1,0,13,"Ap","Fine sand",253768,NA,5.9000001,5.6999998,NA,"10YR",3,1
518281,"Nutall","NUTALL","Typic Albaqualfs, fine-loamy, siliceous, superactive, thermic","Alfisols","Aqualfs","Albaqualfs","Typic Albaqualfs","fine-loamy",-84.1794204999999,30.2358074000001,2276663,"FL6500602",2,13,25,"Eg","Fine sand",253769,NA,6,2.2,NA,"10YR",5,1
518281,"Nutall","NUTALL","Typic Albaqualfs, fine-loamy, siliceous, superactive, thermic","Alfisols","Aqualfs","Albaqualfs","Typic Albaqualfs","fine-loamy",-84.1794204999999,30.2358074000001,2276664,"FL6500603",3,25,51,"Bt","Sandy clay loam",253770,NA,9.8999996,28.5,NA,"",NA,NA
518281,"Nutall","NUTALL","Typic Albaqualfs, fine-loamy, siliceous, superactive, thermic","Alfisols","Aqualfs","Albaqualfs","Typic Albaqualfs","fine-loamy",-84.1794204999999,30.2358074000001,2276665,"FL6500604",4,51,94,"Btg","Sandy clay loam",253771,NA,12,26,NA,"",NA,NA
518282,"Fox","FOX","Typic Quartzipsamments, thermic, coated","Entisols","Psamments","Quartzipsamments","Typic Quartzipsamments","fine-loamy over sandy or sandy-skeletal",-84.1919632,30.2429218,2276667,"FL6500701",1,0,18,"Ap","Fine sand",253773,NA,2.5,1.3,NA,"10YR",6,2
518282,"Fox","FOX","Typic Quartzipsamments, thermic, coated","Entisols","Psamments","Quartzipsamments","Typic Quartzipsamments","fine-loamy over sandy or sandy-skeletal",-84.1919632,30.2429218,2276668,"FL6500702",2,18,58,"Bw1","Fine sand",253774,NA,3.4000001,1.3,NA,"10YR",6,3
518282,"Fox","FOX","Typic Quartzipsamments, thermic, coated","Entisols","Psamments","Quartzipsamments","Typic Quartzipsamments","fine-loamy over sandy or sandy-skeletal",-84.1919632,30.2429218,2276669,"FL6500703",3,58,89,"Bw2","Fine sand",253775,NA,2.5999999,1.3,NA,"10YR",7,4
518282,"Fox","FOX","Typic Quartzipsamments, thermic, coated","Entisols","Psamments","Quartzipsamments","Typic Quartzipsamments","fine-loamy over sandy or sandy-skeletal",-84.1919632,30.2429218,2276670,"FL6500704",4,89,135,"Bw3","Fine sand",253776,NA,3,0.9,NA,"10YR",7,4
518282,"Fox","FOX","Typic Quartzipsamments, thermic, coated","Entisols","Psamments","Quartzipsamments","Typic Quartzipsamments","fine-loamy over sandy or sandy-skeletal",-84.1919632,30.2429218,2276671,"FL6500705",5,135,203,"Eg","Fine sand",253777,NA,2.3,0.8,NA,"10YR",8,1
518288,"Lutterloh","LUTTERLOH","Grossarenic Paleudalfs, loamy, siliceous, subactive, thermic","Alfisols","Udalfs","Paleudalfs","Grossarenic Paleudalfs","loamy",-84.1682968,30.2667141000001,2276697,"FL6501301",1,0,18,"Ap","Fine sand",253803,NA,3.3,1,NA,"10YR",6,1
518288,"Lutterloh","LUTTERLOH","Grossarenic Paleudalfs, loamy, siliceous, subactive, thermic","Alfisols","Udalfs","Paleudalfs","Grossarenic Paleudalfs","loamy",-84.1682968,30.2667141000001,2276698,"FL6501302",2,18,56,"E","Fine sand",253804,NA,4.0999999,0.9,NA,"10YR",7,2
518288,"Lutterloh","LUTTERLOH","Grossarenic Paleudalfs, loamy, siliceous, subactive, thermic","Alfisols","Udalfs","Paleudalfs","Grossarenic Paleudalfs","loamy",-84.1682968,30.2667141000001,2276699,"FL6501303",3,56,79,"Eg1","Fine sand",253805,NA,3.2,1,NA,"10YR",7,1
518288,"Lutterloh","LUTTERLOH","Grossarenic Paleudalfs, loamy, siliceous, subactive, thermic","Alfisols","Udalfs","Paleudalfs","Grossarenic Paleudalfs","loamy",-84.1682968,30.2667141000001,2276700,"FL6501304",4,79,147,"Eg2","Fine sand",253806,NA,2.5,0.8,NA,"10YR",7,2
518288,"Lutterloh","LUTTERLOH","Grossarenic Paleudalfs, loamy, siliceous, subactive, thermic","Alfisols","Udalfs","Paleudalfs","Grossarenic Paleudalfs","loamy",-84.1682968,30.2667141000001,2276701,"FL6501305",5,147,178,"Bt","Fine sandy loam",253807,NA,3.0999999,13.5,NA,"7.5YR",5,8
518288,"Lutterloh","LUTTERLOH","Grossarenic Paleudalfs, loamy, siliceous, subactive, thermic","Alfisols","Udalfs","Paleudalfs","Grossarenic Paleudalfs","loamy",-84.1682968,30.2667141000001,2276702,"FL6501306",6,178,203,"Btg","Fine sandy loam",253808,NA,5,19.8999996,NA,"",NA,NA
518289,"Otela","OTELA","Grossarenic Paleudalfs, loamy, siliceous, semiactive, thermic","Alfisols","Udalfs","Paleudalfs","Grossarenic Paleudalfs","loamy",-84.219841,30.2439556,2276703,"FL6501401",1,0,18,"Ap","Fine sand",253809,NA,3.5999999,1.2,NA,"10YR",6,2
518289,"Otela","OTELA","Grossarenic Paleudalfs, loamy, siliceous, semiactive, thermic","Alfisols","Udalfs","Paleudalfs","Grossarenic Paleudalfs","loamy",-84.219841,30.2439556,2276704,"FL6501402",2,18,58,"E1","Fine sand",253810,NA,4.3000002,1.3,NA,"10YR",7,2
518289,"Otela","OTELA","Grossarenic Paleudalfs, loamy, siliceous, semiactive, thermic","Alfisols","Udalfs","Paleudalfs","Grossarenic Paleudalfs","loamy",-84.219841,30.2439556,2276705,"FL6501403",3,58,99,"E2","Fine sand",253811,NA,3.3,1,NA,"10YR",8,2
518289,"Otela","OTELA","Grossarenic Paleudalfs, loamy, siliceous, semiactive, thermic","Alfisols","Udalfs","Paleudalfs","Grossarenic Paleudalfs","loamy",-84.219841,30.2439556,2276706,"FL6501404",4,99,147,"E3","Fine sand",253812,NA,2.9000001,0.6,NA,"10YR",8,1
518289,"Otela","OTELA","Grossarenic Paleudalfs, loamy, siliceous, semiactive, thermic","Alfisols","Udalfs","Paleudalfs","Grossarenic Paleudalfs","loamy",-84.219841,30.2439556,2276707,"FL6501405",5,147,170,"Bt","Loamy fine sand",253813,NA,3.9000001,12.5,NA,"",NA,NA
518289,"Otela","OTELA","Grossarenic Paleudalfs, loamy, siliceous, semiactive, thermic","Alfisols","Udalfs","Paleudalfs","Grossarenic Paleudalfs","loamy",-84.219841,30.2439556,2276708,"FL6501406",6,170,203,"Btg","Fine sandy loam",253814,NA,6.3000002,14.8999996,NA,"10YR",8,1
1160071,"Ocilla","OCILLA","Loamy, siliceous, semiactive, thermic Aquic Arenic Paleudults","Ultisols","Udults","Paleudults","Aquic Arenic Paleudults","loamy",-83.3983077999999,30.3972416,5719344,"FL4002001",1,0,8,"A","Sand",138442,NA,5.8000002,2.7,NA,"10YR",5,2
1160071,"Ocilla","OCILLA","Loamy, siliceous, semiactive, thermic Aquic Arenic Paleudults","Ultisols","Udults","Paleudults","Aquic Arenic Paleudults","loamy",-83.3983077999999,30.3972416,5719345,"FL4002002",2,8,33,"Bw1","Sand",138443,NA,7.0999999,4.0999999,NA,"10YR",6,4
1160071,"Ocilla","OCILLA","Loamy, siliceous, semiactive, thermic Aquic Arenic Paleudults","Ultisols","Udults","Paleudults","Aquic Arenic Paleudults","loamy",-83.3983077999999,30.3972416,5719346,"FL4002003",3,33,48,"Bw2","Sand",138444,NA,7.3000002,4.5,NA,"10YR",7,4
1160071,"Ocilla","OCILLA","Loamy, siliceous, semiactive, thermic Aquic Arenic Paleudults","Ultisols","Udults","Paleudults","Aquic Arenic Paleudults","loamy",-83.3983077999999,30.3972416,5719347,"FL4002004",4,48,61,"Bw3","Sand",138445,NA,7.9000001,4.0999999,NA,"10YR",7,4
1160071,"Ocilla","OCILLA","Loamy, siliceous, semiactive, thermic Aquic Arenic Paleudults","Ultisols","Udults","Paleudults","Aquic Arenic Paleudults","loamy",-83.3983077999999,30.3972416,5719348,"FL4002005",5,61,74,"Bw4","Loamy sand",138446,NA,7.9000001,6.6999998,NA,"2.5Y",6,4
1160071,"Ocilla","OCILLA","Loamy, siliceous, semiactive, thermic Aquic Arenic Paleudults","Ultisols","Udults","Paleudults","Aquic Arenic Paleudults","loamy",-83.3983077999999,30.3972416,5719349,"FL4002006",6,74,86,"Bt","Fine sandy loam",138447,NA,7.5999999,14.1999998,NA,"2.5Y",6,4
1160071,"Ocilla","OCILLA","Loamy, siliceous, semiactive, thermic Aquic Arenic Paleudults","Ultisols","Udults","Paleudults","Aquic Arenic Paleudults","loamy",-83.3983077999999,30.3972416,5719350,"FL4002007",7,86,117,"Btg1","Sandy clay loam",138448,NA,7.1999998,30.3999996,NA,"10YR",6,2
516048,"Tifton","TIFTON","Plinthic Kandiudults, fine-loamy, kaolinitic, thermic","Ultisols","Udults","Kandiudults","Plinthic Kandiudults","fine-loamy",-84.7036591,30.6278744000001,NA,NA,NA,NA,NA,NA,NA,NA,NA,NA,NA,NA,NA,NA,NA
517198,"Orangeburg","ORANGEBURG","Typic Kandiudults, kaolinitic, siliceous, thermic","Ultisols","Udults","Kandiudults","Typic Kandiudults","fine-loamy",-85.1425017999999,30.5872192,2265558,"FL0700201",1,0,23,"Ap","Loamy sand",371401,NA,9.8000002,6.5,NA,"10YR",3,2
517198,"Orangeburg","ORANGEBURG","Typic Kandiudults, kaolinitic, siliceous, thermic","Ultisols","Udults","Kandiudults","Typic Kandiudults","fine-loamy",-85.1425017999999,30.5872192,2265559,"FL0700202",2,23,41,"Bt1","Fine sandy loam",371402,NA,13,11.6000004,NA,"7.5YR",5,6
517198,"Orangeburg","ORANGEBURG","Typic Kandiudults, kaolinitic, siliceous, thermic","Ultisols","Udults","Kandiudults","Typic Kandiudults","fine-loamy",-85.1425017999999,30.5872192,2265560,"FL0700203",3,41,61,"Bt2","Sandy clay loam",371403,NA,11.1999998,22.2000008,NA,"2.5YR",5,8
517198,"Orangeburg","ORANGEBURG","Typic Kandiudults, kaolinitic, siliceous, thermic","Ultisols","Udults","Kandiudults","Typic Kandiudults","fine-loamy",-85.1425017999999,30.5872192,2265561,"FL0700204",4,61,127,"Bt3","Sandy clay",371404,NA,10,35.4000015,NA,"2.5YR",4,6
517198,"Orangeburg","ORANGEBURG","Typic Kandiudults, kaolinitic, siliceous, thermic","Ultisols","Udults","Kandiudults","Typic Kandiudults","fine-loamy",-85.1425017999999,30.5872192,2265562,"FL0700205",5,127,203,"Bt4","Sandy clay loam",371405,NA,6.9000001,30.5,NA,"2.5YR",4,8
517199,"Pansey","PANSEY","Plinthic Paleaquults, fine-loamy, siliceous, semiactive, thermic","Ultisols","Aquults","Paleaquults","Plinthic Paleaquults","fine-loamy",-85.1155624,30.5188885000001,2265563,"FL0700401",1,0,20,"A","Sandy loam",371406,NA,11.8999996,10.3000002,NA,"N",3,NA
517199,"Pansey","PANSEY","Plinthic Paleaquults, fine-loamy, siliceous, semiactive, thermic","Ultisols","Aquults","Paleaquults","Plinthic Paleaquults","fine-loamy",-85.1155624,30.5188885000001,2265564,"FL0700402",2,20,36,"Btg1","Sandy loam",371407,NA,15.6000004,14.1999998,NA,"10YR",6,2
517199,"Pansey","PANSEY","Plinthic Paleaquults, fine-loamy, siliceous, semiactive, thermic","Ultisols","Aquults","Paleaquults","Plinthic Paleaquults","fine-loamy",-85.1155624,30.5188885000001,2265565,"FL0700403",3,36,58,"Btg2","Sandy clay loam",371408,NA,16,20.7999992,NA,"10YR",4,1
517199,"Pansey","PANSEY","Plinthic Paleaquults, fine-loamy, siliceous, semiactive, thermic","Ultisols","Aquults","Paleaquults","Plinthic Paleaquults","fine-loamy",-85.1155624,30.5188885000001,2265566,"FL0700404",4,58,127,"Btgv","Sandy clay loam",371409,NA,15.6000004,30.6000004,NA,"10YR",7,1
517199,"Pansey","PANSEY","Plinthic Paleaquults, fine-loamy, siliceous, semiactive, thermic","Ultisols","Aquults","Paleaquults","Plinthic Paleaquults","fine-loamy",-85.1155624,30.5188885000001,2265567,"FL0700405",5,127,165,"Btg1'","Clay",371410,NA,12.6000004,48.5999985,NA,"10YR",4,1
517199,"Pansey","PANSEY","Plinthic Paleaquults, fine-loamy, siliceous, semiactive, thermic","Ultisols","Aquults","Paleaquults","Plinthic Paleaquults","fine-loamy",-85.1155624,30.5188885000001,2265568,"FL0700406",6,165,203,"Btg2'","Clay",371411,NA,8.6999998,49.2999992,NA,"",NA,NA
517200,"Leefield","LEEFIELD","Arenic Plinthaquic Paleudults, loamy, siliceous, subactive, thermic","Ultisols","Udults","Paleudults","Arenic Plinthaquic Paleudults","loamy",-85.1247177,30.5055618000001,2265569,"FL0700501",1,0,30,"Ap","Loamy sand",371412,NA,9.3000002,5,NA,"10YR",4,1
517200,"Leefield","LEEFIELD","Arenic Plinthaquic Paleudults, loamy, siliceous, subactive, thermic","Ultisols","Udults","Paleudults","Arenic Plinthaquic Paleudults","loamy",-85.1247177,30.5055618000001,2265570,"FL0700502",2,30,53,"Bw1","Loamy sand",371413,NA,11.1000004,3.7,NA,"",NA,NA
517200,"Leefield","LEEFIELD","Arenic Plinthaquic Paleudults, loamy, siliceous, subactive, thermic","Ultisols","Udults","Paleudults","Arenic Plinthaquic Paleudults","loamy",-85.1247177,30.5055618000001,2265571,"FL0700503",3,53,86,"Bw2","Loamy sand",371414,NA,10.8000002,4,NA,"",NA,NA
517200,"Leefield","LEEFIELD","Arenic Plinthaquic Paleudults, loamy, siliceous, subactive, thermic","Ultisols","Udults","Paleudults","Arenic Plinthaquic Paleudults","loamy",-85.1247177,30.5055618000001,2265572,"FL0700504",4,86,155,"Btv1","Sandy loam",371415,NA,9.3999996,13.1999998,NA,"10YR",7,2
517200,"Leefield","LEEFIELD","Arenic Plinthaquic Paleudults, loamy, siliceous, subactive, thermic","Ultisols","Udults","Paleudults","Arenic Plinthaquic Paleudults","loamy",-85.1247177,30.5055618000001,2265573,"FL0700505",5,155,203,"Btv2","Sandy loam",371416,NA,6.5,17.1000004,NA,"2.5Y",7,2
517201,"Leefield","LEEFIELD","Arenic Plinthaquic Paleudults, loamy, siliceous, subactive, thermic","Ultisols","Udults","Paleudults","Arenic Plinthaquic Paleudults","loamy",-85.1194382,30.5055618000001,2265574,"FL0700601",1,0,20,"Ap","Loamy sand",371417,NA,9.6000004,7.1999998,NA,"10YR",4,2
517201,"Leefield","LEEFIELD","Arenic Plinthaquic Paleudults, loamy, siliceous, subactive, thermic","Ultisols","Udults","Paleudults","Arenic Plinthaquic Paleudults","loamy",-85.1194382,30.5055618000001,2265575,"FL0700602",2,20,64,"Bw","Loamy sand",371418,NA,11.6000004,9,NA,"10YR",6,6
517201,"Leefield","LEEFIELD","Arenic Plinthaquic Paleudults, loamy, siliceous, subactive, thermic","Ultisols","Udults","Paleudults","Arenic Plinthaquic Paleudults","loamy",-85.1194382,30.5055618000001,2265576,"FL0700603",3,64,109,"Btv1","Sandy loam",371419,NA,10,15.6000004,NA,"10YR",6,6
517201,"Leefield","LEEFIELD","Arenic Plinthaquic Paleudults, loamy, siliceous, subactive, thermic","Ultisols","Udults","Paleudults","Arenic Plinthaquic Paleudults","loamy",-85.1194382,30.5055618000001,2265577,"FL0700604",4,109,170,"Btv2","Sandy clay loam",371420,NA,7.8000002,22.7999992,NA,"10YR",7,2
517201,"Leefield","LEEFIELD","Arenic Plinthaquic Paleudults, loamy, siliceous, subactive, thermic","Ultisols","Udults","Paleudults","Arenic Plinthaquic Paleudults","loamy",-85.1194382,30.5055618000001,2265578,"FL0700605",5,170,203,"Btv3","Sandy clay loam",371421,NA,5.4000001,21.6000004,NA,"",NA,NA
517211,"Leefield","LEEFIELD","Arenic Plinthaquic Paleudults, fine-loamy, siliceous, subactive, thermic","Ultisols","Udults","Paleudults","Arenic Plinthaquic Paleudults","fine-loamy",-85.1022186,30.5355606000001,2265629,"FL0701601",1,0,13,"Ap","Loamy sand",375172,NA,10.1000004,6.5,NA,"10YR",4,1
517211,"Leefield","LEEFIELD","Arenic Plinthaquic Paleudults, fine-loamy, siliceous, subactive, thermic","Ultisols","Udults","Paleudults","Arenic Plinthaquic Paleudults","fine-loamy",-85.1022186,30.5355606000001,2265630,"FL0701602",2,13,28,"E","Loamy sand",375173,NA,14.6000004,3.8,NA,"10YR",5,2
517211,"Leefield","LEEFIELD","Arenic Plinthaquic Paleudults, fine-loamy, siliceous, subactive, thermic","Ultisols","Udults","Paleudults","Arenic Plinthaquic Paleudults","fine-loamy",-85.1022186,30.5355606000001,2265631,"FL0701603",3,28,43,"Bw1","Loamy sand",375174,NA,11.8000002,5.4000001,NA,"2.5Y",6,4
517211,"Leefield","LEEFIELD","Arenic Plinthaquic Paleudults, fine-loamy, siliceous, subactive, thermic","Ultisols","Udults","Paleudults","Arenic Plinthaquic Paleudults","fine-loamy",-85.1022186,30.5355606000001,2265632,"FL0701604",4,43,74,"Bw2","Loamy sand",375175,NA,12.3999996,5,NA,"2.5Y",6,4
517211,"Leefield","LEEFIELD","Arenic Plinthaquic Paleudults, fine-loamy, siliceous, subactive, thermic","Ultisols","Udults","Paleudults","Arenic Plinthaquic Paleudults","fine-loamy",-85.1022186,30.5355606000001,2265633,"FL0701605",5,74,114,"Btgv","Fine sandy loam",375176,NA,11.8999996,11.5,NA,"10YR",7,1
517211,"Leefield","LEEFIELD","Arenic Plinthaquic Paleudults, fine-loamy, siliceous, subactive, thermic","Ultisols","Udults","Paleudults","Arenic Plinthaquic Paleudults","fine-loamy",-85.1022186,30.5355606000001,2265634,"FL0701606",6,114,152,"Bt4","Sandy loam",375177,NA,9.8000002,16.3999996,NA,"10YR",5,6
517211,"Leefield","LEEFIELD","Arenic Plinthaquic Paleudults, fine-loamy, siliceous, subactive, thermic","Ultisols","Udults","Paleudults","Arenic Plinthaquic Paleudults","fine-loamy",-85.1022186,30.5355606000001,2265635,"FL0701607",7,152,203,"Bt4","Sandy loam",375178,NA,10,18.6000004,NA,"10YR",5,6
517212,"Stilson","STILSON","Arenic Plinthic Paleudults, loamy, siliceous, subactive, thermic","Ultisols","Udults","Paleudults","Arenic Plinthic Paleudults","loamy",-85.1322173999999,30.5302811,2265636,"FL0701701",1,0,15,"Ap","Loamy sand",375179,NA,9.1000004,4.3000002,NA,"10YR",4,1
517212,"Stilson","STILSON","Arenic Plinthic Paleudults, loamy, siliceous, subactive, thermic","Ultisols","Udults","Paleudults","Arenic Plinthic Paleudults","loamy",-85.1322173999999,30.5302811,2265637,"FL0701702",2,15,28,"Bw1","Loamy sand",375180,NA,11,4.8000002,NA,"2.5Y",6,4
517212,"Stilson","STILSON","Arenic Plinthic Paleudults, loamy, siliceous, subactive, thermic","Ultisols","Udults","Paleudults","Arenic Plinthic Paleudults","loamy",-85.1322173999999,30.5302811,2265638,"FL0701703",3,28,66,"Bw2","Loamy sand",375181,NA,11.5,6.0999999,NA,"2.5Y",6,6
517212,"Stilson","STILSON","Arenic Plinthic Paleudults, loamy, siliceous, subactive, thermic","Ultisols","Udults","Paleudults","Arenic Plinthic Paleudults","loamy",-85.1322173999999,30.5302811,2265639,"FL0701704",4,66,86,"Btv1","Loamy sand",375182,NA,9.6000004,9.8000002,NA,"10YR",6,6
517212,"Stilson","STILSON","Arenic Plinthic Paleudults, loamy, siliceous, subactive, thermic","Ultisols","Udults","Paleudults","Arenic Plinthic Paleudults","loamy",-85.1322173999999,30.5302811,2265640,"FL0701705",5,86,157,"Btv2","Sandy loam",375183,NA,9.6000004,14.8000002,NA,"10YR",6,6
517212,"Stilson","STILSON","Arenic Plinthic Paleudults, loamy, siliceous, subactive, thermic","Ultisols","Udults","Paleudults","Arenic Plinthic Paleudults","loamy",-85.1322173999999,30.5302811,2265641,"FL0701706",6,157,203,"Bt","Sandy clay loam",375184,NA,10.8999996,30.7000008,NA,"",NA,NA
517213,"Fuquay","FUQUAY","Arenic Plinthic Kandiudults, loamy, kaolinitic, thermic","Ultisols","Udults","Paleudults","Arenic Plinthic Kandiudults","loamy",-85.0880585,30.5344391,2265642,"FL0701801",1,0,28,"Ap","Loamy sand",375185,NA,10.1999998,3.8,NA,"2.5Y",4,2
517213,"Fuquay","FUQUAY","Arenic Plinthic Kandiudults, loamy, kaolinitic, thermic","Ultisols","Udults","Paleudults","Arenic Plinthic Kandiudults","loamy",-85.0880585,30.5344391,2265643,"FL0701802",2,28,58,"Bw1","Loamy fine sand",375186,NA,12.6999998,4.6999998,NA,"2.5Y",6,6
517213,"Fuquay","FUQUAY","Arenic Plinthic Kandiudults, loamy, kaolinitic, thermic","Ultisols","Udults","Paleudults","Arenic Plinthic Kandiudults","loamy",-85.0880585,30.5344391,2265644,"FL0701803",3,58,81,"Bw2","Loamy sand",375187,NA,11.3000002,6.0999999,NA,"2.5Y",6,6
517213,"Fuquay","FUQUAY","Arenic Plinthic Kandiudults, loamy, kaolinitic, thermic","Ultisols","Udults","Paleudults","Arenic Plinthic Kandiudults","loamy",-85.0880585,30.5344391,2265645,"FL0701804",4,81,107,"Btv1","Fine sandy loam",375188,NA,10.1999998,11,NA,"2.5Y",6,6
517213,"Fuquay","FUQUAY","Arenic Plinthic Kandiudults, loamy, kaolinitic, thermic","Ultisols","Udults","Paleudults","Arenic Plinthic Kandiudults","loamy",-85.0880585,30.5344391,2265646,"FL0701805",5,107,147,"Btv2","Sandy loam",375189,NA,9.8999996,18.1000004,NA,"10YR",5,8
517213,"Fuquay","FUQUAY","Arenic Plinthic Kandiudults, loamy, kaolinitic, thermic","Ultisols","Udults","Paleudults","Arenic Plinthic Kandiudults","loamy",-85.0880585,30.5344391,2265647,"FL0701806",6,147,224,"Bt","Sandy clay loam",375190,NA,8.1999998,22.6000004,NA,"10YR",7,1
517218,"Chipola","CHIPOLA","Arenic Kandiudults, loamy, kaolinitic, thermic","Ultisols","Udults","Kandiudults","Arenic Kandiudults","loamy",-85.0394363,30.3941689000001,2265669,"FL0702301",1,0,15,"Ap","Fine sand",375212,NA,1.3,2.5,NA,"10YR",3,3
517218,"Chipola","CHIPOLA","Arenic Kandiudults, loamy, kaolinitic, thermic","Ultisols","Udults","Kandiudults","Arenic Kandiudults","loamy",-85.0394363,30.3941689000001,2265670,"FL0702302",2,15,28,"Bw1","Loamy fine sand",375213,NA,10.3999996,5.0999999,NA,"10YR",4,3
517218,"Chipola","CHIPOLA","Arenic Kandiudults, loamy, kaolinitic, thermic","Ultisols","Udults","Kandiudults","Arenic Kandiudults","loamy",-85.0394363,30.3941689000001,2265671,"FL0702303",3,28,43,"Bw2","Loamy fine sand",375214,NA,16,4.4000001,NA,"10YR",5,3
517218,"Chipola","CHIPOLA","Arenic Kandiudults, loamy, kaolinitic, thermic","Ultisols","Udults","Kandiudults","Arenic Kandiudults","loamy",-85.0394363,30.3941689000001,2265672,"FL0702304",4,43,53,"Bw3","Loamy fine sand",375215,NA,17.2999992,4.5,NA,"10YR",6,4
517218,"Chipola","CHIPOLA","Arenic Kandiudults, loamy, kaolinitic, thermic","Ultisols","Udults","Kandiudults","Arenic Kandiudults","loamy",-85.0394363,30.3941689000001,2265673,"FL0702305",5,53,119,"Bt","Sandy clay loam",375216,NA,19.1000004,34.2999992,NA,"2.5YR",5,6
517218,"Chipola","CHIPOLA","Arenic Kandiudults, loamy, kaolinitic, thermic","Ultisols","Udults","Kandiudults","Arenic Kandiudults","loamy",-85.0394363,30.3941689000001,2265674,"FL0702306",6,119,155,"C1","Sandy loam",375217,NA,7.6999998,16.8999996,NA,"5YR",5,6
517218,"Chipola","CHIPOLA","Arenic Kandiudults, loamy, kaolinitic, thermic","Ultisols","Udults","Kandiudults","Arenic Kandiudults","loamy",-85.0394363,30.3941689000001,2265675,"FL0702307",7,155,180,"C2","Loamy coarse sand",375218,NA,2.4000001,11.3999996,NA,"5YR",5,6
517218,"Chipola","CHIPOLA","Arenic Kandiudults, loamy, kaolinitic, thermic","Ultisols","Udults","Kandiudults","Arenic Kandiudults","loamy",-85.0394363,30.3941689000001,2265676,"FL0702308",8,180,203,"C3","Fine sandy loam",375219,NA,8.5,16.1000004,NA,"7.5YR",6,6
517219,"Eustis","EUSTIS","Psammentic Paleudults, sandy, siliceous, thermic","Ultisols","Udults","Paleudults","Psammentic Paleudults","sandy",-85.0833282,30.5916691,2265677,"FL0702401",1,0,19,"Ap","Sand",375220,NA,9.3000002,3.0999999,NA,"10YR",3,2
517219,"Eustis","EUSTIS","Psammentic Paleudults, sandy, siliceous, thermic","Ultisols","Udults","Paleudults","Psammentic Paleudults","sandy",-85.0833282,30.5916691,2265678,"FL0702402",2,19,61,"Bw1","Sand",375221,NA,8.3000002,2.2,NA,"10YR",6,6
517219,"Eustis","EUSTIS","Psammentic Paleudults, sandy, siliceous, thermic","Ultisols","Udults","Paleudults","Psammentic Paleudults","sandy",-85.0833282,30.5916691,2265679,"FL0702403",3,61,110,"Bw2","Sand",375222,NA,7.1999998,2.0999999,NA,"10YR",6,6
517219,"Eustis","EUSTIS","Psammentic Paleudults, sandy, siliceous, thermic","Ultisols","Udults","Paleudults","Psammentic Paleudults","sandy",-85.0833282,30.5916691,2265680,"FL0702404",4,110,137,"Bw3","Sand",375223,NA,7.6999998,2.4000001,NA,"10YR",7,6
517219,"Eustis","EUSTIS","Psammentic Paleudults, sandy, siliceous, thermic","Ultisols","Udults","Paleudults","Psammentic Paleudults","sandy",-85.0833282,30.5916691,2265681,"FL0702405",5,137,203,"Bt","Loamy sand",375224,NA,8.5,9.8999996,NA,"10YR",7,6
517220,"Bonifay","BONIFAY","Grossarenic Plinthic Paleudults, loamy, siliceous, thermic","Ultisols","Udults","Kandiudults","Grossarenic Plinthic Paleudults","loamy",-85.1416702,30.5249996000001,2265682,"FL0702501",1,0,12,"Ap","Coarse sand",375225,NA,6.5999999,2.0999999,NA,"10YR",3,3
517220,"Bonifay","BONIFAY","Grossarenic Plinthic Paleudults, loamy, siliceous, thermic","Ultisols","Udults","Kandiudults","Grossarenic Plinthic Paleudults","loamy",-85.1416702,30.5249996000001,2265683,"FL0702502",2,12,69,"Bw","Coarse sand",375226,NA,6,3,NA,"10YR",5,6
517220,"Bonifay","BONIFAY","Grossarenic Plinthic Paleudults, loamy, siliceous, thermic","Ultisols","Udults","Kandiudults","Grossarenic Plinthic Paleudults","loamy",-85.1416702,30.5249996000001,2265684,"FL0702503",3,69,127,"Bw","Coarse sand",375227,NA,5.8000002,3.8,NA,"10YR",5,6
517220,"Bonifay","BONIFAY","Grossarenic Plinthic Paleudults, loamy, siliceous, thermic","Ultisols","Udults","Kandiudults","Grossarenic Plinthic Paleudults","loamy",-85.1416702,30.5249996000001,2265685,"FL0702504",4,127,157,"Btv1","Loamy coarse sand",378728,NA,7.5999999,9.6000004,NA,"10YR",7,6
517220,"Bonifay","BONIFAY","Grossarenic Plinthic Paleudults, loamy, siliceous, thermic","Ultisols","Udults","Kandiudults","Grossarenic Plinthic Paleudults","loamy",-85.1416702,30.5249996000001,2265686,"FL0702505",5,157,203,"Btv2","Sandy loam",378729,NA,10,16.2000008,NA,"7.5YR",5,8
517518,"Foxworth","FOXWORTH","Typic Quartzipsamments, sandy, coated, thermic","Entisols","Psamments","Quartzipsamments","Typic Quartzipsamments","sandy",-83.1469421,30.6019382000001,2271671,"FL2400401",1,0,15,"A","Sand",61443,NA,5,2,NA,"10YR",3,2
517518,"Foxworth","FOXWORTH","Typic Quartzipsamments, sandy, coated, thermic","Entisols","Psamments","Quartzipsamments","Typic Quartzipsamments","sandy",-83.1469421,30.6019382000001,2271672,"FL2400402",2,15,66,"C11","Sand",61444,NA,6.1999998,1.9,NA,"10YR",5,4
517518,"Foxworth","FOXWORTH","Typic Quartzipsamments, sandy, coated, thermic","Entisols","Psamments","Quartzipsamments","Typic Quartzipsamments","sandy",-83.1469421,30.6019382000001,2271673,"FL2400403",3,66,104,"C2","Sand",61445,NA,5.5,2.4000001,NA,"10YR",6,4
517518,"Foxworth","FOXWORTH","Typic Quartzipsamments, sandy, coated, thermic","Entisols","Psamments","Quartzipsamments","Typic Quartzipsamments","sandy",-83.1469421,30.6019382000001,2271674,"FL2400404",4,104,142,"C3","Sand",61446,NA,4.9000001,2.4000001,NA,"10YR",7,4
517518,"Foxworth","FOXWORTH","Typic Quartzipsamments, sandy, coated, thermic","Entisols","Psamments","Quartzipsamments","Typic Quartzipsamments","sandy",-83.1469421,30.6019382000001,2271675,"FL2400405",5,142,152,"C4","Sand",61447,NA,4,2,NA,"10YR",8,2
517519,"Pottsburg","POTTSBURG","Grossarenic Haplaquods, sandy, siliceous, thermic","Spodosols","Aquods","Haplaquods","Grossarenic Haplaquods","sandy",-83.148613,30.6038895,2271676,"FL2400501",1,0,18,"A","Sand",61448,NA,5.9000001,2.8,NA,"10YR",3,1
517519,"Pottsburg","POTTSBURG","Grossarenic Haplaquods, sandy, siliceous, thermic","Spodosols","Aquods","Haplaquods","Grossarenic Haplaquods","sandy",-83.148613,30.6038895,2271677,"FL2400502",2,18,48,"E1","Sand",61449,NA,6.9000001,2.5999999,NA,"10YR",4,2
517519,"Pottsburg","POTTSBURG","Grossarenic Haplaquods, sandy, siliceous, thermic","Spodosols","Aquods","Haplaquods","Grossarenic Haplaquods","sandy",-83.148613,30.6038895,2271678,"FL2400503",3,48,76,"E2","Sand",61450,NA,6.0999999,2.8,NA,"10YR",6,2
517519,"Pottsburg","POTTSBURG","Grossarenic Haplaquods, sandy, siliceous, thermic","Spodosols","Aquods","Haplaquods","Grossarenic Haplaquods","sandy",-83.148613,30.6038895,2271679,"FL2400504",4,76,130,"E3","Sand",61451,NA,5.9000001,2.5999999,NA,"10YR",6,2
517519,"Pottsburg","POTTSBURG","Grossarenic Haplaquods, sandy, siliceous, thermic","Spodosols","Aquods","Haplaquods","Grossarenic Haplaquods","sandy",-83.148613,30.6038895,2271680,"FL2400505",5,130,165,"EB","Loamy sand",61452,NA,10,6.1999998,NA,"10YR",5,2
517519,"Pottsburg","POTTSBURG","Grossarenic Haplaquods, sandy, siliceous, thermic","Spodosols","Aquods","Haplaquods","Grossarenic Haplaquods","sandy",-83.148613,30.6038895,2271681,"FL2400506",6,165,203,"Bh","Sand",61453,NA,7.3000002,0.4,NA,"5YR",3,2
517713,"Plummer","PLUMMER","Grossarenic Paleaquults, loamy, siliceous, subactive, thermic","Ultisols","Aquults","Paleaquults","Grossarenic Paleaquults","loamy",-83.932106,30.5731564000001,2272935,"FL3303401",1,0,15,"Ap","Fine sandy loam",109507,NA,13.3000002,9.1999998,NA,"10YR",2,1
517713,"Plummer","PLUMMER","Grossarenic Paleaquults, loamy, siliceous, subactive, thermic","Ultisols","Aquults","Paleaquults","Grossarenic Paleaquults","loamy",-83.932106,30.5731564000001,2272936,"FL3303402",2,15,48,"Eg1","Fine sand",109508,NA,7.6999998,2.8,NA,"10YR",5,1
517713,"Plummer","PLUMMER","Grossarenic Paleaquults, loamy, siliceous, subactive, thermic","Ultisols","Aquults","Paleaquults","Grossarenic Paleaquults","loamy",-83.932106,30.5731564000001,2272937,"FL3303403",3,48,71,"Eg2","Fine sand",109509,NA,6.8000002,2.8,NA,"10YR",6,2
517713,"Plummer","PLUMMER","Grossarenic Paleaquults, loamy, siliceous, subactive, thermic","Ultisols","Aquults","Paleaquults","Grossarenic Paleaquults","loamy",-83.932106,30.5731564000001,2272938,"FL3303404",4,71,155,"Eg3","Fine sand",109510,NA,6.1999998,0.7,NA,"10YR",8,2
517713,"Plummer","PLUMMER","Grossarenic Paleaquults, loamy, siliceous, subactive, thermic","Ultisols","Aquults","Paleaquults","Grossarenic Paleaquults","loamy",-83.932106,30.5731564000001,2272939,"FL3303405",5,155,175,"Btg1","Fine sandy loam",109511,NA,8.3000002,11.8999996,NA,"5Y",7,1
517713,"Plummer","PLUMMER","Grossarenic Paleaquults, loamy, siliceous, subactive, thermic","Ultisols","Aquults","Paleaquults","Grossarenic Paleaquults","loamy",-83.932106,30.5731564000001,2272940,"FL3303406",6,175,203,"Btg2","Fine sandy loam",109512,NA,6,13.1999998,NA,"",NA,NA
517818,"Centenary","CENTENARY","Grossarenic Entic Haplohumods","Spodosols","Orthods","Alorthods","Grossarenic Entic Haplohumods","sandy",-84.8666686999999,30.4594383,NA,NA,NA,NA,NA,NA,NA,NA,NA,NA,NA,NA,NA,NA,NA
517819,"Alpin","ALPIN","Typic Quartzipsamments, coated","Entisols","Psamments","Quartzipsamments","Typic Quartzipsamments","sandy",-84.8683319,30.4594383,NA,NA,NA,NA,NA,NA,NA,NA,NA,NA,NA,NA,NA,NA,NA
517820,"Foxworth","FOXWORTH","Siliceous, thermic Typic Quartzipsamments","Entisols","Psamments","Quartzipsamments","Typic Quartzipsamments","sandy",-84.898613,30.4627800000001,NA,NA,NA,NA,NA,NA,NA,NA,NA,NA,NA,NA,NA,NA,NA
517821,"Chipley","CHIPLEY","Aquic Quartzipsamments, coated","Entisols","Psamments","Quartzipsamments","Aquic Quartzipsamments","sandy",-84.9077834999999,30.4583302,NA,NA,NA,NA,NA,NA,NA,NA,NA,NA,NA,NA,NA,NA,NA
517825,"Nankin","NANKIN","Typic Kanhapludults, fine, kaolinitic, thermic","Ultisols","Udults","Kanhapludults","Typic Kanhapludults","fine",-83.4946823,30.4790897,2273642,"FL4000401",1,0,18,"Ap","Fine sand",134825,NA,1,7.5,NA,"10YR",4,3
517825,"Nankin","NANKIN","Typic Kanhapludults, fine, kaolinitic, thermic","Ultisols","Udults","Kanhapludults","Typic Kanhapludults","fine",-83.4946823,30.4790897,2273643,"FL4000402",2,18,36,"Bw","Loamy sand",134826,NA,4.6999998,8.8000002,NA,"7.5YR",5,6
517825,"Nankin","NANKIN","Typic Kanhapludults, fine, kaolinitic, thermic","Ultisols","Udults","Kanhapludults","Typic Kanhapludults","fine",-83.4946823,30.4790897,2273644,"FL4000403",3,36,48,"Bt1","Sandy clay",134827,NA,3.9000001,35.2999992,NA,"7.5YR",5,8
517825,"Nankin","NANKIN","Typic Kanhapludults, fine, kaolinitic, thermic","Ultisols","Udults","Kanhapludults","Typic Kanhapludults","fine",-83.4946823,30.4790897,2273645,"FL4000404",4,48,76,"Bt2","Sandy clay",134828,NA,3.4000001,46.4000015,NA,"7.5YR",5,6
517825,"Nankin","NANKIN","Typic Kanhapludults, fine, kaolinitic, thermic","Ultisols","Udults","Kanhapludults","Typic Kanhapludults","fine",-83.4946823,30.4790897,2273646,"FL4000405",5,76,119,"Bt3","Clay",134829,NA,7.0999999,56.2999992,NA,"7.5YR",6,8
517825,"Nankin","NANKIN","Typic Kanhapludults, fine, kaolinitic, thermic","Ultisols","Udults","Kanhapludults","Typic Kanhapludults","fine",-83.4946823,30.4790897,2273647,"FL4000406",6,119,137,"Bt4","Sandy clay",134830,NA,2.5,51.5,NA,"7.5YR",5,8
517825,"Nankin","NANKIN","Typic Kanhapludults, fine, kaolinitic, thermic","Ultisols","Udults","Kanhapludults","Typic Kanhapludults","fine",-83.4946823,30.4790897,2273648,"FL4000407",7,137,203,"BC","Sandy clay",134831,NA,2,43.7999992,NA,"7.5YR",6,8
517827,"Lovett","LOVETT","Arenic Paleudults, loamy, siliceous, subactive, thermic","Ultisols","Udults","Paleudults","Arenic Paleudults","loamy",-83.4211273,30.6284714,2273656,"FL4000601",1,0,23,"Ap","Sand",134839,NA,5.3000002,3.5999999,NA,"2.5Y",4,2
517827,"Lovett","LOVETT","Arenic Paleudults, loamy, siliceous, subactive, thermic","Ultisols","Udults","Paleudults","Arenic Paleudults","loamy",-83.4211273,30.6284714,2273657,"FL4000602",2,23,58,"Bw1","Sand",134840,NA,6.4000001,3.8,NA,"10YR",6,6
517827,"Lovett","LOVETT","Arenic Paleudults, loamy, siliceous, subactive, thermic","Ultisols","Udults","Paleudults","Arenic Paleudults","loamy",-83.4211273,30.6284714,2273658,"FL4000603",3,58,96,"Bw2","Sand",134841,NA,6.8000002,5,NA,"10YR",6,6
517827,"Lovett","LOVETT","Arenic Paleudults, loamy, siliceous, subactive, thermic","Ultisols","Udults","Paleudults","Arenic Paleudults","loamy",-83.4211273,30.6284714,2273659,"FL4000604",4,96,119,"Bt1","Fine sandy loam",134842,NA,6.1999998,17.7999992,NA,"10YR",5,6
517827,"Lovett","LOVETT","Arenic Paleudults, loamy, siliceous, subactive, thermic","Ultisols","Udults","Paleudults","Arenic Paleudults","loamy",-83.4211273,30.6284714,2273660,"FL4000605",5,119,157,"Bt2","Sandy clay",134843,NA,5.8000002,37.5999985,NA,"10YR",7,2
517827,"Lovett","LOVETT","Arenic Paleudults, loamy, siliceous, subactive, thermic","Ultisols","Udults","Paleudults","Arenic Paleudults","loamy",-83.4211273,30.6284714,2273661,"FL4000606",6,157,203,"C","Sandy clay",134844,NA,6.1999998,45.2000008,NA,"10YR",7,2
517840,"Pelham","PELHAM","ARENIC PALEAQUULTS, LOAMY, SILICEOUS, SUBACTIVE, THERMIC","Ultisols","Aquults","Paleaquults","Arenic Paleaquults","loamy",-83.4315338,30.4049606,2273752,"FL4001901",1,0,18,"Ap","Sand",138435,NA,6.1999998,5.1999998,NA,"10YR",3,1
517840,"Pelham","PELHAM","ARENIC PALEAQUULTS, LOAMY, SILICEOUS, SUBACTIVE, THERMIC","Ultisols","Aquults","Paleaquults","Arenic Paleaquults","loamy",-83.4315338,30.4049606,2273753,"FL4001902",2,18,33,"Eg","Sand",138436,NA,6.1999998,5.1999998,NA,"10YR",4,2
517840,"Pelham","PELHAM","ARENIC PALEAQUULTS, LOAMY, SILICEOUS, SUBACTIVE, THERMIC","Ultisols","Aquults","Paleaquults","Arenic Paleaquults","loamy",-83.4315338,30.4049606,2273754,"FL4001903",3,33,61,"Bw","Loamy fine sand",138437,NA,5,8.1999998,NA,"10YR",7,3
517840,"Pelham","PELHAM","ARENIC PALEAQUULTS, LOAMY, SILICEOUS, SUBACTIVE, THERMIC","Ultisols","Aquults","Paleaquults","Arenic Paleaquults","loamy",-83.4315338,30.4049606,2273755,"FL4001904",4,61,84,"Btg1","Fine sandy loam",138438,NA,4.5999999,19,NA,"10YR",6,2
517840,"Pelham","PELHAM","ARENIC PALEAQUULTS, LOAMY, SILICEOUS, SUBACTIVE, THERMIC","Ultisols","Aquults","Paleaquults","Arenic Paleaquults","loamy",-83.4315338,30.4049606,2273756,"FL4001905",5,84,127,"Btg2","Sandy clay loam",138439,NA,3.9000001,31.7000008,NA,"10YR",6,2
517840,"Pelham","PELHAM","ARENIC PALEAQUULTS, LOAMY, SILICEOUS, SUBACTIVE, THERMIC","Ultisols","Aquults","Paleaquults","Arenic Paleaquults","loamy",-83.4315338,30.4049606,2273757,"FL4001906",6,127,165,"Btg3","Sandy clay",138440,NA,5,41.2000008,NA,"10YR",6,1
517840,"Pelham","PELHAM","ARENIC PALEAQUULTS, LOAMY, SILICEOUS, SUBACTIVE, THERMIC","Ultisols","Aquults","Paleaquults","Arenic Paleaquults","loamy",-83.4315338,30.4049606,2273758,"FL4001907",7,165,203,"Btg3","Clay",138441,NA,5.5,53.7000008,NA,"10YR",6,1
517848,"Blanton","BLANTON","Grossarenic Paleudults, loamy, siliceous, semiactive, thermic","Ultisols","Udults","Paleudults","Grossarenic Paleudults","loamy",-83.3807677999999,30.4176769000001,2273807,"FL4002701",1,0,30,"Ap","Sand",138490,NA,2.4000001,1.8,NA,"10YR",4,2
517848,"Blanton","BLANTON","Grossarenic Paleudults, loamy, siliceous, semiactive, thermic","Ultisols","Udults","Paleudults","Grossarenic Paleudults","loamy",-83.3807677999999,30.4176769000001,2273808,"FL4002702",2,30,94,"Bw1","Sand",138491,NA,5.5,3.4000001,NA,"10YR",5,4
517848,"Blanton","BLANTON","Grossarenic Paleudults, loamy, siliceous, semiactive, thermic","Ultisols","Udults","Paleudults","Grossarenic Paleudults","loamy",-83.3807677999999,30.4176769000001,2273809,"FL4002703",3,94,135,"Bw2","Sand",138492,NA,4.8000002,3.7,NA,"10YR",6,4
517848,"Blanton","BLANTON","Grossarenic Paleudults, loamy, siliceous, semiactive, thermic","Ultisols","Udults","Paleudults","Grossarenic Paleudults","loamy",-83.3807677999999,30.4176769000001,2273810,"FL4002704",4,135,175,"Bw3","Sand",138493,NA,3.8,4.3000002,NA,"10YR",7,3
517848,"Blanton","BLANTON","Grossarenic Paleudults, loamy, siliceous, semiactive, thermic","Ultisols","Udults","Paleudults","Grossarenic Paleudults","loamy",-83.3807677999999,30.4176769000001,2273811,"FL4002705",5,175,203,"Bt","Fine sandy loam",138494,NA,3.5,18.6000004,NA,"10YR",6,4
518337,"Tifton","TIFTON","Plinthic Kandiudults, fine-loamy, kaolinitic, thermic","Ultisols","Udults","Kandiudults","Plinthic Kandiudults","fine-loamy",-84.637558,30.6267471,NA,NA,NA,NA,NA,NA,NA,NA,NA,NA,NA,NA,NA,NA,NA
518338,"Sunsweet","SUNSWEET","Plinthic Paleults, fine, kaolinitic, thermic","Ultisols","Udults","Paleults","Plinthic Paleults","fine",-84.4269103999999,30.6529102000001,NA,NA,NA,NA,NA,NA,NA,NA,NA,NA,NA,NA,NA,NA,NA
518345,"Bonifay","BONIFAY","Grossarenic Plinthic Paleudults, loamy, siliceous, subactive, thermic","Ultisols","Udults","Kandiudults","Grossarenic Plinthic Paleudults","loamy",-84.4644775,30.6092777000001,NA,NA,NA,NA,NA,NA,NA,NA,NA,NA,NA,NA,NA,NA,NA
518350,"Fuquay","FUQUAY","Arenic Plinthic Kandiudults, loamy, kaolinitic, thermic","Ultisols","Udults","Paleudults","Arenic Plinthic Kandiudults","loamy",-84.4307861,30.5733776000001,NA,NA,NA,NA,NA,NA,NA,NA,NA,NA,NA,NA,NA,NA,NA
518351,"Lakeland","LAKELAND","Typic Quartzipsamments, thermic, coated","Entisols","Psamments","Quartzipsamments","Typic Quartzipsamments","not used",-84.643219,30.4607964,NA,NA,NA,NA,NA,NA,NA,NA,NA,NA,NA,NA,NA,NA,NA
518352,"Orangeburg","ORANGEBURG","Typic Kandiudults, fine-loamy, kaolinitic, thermic","Ultisols","Udults","Kandiudults","Typic Kandiudults","fine-loamy",-84.4595108,30.6309547000001,NA,NA,NA,NA,NA,NA,NA,NA,NA,NA,NA,NA,NA,NA,NA
518355,"Orangeburg","ORANGEBURG","Typic Kandiudults, fine-loamy, kaolinitic, thermic","Ultisols","Udults","Kandiudults","Typic Kandiudults","fine-loamy",-84.4392089999999,30.5288162000001,NA,NA,NA,NA,NA,NA,NA,NA,NA,NA,NA,NA,NA,NA,NA
518356,"Orangeburg","ORANGEBURG","Typic Kandiudults, fine-loamy, kaolinitic, thermic","Ultisols","Udults","Kandiudults","Typic Kandiudults","fine-loamy",-84.436203,30.5311279000001,NA,NA,NA,NA,NA,NA,NA,NA,NA,NA,NA,NA,NA,NA,NA
518357,"Bonifay","BONIFAY","Grossarenic Plinthic Paleudults, loamy, siliceous, subactive, thermic","Ultisols","Udults","Kandiudults","Grossarenic Plinthic Paleudults","loamy",-84.7834854,30.5740776000001,NA,NA,NA,NA,NA,NA,NA,NA,NA,NA,NA,NA,NA,NA,NA
518358,"Lakeland","LAKELAND","Typic Quartzipsamments, thermic, coated","Entisols","Psamments","Quartzipsamments","Typic Quartzipsamments","not used",-84.633316,30.4464169,NA,NA,NA,NA,NA,NA,NA,NA,NA,NA,NA,NA,NA,NA,NA
518359,"Fuquay","FUQUAY","Arenic Plinthic Kandiudults, loamy, kaolinitic, thermic","Ultisols","Udults","Paleudults","Arenic Plinthic Kandiudults","loamy",-84.7205810999999,30.6802750000001,NA,NA,NA,NA,NA,NA,NA,NA,NA,NA,NA,NA,NA,NA,NA
518360,"Orangeburg","ORANGEBURG","Typic Kandiudults, fine-loamy, kaolinitic, thermic","Ultisols","Udults","Kandiudults","Typic Kandiudults","fine-loamy",-84.4537276999999,30.5904922,NA,NA,NA,NA,NA,NA,NA,NA,NA,NA,NA,NA,NA,NA,NA
518361,"Norfolk","NORFOLK","Typic Kandiudults, fine-loamy, kaolinitic, thermic","Ultisols","Udults","Kandiudults","Typic Kandiudults","fine-loamy",-84.6264191,30.6171074000001,NA,NA,NA,NA,NA,NA,NA,NA,NA,NA,NA,NA,NA,NA,NA
518362,"Norfolk","NORFOLK","Typic Kandiudults, fine-loamy, kaolinitic, thermic","Ultisols","Udults","Kandiudults","Typic Kandiudults","fine-loamy",-84.6153717,30.6204834000001,NA,NA,NA,NA,NA,NA,NA,NA,NA,NA,NA,NA,NA,NA,NA
518363,"Dothan","DOTHAN","Plinthic Kandiudults, fine-loamy, kaolinitic, thermic","Ultisols","Udults","Kandiudults","Plinthic Kandiudults","fine-loamy",-84.4061966,30.6605721,NA,NA,NA,NA,NA,NA,NA,NA,NA,NA,NA,NA,NA,NA,NA
518364,"Notfolk","NOTFOLK","Typic Kandiudults, fine-loamy, kaolinitic, thermic","Ultisols","Udults","Kandiudults","Typic Kandiudults","fine-loamy",-84.4167252,30.6407833000001,NA,NA,NA,NA,NA,NA,NA,NA,NA,NA,NA,NA,NA,NA,NA
518365,"Notfolk","NOTFOLK","Typic Kandiudults, fine-loamy, kaolinitic, thermic","Ultisols","Udults","Kandiudults","Typic Kandiudults","fine-loamy",-84.4506148999999,30.5802612000001,NA,NA,NA,NA,NA,NA,NA,NA,NA,NA,NA,NA,NA,NA,NA
518366,"Benevolence","BENEVOLENCE","Typic Kandiudults, coarse-loamy, kaolinitic, thermic","Ultisols","Udults","Kandiudults","Typic Kandiudults","coarse-loamy",-84.4211655,30.6499023000001,NA,NA,NA,NA,NA,NA,NA,NA,NA,NA,NA,NA,NA,NA,NA
518367,"Faceville","FACEVILLE","Typic Kandiudults, fine, kaolinitic, thermic","Ultisols","Udults","Kandiudults","Typic Kandiudults","fine",-84.4306488,30.5656395,NA,NA,NA,NA,NA,NA,NA,NA,NA,NA,NA,NA,NA,NA,NA
518368,"Orangeburg","ORANGEBURG","Typic Kandiudults, fine-loamy, kaolinitic, thermic","Ultisols","Udults","Kandiudults","Typic Kandiudults","fine-loamy",-84.4081421,30.6329384000001,NA,NA,NA,NA,NA,NA,NA,NA,NA,NA,NA,NA,NA,NA,NA
518369,"Orangeburg","ORANGEBURG","Typic Kandiudults, fine-loamy, kaolinitic, thermic","Ultisols","Udults","Kandiudults","Typic Kandiudults","fine-loamy",-84.6273117,30.5779362000001,NA,NA,NA,NA,NA,NA,NA,NA,NA,NA,NA,NA,NA,NA,NA
518370,"Orangeburg","ORANGEBURG","Typic Kandiudults, fine-loamy, kaolinitic, thermic","Ultisols","Udults","Kandiudults","Typic Kandiudults","fine-loamy",-84.4498672,30.6523113000001,NA,NA,NA,NA,NA,NA,NA,NA,NA,NA,NA,NA,NA,NA,NA
518371,"Orangeburg","ORANGEBURG","Typic Kandiudults, fine-loamy, kaolinitic, thermic","Ultisols","Udults","Kandiudults","Typic Kandiudults","fine-loamy",-84.4495163,30.6527481000001,NA,NA,NA,NA,NA,NA,NA,NA,NA,NA,NA,NA,NA,NA,NA
518372,"Orangeburg","ORANGEBURG","Typic Kandiudults, fine-loamy, kaolinitic, thermic","Ultisols","Udults","Kandiudults","Typic Kandiudults","fine-loamy",-84.4367371,30.6458473000001,NA,NA,NA,NA,NA,NA,NA,NA,NA,NA,NA,NA,NA,NA,NA
518373,"Orangeburg","ORANGEBURG","Typic Kandiudults, fine-loamy, kaolinitic, thermic","Ultisols","Udults","Kandiudults","Typic Kandiudults","fine-loamy",-84.4177703999999,30.6245842000001,NA,NA,NA,NA,NA,NA,NA,NA,NA,NA,NA,NA,NA,NA,NA
518374,"Orangeburg","ORANGEBURG","Typic Kandiudults, fine-loamy, kaolinitic, thermic","Ultisols","Udults","Kandiudults","Typic Kandiudults","fine-loamy",-84.602356,30.6042519000001,NA,NA,NA,NA,NA,NA,NA,NA,NA,NA,NA,NA,NA,NA,NA
518375,"Tifton","TIFTON","Plinthic Kandiudults, fine-loamy, kaolinitic, thermic","Ultisols","Udults","Kandiudults","Plinthic Kandiudults","fine-loamy",-84.6983643,30.6025887000001,NA,NA,NA,NA,NA,NA,NA,NA,NA,NA,NA,NA,NA,NA,NA
518376,"Tifton","TIFTON","Plinthic Kandiudults, fine-loamy, kaolinitic, thermic","Ultisols","Udults","Kandiudults","Plinthic Kandiudults","fine-loamy",-84.7409972999999,30.5734921000001,NA,NA,NA,NA,NA,NA,NA,NA,NA,NA,NA,NA,NA,NA,NA
518377,"Tifton","TIFTON","Plinthic Kandiudults, fine-loamy, kaolinitic, thermic","Ultisols","Udults","Kandiudults","Plinthic Kandiudults","fine-loamy",-84.631813,30.6542835000001,NA,NA,NA,NA,NA,NA,NA,NA,NA,NA,NA,NA,NA,NA,NA
890495,"Dothan","DOTHAN","Fine-loamy, kaolinitic, thermic Plinthic Kandiudults","Ultisols","Udults","Kandiudults","Plinthic Kandiudults","fine-loamy",-82.379225,32.3613444000001,4410578,"11N00473",2,2,18,"A","Loamy sand",293560,84.9000015,10,5.0999999,NA,"10YR",4,2
890495,"Dothan","DOTHAN","Fine-loamy, kaolinitic, thermic Plinthic Kandiudults","Ultisols","Udults","Kandiudults","Plinthic Kandiudults","fine-loamy",-82.379225,32.3613444000001,4410579,"11N00474",3,18,32,"E","Loamy sand",293561,83.0999985,10.3000002,6.5999999,NA,"10YR",6,3
890495,"Dothan","DOTHAN","Fine-loamy, kaolinitic, thermic Plinthic Kandiudults","Ultisols","Udults","Kandiudults","Plinthic Kandiudults","fine-loamy",-82.379225,32.3613444000001,4410580,"11N00475",4,32,74,"Bt","Sandy clay loam",293562,71.1999969,8.6999998,20.1000004,NA,"10YR",6,6
890495,"Dothan","DOTHAN","Fine-loamy, kaolinitic, thermic Plinthic Kandiudults","Ultisols","Udults","Kandiudults","Plinthic Kandiudults","fine-loamy",-82.379225,32.3613444000001,4410581,"11N00476",5,74,100,"Btv1","Sandy clay",293563,51.5999985,5.9000001,42.5,NA,"10YR",6,6
890495,"Dothan","DOTHAN","Fine-loamy, kaolinitic, thermic Plinthic Kandiudults","Ultisols","Udults","Kandiudults","Plinthic Kandiudults","fine-loamy",-82.379225,32.3613444000001,4410582,"11N00477",6,100,140,"Btv2","Sandy clay",293564,53,5.1999998,41.7999992,NA,"10YR",6,4
890495,"Dothan","DOTHAN","Fine-loamy, kaolinitic, thermic Plinthic Kandiudults","Ultisols","Udults","Kandiudults","Plinthic Kandiudults","fine-loamy",-82.379225,32.3613444000001,4410583,"11N00478",7,140,183,"Bc","Sandy clay",293565,49.9000015,6.4000001,43.7000008,NA,"5Y",7,1
890495,"Dothan","DOTHAN","Fine-loamy, kaolinitic, thermic Plinthic Kandiudults","Ultisols","Udults","Kandiudults","Plinthic Kandiudults","fine-loamy",-82.379225,32.3613444000001,4410578,"11N00472",1,0,2,"A","Loamy sand",293559,83,11.5,5.5,NA,"10YR",4,2
890496,"Dothan","DOTHAN","Fine-loamy, kaolinitic, thermic Plinthic Kandiudults","Ultisols","Udults","Kandiudults","Plinthic Kandiudults","fine-loamy",-82.3792278,32.3617472,4410585,"11N00480",9,2,10,"A","Loamy sand",432739,85.5999985,9.8000002,4.5999999,NA,"10YR",5,2
890496,"Dothan","DOTHAN","Fine-loamy, kaolinitic, thermic Plinthic Kandiudults","Ultisols","Udults","Kandiudults","Plinthic Kandiudults","fine-loamy",-82.3792278,32.3617472,4410586,"11N00481",10,10,38,"E","Loamy sand",432740,85,9.6999998,5.3000002,NA,"10YR",6,4
890496,"Dothan","DOTHAN","Fine-loamy, kaolinitic, thermic Plinthic Kandiudults","Ultisols","Udults","Kandiudults","Plinthic Kandiudults","fine-loamy",-82.3792278,32.3617472,4410587,"11N00482",11,38,50,"Bt","Sandy clay loam",432741,63.7999992,8.3999996,27.7999992,NA,"10YR",6,6
890496,"Dothan","DOTHAN","Fine-loamy, kaolinitic, thermic Plinthic Kandiudults","Ultisols","Udults","Kandiudults","Plinthic Kandiudults","fine-loamy",-82.3792278,32.3617472,4410585,"11N00479",8,0,2,"A","Loamy sand",432738,86.5,9.5,4,NA,"10YR",5,2
890497,"Tifton","TIFTON","Fine-loamy, kaolinitic, thermic Plinthic Kandiudults","Ultisols","Udults","Kandiudults","Plinthic Kandiudults","fine-loamy",-82.3790556,32.3614528000001,4410589,"11N00484",13,2,15,"A","Loamy sand",432743,83.5999985,9.8000002,6.5999999,NA,"10YR",4,2
890497,"Tifton","TIFTON","Fine-loamy, kaolinitic, thermic Plinthic Kandiudults","Ultisols","Udults","Kandiudults","Plinthic Kandiudults","fine-loamy",-82.3790556,32.3614528000001,4410590,"11N00485",14,15,34,"Ec","Sandy loam",432744,77.1999969,12.5,10.3000002,NA,"10YR",6,4
890497,"Tifton","TIFTON","Fine-loamy, kaolinitic, thermic Plinthic Kandiudults","Ultisols","Udults","Kandiudults","Plinthic Kandiudults","fine-loamy",-82.3790556,32.3614528000001,4410591,"11N00486",15,34,50,"Btc","Sandy clay loam",432745,66,9.6999998,24.2999992,NA,"10YR",6,6
890497,"Tifton","TIFTON","Fine-loamy, kaolinitic, thermic Plinthic Kandiudults","Ultisols","Udults","Kandiudults","Plinthic Kandiudults","fine-loamy",-82.3790556,32.3614528000001,4410589,"11N00483",12,0,2,"A","Loamy sand",432742,84.4000015,10.1000004,5.5,NA,"10YR",4,2
890498,"Dothan","DOTHAN","Fine-loamy, kaolinitic, thermic Plinthic Kandiudults","Ultisols","Udults","Kandiudults","Plinthic Kandiudults","fine-loamy",-82.3788443999999,32.3611472000001,4410593,"11N00488",17,2,18,"A","Loamy sand",432747,83.3000031,11.6999998,5,NA,"10YR",5,2
890498,"Dothan","DOTHAN","Fine-loamy, kaolinitic, thermic Plinthic Kandiudults","Ultisols","Udults","Kandiudults","Plinthic Kandiudults","fine-loamy",-82.3788443999999,32.3611472000001,4410594,"11N00489",18,18,45,"Bt","Sandy clay loam",432748,70.1999969,9.3000002,20.5,NA,"10YR",6,6
890498,"Dothan","DOTHAN","Fine-loamy, kaolinitic, thermic Plinthic Kandiudults","Ultisols","Udults","Kandiudults","Plinthic Kandiudults","fine-loamy",-82.3788443999999,32.3611472000001,4410593,"11N00487",16,0,2,"A","Sandy loam",432746,79.0999985,11.3000002,9.6000004,NA,"10YR",5,2
890499,"Dothan","DOTHAN","Fine-loamy, kaolinitic, thermic Plinthic Kandiudults","Ultisols","Udults","Kandiudults","Plinthic Kandiudults","fine-loamy",-82.3792888999999,32.3611000000001,4410596,"11N00491",20,2,16,"A","Loamy sand",432750,84.5999985,9.8999996,5.5,NA,"10YR",4,2
890499,"Dothan","DOTHAN","Fine-loamy, kaolinitic, thermic Plinthic Kandiudults","Ultisols","Udults","Kandiudults","Plinthic Kandiudults","fine-loamy",-82.3792888999999,32.3611000000001,4410597,"11N00493",22,26,45,"Bt","Sandy clay loam",432752,59.2999992,8.1999998,32.5,NA,"10YR",6,6
890499,"Dothan","DOTHAN","Fine-loamy, kaolinitic, thermic Plinthic Kandiudults","Ultisols","Udults","Kandiudults","Plinthic Kandiudults","fine-loamy",-82.3792888999999,32.3611000000001,4410598,"11N00492",21,16,26,"E","Loamy sand",432751,83.3000031,9.3999996,7.3000002,NA,"10YR",6,4
890499,"Dothan","DOTHAN","Fine-loamy, kaolinitic, thermic Plinthic Kandiudults","Ultisols","Udults","Kandiudults","Plinthic Kandiudults","fine-loamy",-82.3792888999999,32.3611000000001,4410596,"11N00490",19,0,2,"A","Loamy sand",432749,84.8000031,10.3000002,4.9000001,NA,"10YR",4,2
890500,"Dothan","DOTHAN","Fine-loamy, kaolinitic, thermic Plinthic Kandiudults","Ultisols","Udults","Kandiudults","Plinthic Kandiudults","fine-loamy",-82.379725,32.3611750000001,4410600,"11N00495",24,2,11,"A","Loamy sand",432754,85.5,10.1999998,4.3000002,NA,"10YR",4,2
890500,"Dothan","DOTHAN","Fine-loamy, kaolinitic, thermic Plinthic Kandiudults","Ultisols","Udults","Kandiudults","Plinthic Kandiudults","fine-loamy",-82.379725,32.3611750000001,4410601,"11N00496",25,11,20,"AE","Loamy sand",432755,83.9000015,10.8999996,5.1999998,NA,"10YR",6,3
890500,"Dothan","DOTHAN","Fine-loamy, kaolinitic, thermic Plinthic Kandiudults","Ultisols","Udults","Kandiudults","Plinthic Kandiudults","fine-loamy",-82.379725,32.3611750000001,4410602,"11N00497",26,20,45,"Bt","Sandy clay loam",432756,68.0999985,9.3999996,22.5,NA,"10YR",6,6
890500,"Dothan","DOTHAN","Fine-loamy, kaolinitic, thermic Plinthic Kandiudults","Ultisols","Udults","Kandiudults","Plinthic Kandiudults","fine-loamy",-82.379725,32.3611750000001,4410600,"11N00494",23,0,2,"A","Loamy sand",432753,84.1999969,11.3000002,4.5,NA,"10YR",4,2
890501,"Dothan","DOTHAN","Fine-loamy, kaolinitic, thermic Plinthic Kandiudults","Ultisols","Udults","Kandiudults","Plinthic Kandiudults","fine-loamy",-82.3794861,32.3614667000001,4410604,"11N00499",28,2,22,"A","Loamy sand",432758,82.5999985,13,4.4000001,NA,"10YR",4,2
890501,"Dothan","DOTHAN","Fine-loamy, kaolinitic, thermic Plinthic Kandiudults","Ultisols","Udults","Kandiudults","Plinthic Kandiudults","fine-loamy",-82.3794861,32.3614667000001,4410605,"11N00500",29,22,30,"E","Loamy sand",432759,83.5,11.6999998,4.8000002,NA,"10YR",6,3
890501,"Dothan","DOTHAN","Fine-loamy, kaolinitic, thermic Plinthic Kandiudults","Ultisols","Udults","Kandiudults","Plinthic Kandiudults","fine-loamy",-82.3794861,32.3614667000001,4410606,"11N00501",30,30,45,"Bt","Sandy clay loam",432760,69,10.6999998,20.2999992,NA,"10YR",6,6
890501,"Dothan","DOTHAN","Fine-loamy, kaolinitic, thermic Plinthic Kandiudults","Ultisols","Udults","Kandiudults","Plinthic Kandiudults","fine-loamy",-82.3794861,32.3614667000001,4410604,"11N00498",27,0,2,"A","Loamy sand",432757,84.1999969,11.6999998,4.0999999,NA,"10YR",4,2
890502,"Dothan","DOTHAN","Fine-loamy, kaolinitic, thermic Plinthic Kandiudults","Ultisols","Udults","Kandiudults","Plinthic Kandiudults","fine-loamy",-82.3019611,32.5953306000001,4410608,"11N00503",32,2,20,"A","Sand",432762,88.8000031,9.3000002,1.9,NA,"10YR",5,2
890502,"Dothan","DOTHAN","Fine-loamy, kaolinitic, thermic Plinthic Kandiudults","Ultisols","Udults","Kandiudults","Plinthic Kandiudults","fine-loamy",-82.3019611,32.5953306000001,4410609,"11N00504",33,20,40,"E","Loamy sand",432763,85.6999969,11.8000002,2.5,NA,"10YR",6,4
890502,"Dothan","DOTHAN","Fine-loamy, kaolinitic, thermic Plinthic Kandiudults","Ultisols","Udults","Kandiudults","Plinthic Kandiudults","fine-loamy",-82.3019611,32.5953306000001,4410610,"11N00505",34,40,55,"Bt","Sandy loam",432764,77.1999969,13,9.8000002,NA,"10YR",6,6
890502,"Dothan","DOTHAN","Fine-loamy, kaolinitic, thermic Plinthic Kandiudults","Ultisols","Udults","Kandiudults","Plinthic Kandiudults","fine-loamy",-82.3019611,32.5953306000001,4410611,"11N00506",35,55,98,"Btv1","Sandy clay loam",432765,60.5999985,5.9000001,33.5,NA,"10YR",6,6
890502,"Dothan","DOTHAN","Fine-loamy, kaolinitic, thermic Plinthic Kandiudults","Ultisols","Udults","Kandiudults","Plinthic Kandiudults","fine-loamy",-82.3019611,32.5953306000001,4410612,"11N00507",36,98,129,"Btv2","Sandy clay loam",432766,64.6999969,5,30.2999992,NA,"10YR",6,4
890502,"Dothan","DOTHAN","Fine-loamy, kaolinitic, thermic Plinthic Kandiudults","Ultisols","Udults","Kandiudults","Plinthic Kandiudults","fine-loamy",-82.3019611,32.5953306000001,4410613,"11N00508",37,129,150,"BC","Sandy clay loam",432767,70.6999969,4.5,24.7999992,NA,"10YR",6,4
890502,"Dothan","DOTHAN","Fine-loamy, kaolinitic, thermic Plinthic Kandiudults","Ultisols","Udults","Kandiudults","Plinthic Kandiudults","fine-loamy",-82.3019611,32.5953306000001,4410614,"11N00509",38,150,183,"C","Sandy loam",432768,75.5,4.5999999,19.8999996,NA,"2.5YR",6,4
890502,"Dothan","DOTHAN","Fine-loamy, kaolinitic, thermic Plinthic Kandiudults","Ultisols","Udults","Kandiudults","Plinthic Kandiudults","fine-loamy",-82.3019611,32.5953306000001,4410608,"11N00502",31,0,2,"A","Sand",432761,88.9000015,9.3000002,1.8,NA,"10YR",5,2
890503,"Dothan","DOTHAN","Fine-loamy, kaolinitic, thermic Plinthic Kandiudults","Ultisols","Udults","Kandiudults","Plinthic Kandiudults","fine-loamy",-82.3019528,32.5957444000001,4410616,"11N00511",40,2,17,"A","Sand",432770,87.5999985,7.5,4.9000001,NA,"10YR",6,2
890503,"Dothan","DOTHAN","Fine-loamy, kaolinitic, thermic Plinthic Kandiudults","Ultisols","Udults","Kandiudults","Plinthic Kandiudults","fine-loamy",-82.3019528,32.5957444000001,4410617,"11N00512",41,17,30,"E","Loamy sand",432771,84.8000031,8.3999996,6.8000002,NA,"10YR",6,3
890503,"Dothan","DOTHAN","Fine-loamy, kaolinitic, thermic Plinthic Kandiudults","Ultisols","Udults","Kandiudults","Plinthic Kandiudults","fine-loamy",-82.3019528,32.5957444000001,4410618,"11N00513",42,30,50,"Bt","Sandy loam",432772,74.4000015,8.8000002,16.7999992,NA,"10YR",6,6
890503,"Dothan","DOTHAN","Fine-loamy, kaolinitic, thermic Plinthic Kandiudults","Ultisols","Udults","Kandiudults","Plinthic Kandiudults","fine-loamy",-82.3019528,32.5957444000001,4410616,"11N00510",39,0,2,"A","Sand",432769,89.1999969,5.8000002,5,NA,"10YR",6,2
890504,"Dothan","DOTHAN","Fine-loamy, kaolinitic, thermic Plinthic Kandiudults","Ultisols","Udults","Kandiudults","Plinthic Kandiudults","fine-loamy",-82.3017889,32.5954444000001,4410620,"11N00515",44,2,23,"A","Sand",432774,88.4000015,7.5,4.0999999,NA,"10YR",6,2
890504,"Dothan","DOTHAN","Fine-loamy, kaolinitic, thermic Plinthic Kandiudults","Ultisols","Udults","Kandiudults","Plinthic Kandiudults","fine-loamy",-82.3017889,32.5954444000001,4410621,"11N00516",45,23,45,"E","Loamy sand",432775,86.6999969,8.3999996,4.9000001,NA,"10YR",7,3
890504,"Dothan","DOTHAN","Fine-loamy, kaolinitic, thermic Plinthic Kandiudults","Ultisols","Udults","Kandiudults","Plinthic Kandiudults","fine-loamy",-82.3017889,32.5954444000001,4410622,"11N00517",46,45,50,"Bt","Sandy loam",432776,72.8000031,8.3000002,18.8999996,NA,"10YR",6,6
890504,"Dothan","DOTHAN","Fine-loamy, kaolinitic, thermic Plinthic Kandiudults","Ultisols","Udults","Kandiudults","Plinthic Kandiudults","fine-loamy",-82.3017889,32.5954444000001,4410620,"11N00514",43,0,2,"A","Sand",432773,89.6999969,6.8000002,3.5,NA,"10YR",6,2
890505,"Fuquay","FUQUAY","Loamy, kaolinitic, thermic Arenic Plinthic Kandiudults","Ultisols","Udults","Kandiudults","Arenic Plinthic Kandiudults","loamy",-82.3015778,32.5951333,4410624,"11N00519",48,2,27,"A","Sand",432778,88.9000015,6.9000001,4.1999998,NA,"10YR",6,2
890505,"Fuquay","FUQUAY","Loamy, kaolinitic, thermic Arenic Plinthic Kandiudults","Ultisols","Udults","Kandiudults","Arenic Plinthic Kandiudults","loamy",-82.3015778,32.5951333,4410625,"11N00520",49,27,48,"E1","Loamy sand",432779,87.0999985,7.5999999,5.3000002,NA,"10YR",6,3
890505,"Fuquay","FUQUAY","Loamy, kaolinitic, thermic Arenic Plinthic Kandiudults","Ultisols","Udults","Kandiudults","Arenic Plinthic Kandiudults","loamy",-82.3015778,32.5951333,4410627,"11N00521",50,48,53,"E2","Loamy sand",432780,83.5,7.3000002,9.1999998,NA,"10YR",6,4
890505,"Fuquay","FUQUAY","Loamy, kaolinitic, thermic Arenic Plinthic Kandiudults","Ultisols","Udults","Kandiudults","Arenic Plinthic Kandiudults","loamy",-82.3015778,32.5951333,4410624,"11N00518",47,0,2,"A","Sand",432777,89.9000015,6.6999998,3.4000001,NA,"10YR",6,2
890506,"Fuquay","FUQUAY","Loamy, kaolinitic, thermic Arenic Plinthic Kandiudults","Ultisols","Udults","Kandiudults","Arenic Plinthic Kandiudults","loamy",-82.3020222,32.5950917000001,4410628,"11N00524",53,10,54,"E1","Sand",432783,88.3000031,9,2.7,NA,"10YR",6,3
890506,"Fuquay","FUQUAY","Loamy, kaolinitic, thermic Arenic Plinthic Kandiudults","Ultisols","Udults","Kandiudults","Arenic Plinthic Kandiudults","loamy",-82.3020222,32.5950917000001,4410630,"11N00523",52,2,10,"A","Sand",432782,90.1999969,5.9000001,3.9000001,NA,"10YR",5,2
890506,"Fuquay","FUQUAY","Loamy, kaolinitic, thermic Arenic Plinthic Kandiudults","Ultisols","Udults","Kandiudults","Arenic Plinthic Kandiudults","loamy",-82.3020222,32.5950917000001,4410630,"11N00522",51,0,2,"A","Sand",432781,89.3000031,6.5,4.1999998,NA,"10YR",5,2
890507,"Fuquay","FUQUAY","Loamy, kaolinitic, thermic Arenic Plinthic Kandiudults","Ultisols","Udults","Kandiudults","Arenic Plinthic Kandiudults","loamy",-82.3024611,32.5951694,4410634,"11N00526",55,2,23,"A","Sand",432785,89,8.8999996,2.0999999,NA,"10YR",6,2
890507,"Fuquay","FUQUAY","Loamy, kaolinitic, thermic Arenic Plinthic Kandiudults","Ultisols","Udults","Kandiudults","Arenic Plinthic Kandiudults","loamy",-82.3024611,32.5951694,4410635,"11N00527",56,23,76,"E1","Sand",432786,87.0999985,9.8999996,3,NA,"10YR",6,3
890507,"Fuquay","FUQUAY","Loamy, kaolinitic, thermic Arenic Plinthic Kandiudults","Ultisols","Udults","Kandiudults","Arenic Plinthic Kandiudults","loamy",-82.3024611,32.5951694,4410634,"11N00525",54,0,2,"A","Sand",432784,90,8.6999998,1.3,NA,"10YR",6,2
890508,"Fuquay","FUQUAY","Loamy, kaolinitic, thermic Arenic Plinthic Kandiudults","Ultisols","Udults","Kandiudults","Arenic Plinthic Kandiudults","loamy",-82.3022194,32.5954583000001,4410639,"11N00529",58,2,22,"A","Sand",432788,88.6999969,10.1000004,1.2,NA,"10YR",6,2
890508,"Fuquay","FUQUAY","Loamy, kaolinitic, thermic Arenic Plinthic Kandiudults","Ultisols","Udults","Kandiudults","Arenic Plinthic Kandiudults","loamy",-82.3022194,32.5954583000001,4410640,"11N00530",59,22,50,"E","Sand",432789,88.8000031,10.3000002,0.9,NA,"10YR",6,3
890508,"Fuquay","FUQUAY","Loamy, kaolinitic, thermic Arenic Plinthic Kandiudults","Ultisols","Udults","Kandiudults","Arenic Plinthic Kandiudults","loamy",-82.3022194,32.5954583000001,4410639,"11N00528",57,0,2,"A","Sand",432787,91,7.5999999,1.4,NA,"10YR",6,2
890509,"Dothan","DOTHAN","Fine-loamy, kaolinitic, thermic Plinthic Kandiudults","Ultisols","Udults","Kandiudults","Plinthic Kandiudults","fine-loamy",-83.3633306,32.3962028,4410642,"11N00355",2,2,26,"","Loamy sand",290942,81.4000015,12.6000004,6,NA,"10YR",4,2
890509,"Dothan","DOTHAN","Fine-loamy, kaolinitic, thermic Plinthic Kandiudults","Ultisols","Udults","Kandiudults","Plinthic Kandiudults","fine-loamy",-83.3633306,32.3962028,4410643,"11N00356",3,26,95,"","Sandy clay loam",290943,61.5,10.6000004,27.8999996,NA,"10YR",6,6
890509,"Dothan","DOTHAN","Fine-loamy, kaolinitic, thermic Plinthic Kandiudults","Ultisols","Udults","Kandiudults","Plinthic Kandiudults","fine-loamy",-83.3633306,32.3962028,4410644,"11N00357",4,95,140,"","Sandy clay",290944,47,7.6999998,45.2999992,NA,"10YR",6,6
890509,"Dothan","DOTHAN","Fine-loamy, kaolinitic, thermic Plinthic Kandiudults","Ultisols","Udults","Kandiudults","Plinthic Kandiudults","fine-loamy",-83.3633306,32.3962028,4410645,"11N00358",5,140,183,"","Sandy clay",290945,48.5999985,9,42.4000015,NA,"10YR",6,4
890509,"Dothan","DOTHAN","Fine-loamy, kaolinitic, thermic Plinthic Kandiudults","Ultisols","Udults","Kandiudults","Plinthic Kandiudults","fine-loamy",-83.3633306,32.3962028,4410642,"11N00354",1,0,2,"","Loamy sand",290941,81.4000015,12,6.5999999,NA,"10YR",4,2
890510,"Dothan","DOTHAN","Fine-loamy, kaolinitic, thermic Plinthic Kandiudults","Ultisols","Udults","Kandiudults","Plinthic Kandiudults","fine-loamy",-83.3633333,32.3966111,4410647,"11N00360",7,2,28,"A","Loamy sand",432696,82.9000015,11.6000004,5.5,NA,"10YR",4,2
890510,"Dothan","DOTHAN","Fine-loamy, kaolinitic, thermic Plinthic Kandiudults","Ultisols","Udults","Kandiudults","Plinthic Kandiudults","fine-loamy",-83.3633333,32.3966111,4410648,"11N00361",8,28,50,"Bt","Sandy loam",432697,66.5999985,14.1999998,19.2000008,NA,"10YR",6,6
890510,"Dothan","DOTHAN","Fine-loamy, kaolinitic, thermic Plinthic Kandiudults","Ultisols","Udults","Kandiudults","Plinthic Kandiudults","fine-loamy",-83.3633333,32.3966111,4410647,"11N00359",6,0,2,"A","Sandy loam",432695,72.8000031,12.1999998,15,NA,"10YR",4,2
890511,"Dothan","DOTHAN","Fine-loamy, kaolinitic, thermic Plinthic Kandiudults","Ultisols","Udults","Kandiudults","Plinthic Kandiudults","fine-loamy",-83.3631583,32.3963167000001,4410650,"11N00363",10,2,28,"A","Loamy sand",432699,79.4000015,13,7.5999999,NA,"10YR",4,2
890511,"Dothan","DOTHAN","Fine-loamy, kaolinitic, thermic Plinthic Kandiudults","Ultisols","Udults","Kandiudults","Plinthic Kandiudults","fine-loamy",-83.3631583,32.3963167000001,4410651,"11N00364",11,28,50,"Bt","Sandy clay loam",432700,66.5999985,13.3999996,20,NA,"10YR",6,6
890511,"Dothan","DOTHAN","Fine-loamy, kaolinitic, thermic Plinthic Kandiudults","Ultisols","Udults","Kandiudults","Plinthic Kandiudults","fine-loamy",-83.3631583,32.3963167000001,4410650,"11N00362",9,0,2,"A","Loamy sand",432698,80,11.8000002,8.1999998,NA,"10YR",4,2
890512,"Dothan","DOTHAN","Fine-loamy, kaolinitic, thermic Plinthic Kandiudults","Ultisols","Udults","Kandiudults","Plinthic Kandiudults","fine-loamy",-83.3629194,32.3960250000001,4410653,"11N00366",13,2,25,"A","Loamy sand",432702,85.1999969,10.6999998,4.0999999,NA,"10YR",4,2
890512,"Dothan","DOTHAN","Fine-loamy, kaolinitic, thermic Plinthic Kandiudults","Ultisols","Udults","Kandiudults","Plinthic Kandiudults","fine-loamy",-83.3629194,32.3960250000001,4410654,"11N00367",14,25,50,"Bt","Sandy loam",432703,71.6999969,13,15.3000002,NA,"10YR",6,6
890512,"Dothan","DOTHAN","Fine-loamy, kaolinitic, thermic Plinthic Kandiudults","Ultisols","Udults","Kandiudults","Plinthic Kandiudults","fine-loamy",-83.3629194,32.3960250000001,4410653,"11N00365",12,0,2,"A","Loamy sand",432701,82.3000031,10.5,7.1999998,NA,"10YR",4,2
890513,"Dothan","DOTHAN","Fine-loamy, kaolinitic, thermic Plinthic Kandiudults","Ultisols","Udults","Kandiudults","Plinthic Kandiudults","fine-loamy",-83.3634028,32.3959444000001,4410656,"11N00369",16,2,25,"A","Loamy sand",432705,81.0999985,14.1000004,4.8000002,NA,"10YR",4,2
890513,"Dothan","DOTHAN","Fine-loamy, kaolinitic, thermic Plinthic Kandiudults","Ultisols","Udults","Kandiudults","Plinthic Kandiudults","fine-loamy",-83.3634028,32.3959444000001,4410657,"11N00370",17,25,50,"Bt","Sandy loam",432706,71.8000031,13.3000002,14.8999996,NA,"10YR",6,6
890513,"Dothan","DOTHAN","Fine-loamy, kaolinitic, thermic Plinthic Kandiudults","Ultisols","Udults","Kandiudults","Plinthic Kandiudults","fine-loamy",-83.3634028,32.3959444000001,4410656,"11N00368",15,0,2,"A","Loamy sand",432704,84.0999985,13,2.9000001,NA,"10YR",4,2
890514,"Dothan","DOTHAN","Fine-loamy, kaolinitic, thermic Plinthic Kandiudults","Ultisols","Udults","Kandiudults","Plinthic Kandiudults","fine-loamy",-83.3638472,32.3960528000001,4410659,"11N00372",19,2,30,"A","Loamy sand",432708,78.6999969,15,6.3000002,NA,"10YR",3,2
890514,"Dothan","DOTHAN","Fine-loamy, kaolinitic, thermic Plinthic Kandiudults","Ultisols","Udults","Kandiudults","Plinthic Kandiudults","fine-loamy",-83.3638472,32.3960528000001,4410660,"11N00373",20,30,50,"Bt","Sandy loam",432709,71.4000015,12.8000002,15.8000002,NA,"10YR",6,6
890514,"Dothan","DOTHAN","Fine-loamy, kaolinitic, thermic Plinthic Kandiudults","Ultisols","Udults","Kandiudults","Plinthic Kandiudults","fine-loamy",-83.3638472,32.3960528000001,4410659,"11N00371",18,0,2,"A","Loamy sand",432707,78,16.6000004,5.4000001,NA,"10YR",3,2
890515,"Dothan","DOTHAN","Fine-loamy, kaolinitic, thermic Plinthic Kandiudults","Ultisols","Udults","Kandiudults","Plinthic Kandiudults","fine-loamy",-83.363597,32.3962040000001,4410662,"11N00375",22,2,6,"Ap1","Sandy loam",432711,75.6999969,12.6999998,11.6000004,NA,"10YR",5,3
890515,"Dothan","DOTHAN","Fine-loamy, kaolinitic, thermic Plinthic Kandiudults","Ultisols","Udults","Kandiudults","Plinthic Kandiudults","fine-loamy",-83.363597,32.3962040000001,4410663,"11N00376",23,6,25,"Ap2","Sandy loam",432712,77.5,10.6000004,11.8999996,NA,"10YR",6,3
890515,"Dothan","DOTHAN","Fine-loamy, kaolinitic, thermic Plinthic Kandiudults","Ultisols","Udults","Kandiudults","Plinthic Kandiudults","fine-loamy",-83.363597,32.3962040000001,4410664,"11N00377",24,25,50,"Bt","Sandy clay loam",432713,63.0999985,11.6000004,25.2999992,NA,"10YR",6,6
890515,"Dothan","DOTHAN","Fine-loamy, kaolinitic, thermic Plinthic Kandiudults","Ultisols","Udults","Kandiudults","Plinthic Kandiudults","fine-loamy",-83.363597,32.3962040000001,4410662,"11N00374",21,0,2,"Ap1","Sandy loam",432710,75.5999985,12.8999996,11.5,NA,"10YR",5,3
890516,"Dothan","DOTHAN","Fine-loamy, kaolinitic, thermic Plinthic Kandiudults","Ultisols","Udults","Kandiudults","Plinthic Kandiudults","fine-loamy",-83.3591972,32.3410778000001,4410666,"11N00379",26,2,28,"Ap","Loamy sand",432715,82.4000015,12,5.5999999,NA,"10YR",3,2
890516,"Dothan","DOTHAN","Fine-loamy, kaolinitic, thermic Plinthic Kandiudults","Ultisols","Udults","Kandiudults","Plinthic Kandiudults","fine-loamy",-83.3591972,32.3410778000001,4410667,"11N00380",27,28,85,"Bt1","Sandy clay loam",432716,60.5999985,13.5,25.8999996,NA,"10YR",6,6
890516,"Dothan","DOTHAN","Fine-loamy, kaolinitic, thermic Plinthic Kandiudults","Ultisols","Udults","Kandiudults","Plinthic Kandiudults","fine-loamy",-83.3591972,32.3410778000001,4410668,"11N00383",30,155,183,"Btv","Sandy clay",432719,45.0999985,8.3999996,46.5,NA,"10YR",6,3
890516,"Dothan","DOTHAN","Fine-loamy, kaolinitic, thermic Plinthic Kandiudults","Ultisols","Udults","Kandiudults","Plinthic Kandiudults","fine-loamy",-83.3591972,32.3410778000001,4410669,"11N00381",28,85,120,"Bt2","Sandy clay",432717,52.2999992,8.3999996,39.2999992,NA,"10YR",6,6
890516,"Dothan","DOTHAN","Fine-loamy, kaolinitic, thermic Plinthic Kandiudults","Ultisols","Udults","Kandiudults","Plinthic Kandiudults","fine-loamy",-83.3591972,32.3410778000001,4410670,"11N00382",29,120,155,"Bt3","Sandy clay",432718,50.7000008,7.6999998,41.5999985,NA,"10YR",6,4
890516,"Dothan","DOTHAN","Fine-loamy, kaolinitic, thermic Plinthic Kandiudults","Ultisols","Udults","Kandiudults","Plinthic Kandiudults","fine-loamy",-83.3591972,32.3410778000001,4410666,"11N00378",25,0,2,"Ap","Loamy sand",432714,84,11.5,4.5,NA,"10YR",3,2
890517,"Dothan","DOTHAN","Fine-loamy, kaolinitic, thermic Plinthic Kandiudults","Ultisols","Udults","Kandiudults","Plinthic Kandiudults","fine-loamy",-83.3591944,32.3414833,4410672,"11N00385",32,2,24,"Ap","Sandy loam",432721,75.5999985,15.5,8.8999996,NA,"10YR",3,2
890517,"Dothan","DOTHAN","Fine-loamy, kaolinitic, thermic Plinthic Kandiudults","Ultisols","Udults","Kandiudults","Plinthic Kandiudults","fine-loamy",-83.3591944,32.3414833,4410673,"11N00386",33,24,50,"Bt","Sandy clay loam",432722,60.7000008,11.1999998,28.1000004,NA,"10YR",6,6
890517,"Dothan","DOTHAN","Fine-loamy, kaolinitic, thermic Plinthic Kandiudults","Ultisols","Udults","Kandiudults","Plinthic Kandiudults","fine-loamy",-83.3591944,32.3414833,4410672,"11N00384",31,0,2,"Ap","Sandy loam",432720,75.0999985,15.3999996,9.5,NA,"10YR",3,2
890518,"Dothan","DOTHAN","Fine-loamy, kaolinitic, thermic Plinthic Kandiudults","Ultisols","Udults","Kandiudults","Plinthic Kandiudults","fine-loamy",-83.3590278,32.3411861000001,4410675,"11N00388",35,2,30,"Ap","Sandy loam",432724,68.5999985,17.5,13.8999996,NA,"10YR",3,2
890518,"Dothan","DOTHAN","Fine-loamy, kaolinitic, thermic Plinthic Kandiudults","Ultisols","Udults","Kandiudults","Plinthic Kandiudults","fine-loamy",-83.3590278,32.3411861000001,4410676,"11N00389",36,30,50,"Bt","Sandy clay",432725,48.5999985,14.6000004,36.7999992,NA,"10YR",6,6
890518,"Dothan","DOTHAN","Fine-loamy, kaolinitic, thermic Plinthic Kandiudults","Ultisols","Udults","Kandiudults","Plinthic Kandiudults","fine-loamy",-83.3590278,32.3411861000001,4410675,"11N00387",34,0,2,"Ap","Sandy loam",432723,69.1999969,18.3999996,12.3999996,NA,"10YR",3,2
890519,"Dothan","DOTHAN","Fine-loamy, kaolinitic, thermic Plinthic Kandiudults","Ultisols","Udults","Kandiudults","Plinthic Kandiudults","fine-loamy",-83.3588139,32.3408806,4410678,"11N00391",38,2,18,"Ap","Sandy loam",432727,74.9000015,13.8999996,11.1999998,NA,"10YR",4,2
890519,"Dothan","DOTHAN","Fine-loamy, kaolinitic, thermic Plinthic Kandiudults","Ultisols","Udults","Kandiudults","Plinthic Kandiudults","fine-loamy",-83.3588139,32.3408806,4410679,"11N00392",39,18,50,"Bt","Sandy clay loam",432728,54.0999985,11,34.9000015,NA,"10YR",6,6
890519,"Dothan","DOTHAN","Fine-loamy, kaolinitic, thermic Plinthic Kandiudults","Ultisols","Udults","Kandiudults","Plinthic Kandiudults","fine-loamy",-83.3588139,32.3408806,4410678,"11N00390",37,0,2,"Ap","Sandy loam",432726,74.3000031,16.5,9.1999998,NA,"10YR",4,2
890520,"Dothan","DOTHAN","Fine-loamy, kaolinitic, thermic Plinthic Kandiudults","Ultisols","Udults","Kandiudults","Plinthic Kandiudults","fine-loamy",-83.3592528,32.3408306000001,4410681,"11N00394",41,2,25,"Ap","Loamy sand",432730,81.5,11.1000004,7.4000001,NA,"10YR",4,2
890520,"Dothan","DOTHAN","Fine-loamy, kaolinitic, thermic Plinthic Kandiudults","Ultisols","Udults","Kandiudults","Plinthic Kandiudults","fine-loamy",-83.3592528,32.3408306000001,4410682,"11N00395",42,25,50,"Bt","Sandy loam",432731,64.5999985,15.5,19.8999996,NA,"10YR",6,6
890520,"Dothan","DOTHAN","Fine-loamy, kaolinitic, thermic Plinthic Kandiudults","Ultisols","Udults","Kandiudults","Plinthic Kandiudults","fine-loamy",-83.3592528,32.3408306000001,4410681,"11N00393",40,0,2,"Ap","Sand",432729,89.1999969,8.6000004,2.2,NA,"10YR",4,2
890521,"Dothan","DOTHAN","Fine-loamy, kaolinitic, thermic Plinthic Kandiudults","Ultisols","Udults","Kandiudults","Plinthic Kandiudults","fine-loamy",-83.3596944,32.3409056,4410684,"11N00397",44,2,25,"Ap","Loamy sand",432733,83.3000031,12,4.6999998,NA,"10YR",4,2
890521,"Dothan","DOTHAN","Fine-loamy, kaolinitic, thermic Plinthic Kandiudults","Ultisols","Udults","Kandiudults","Plinthic Kandiudults","fine-loamy",-83.3596944,32.3409056,4410685,"11N00398",45,25,50,"Bt","Sandy clay loam",432734,65.5999985,12,22.3999996,NA,"10YR",6,6
890521,"Dothan","DOTHAN","Fine-loamy, kaolinitic, thermic Plinthic Kandiudults","Ultisols","Udults","Kandiudults","Plinthic Kandiudults","fine-loamy",-83.3596944,32.3409056,4410684,"11N00396",43,0,2,"Ap","Loamy sand",432732,84.6999969,10.8999996,4.4000001,NA,"10YR",4,2
890522,"Dothan","DOTHAN","Fine-loamy, kaolinitic, thermic Plinthic Kandiudults","Ultisols","Udults","Kandiudults","Plinthic Kandiudults","fine-loamy",-83.3594611,32.3411972000001,4410687,"11N00400",47,2,28,"A","Loamy sand",432736,84.9000015,10.8000002,4.3000002,NA,"10YR",4,2
890522,"Dothan","DOTHAN","Fine-loamy, kaolinitic, thermic Plinthic Kandiudults","Ultisols","Udults","Kandiudults","Plinthic Kandiudults","fine-loamy",-83.3594611,32.3411972000001,4410688,"11N00401",48,28,50,"Bt","Sandy clay loam",432737,64.5999985,14.1000004,21.2999992,NA,"10YR",6,6
890522,"Dothan","DOTHAN","Fine-loamy, kaolinitic, thermic Plinthic Kandiudults","Ultisols","Udults","Kandiudults","Plinthic Kandiudults","fine-loamy",-83.3594611,32.3411972000001,4410687,"11N00399",46,0,2,"A","Loamy sand",432735,83.1999969,11.8999996,4.9000001,NA,"10YR",4,2
890523,"Tifton","TIFTON","Fine-loamy, kaolinitic, thermic Plinthic Kandiudults","Ultisols","Udults","Kandiudults","Plinthic Kandiudults","fine-loamy",-83.8405528,31.4123222000001,4410689,"11N00264",2,2,18,"Ac","Sand",287951,86.6999969,10.1000004,3.2,NA,"10YR",4,2
890523,"Tifton","TIFTON","Fine-loamy, kaolinitic, thermic Plinthic Kandiudults","Ultisols","Udults","Kandiudults","Plinthic Kandiudults","fine-loamy",-83.8405528,31.4123222000001,4410690,"11N00265",3,18,28,"Ec","Loamy sand",287952,85.8000031,10.3000002,3.9000001,NA,"10YR",6,4
890523,"Tifton","TIFTON","Fine-loamy, kaolinitic, thermic Plinthic Kandiudults","Ultisols","Udults","Kandiudults","Plinthic Kandiudults","fine-loamy",-83.8405528,31.4123222000001,4410691,"11N00266",4,28,45,"Btc1","Fine sandy loam",287953,76.3000031,9.5,14.1999998,NA,"10YR",6,6
890523,"Tifton","TIFTON","Fine-loamy, kaolinitic, thermic Plinthic Kandiudults","Ultisols","Udults","Kandiudults","Plinthic Kandiudults","fine-loamy",-83.8405528,31.4123222000001,4410692,"11N00267",5,45,80,"Btc2","Sandy clay loam",287954,58,7.6999998,34.2999992,NA,"10YR",6,6
890523,"Tifton","TIFTON","Fine-loamy, kaolinitic, thermic Plinthic Kandiudults","Ultisols","Udults","Kandiudults","Plinthic Kandiudults","fine-loamy",-83.8405528,31.4123222000001,4410693,"11N00268",6,80,115,"Btv1","Sandy clay loam",287955,64.0999985,7.3000002,28.6000004,NA,"10YR",6,6
890523,"Tifton","TIFTON","Fine-loamy, kaolinitic, thermic Plinthic Kandiudults","Ultisols","Udults","Kandiudults","Plinthic Kandiudults","fine-loamy",-83.8405528,31.4123222000001,4410694,"11N00269",7,115,160,"Btv2","Sandy clay loam",287956,65.0999985,6.8000002,28.1000004,NA,"10YR",6,4
890523,"Tifton","TIFTON","Fine-loamy, kaolinitic, thermic Plinthic Kandiudults","Ultisols","Udults","Kandiudults","Plinthic Kandiudults","fine-loamy",-83.8405528,31.4123222000001,4410689,"11N00263",1,0,2,"Ac","Loamy sand",287950,86.0999985,11,2.9000001,NA,"10YR",4,2
890524,"Tifton","TIFTON","Fine-loamy, kaolinitic, thermic Plinthic Kandiudults","Ultisols","Udults","Kandiudults","Plinthic Kandiudults","fine-loamy",-83.8405556,31.4127306,4410696,"11N00271",9,2,16,"Ac","Loamy sand",432624,85.5999985,10.6999998,3.7,NA,"10YR",4,2
890524,"Tifton","TIFTON","Fine-loamy, kaolinitic, thermic Plinthic Kandiudults","Ultisols","Udults","Kandiudults","Plinthic Kandiudults","fine-loamy",-83.8405556,31.4127306,4410697,"11N00273",11,26,45,"Btc","Loamy sand",432626,83.3000031,11.3999996,5.3000002,NA,"10YR",6,4
890524,"Tifton","TIFTON","Fine-loamy, kaolinitic, thermic Plinthic Kandiudults","Ultisols","Udults","Kandiudults","Plinthic Kandiudults","fine-loamy",-83.8405556,31.4127306,4410699,"11N00272",10,16,26,"ABc","Loamy sand",432625,85.0999985,11.1999998,3.7,NA,"10YR",4,2
890524,"Tifton","TIFTON","Fine-loamy, kaolinitic, thermic Plinthic Kandiudults","Ultisols","Udults","Kandiudults","Plinthic Kandiudults","fine-loamy",-83.8405556,31.4127306,4410696,"11N00270",8,0,2,"Ac","Loamy sand",432623,84.0999985,12,3.9000001,NA,"10YR",4,2
890525,"Tifton","TIFTON","Fine-loamy, kaolinitic, thermic Plinthic Kandiudults","Ultisols","Udults","Kandiudults","Plinthic Kandiudults","fine-loamy",-83.8403833,31.4124361,4410700,"11N00275",14,2,18,"Ac","Loamy sand",432628,85.5999985,10.5,3.9000001,NA,"10YR",4,2
890525,"Tifton","TIFTON","Fine-loamy, kaolinitic, thermic Plinthic Kandiudults","Ultisols","Udults","Kandiudults","Plinthic Kandiudults","fine-loamy",-83.8403833,31.4124361,4410701,"11N00276",15,18,29,"BAc","Loamy sand",432629,85.9000015,10.1000004,4,NA,"10YR",6,3
890525,"Tifton","TIFTON","Fine-loamy, kaolinitic, thermic Plinthic Kandiudults","Ultisols","Udults","Kandiudults","Plinthic Kandiudults","fine-loamy",-83.8403833,31.4124361,4410702,"11N00277",16,29,45,"Btc","Fine sandy loam",432630,75.3000031,9.6000004,15.1000004,NA,"10YR",6,4
890525,"Tifton","TIFTON","Fine-loamy, kaolinitic, thermic Plinthic Kandiudults","Ultisols","Udults","Kandiudults","Plinthic Kandiudults","fine-loamy",-83.8403833,31.4124361,4410700,"11N00274",13,0,2,"Ac","Loamy sand",432627,85,11.1999998,3.8,NA,"10YR",4,2
890526,"Tifton","TIFTON","Fine-loamy, kaolinitic, thermic Plinthic Kandiudults","Ultisols","Udults","Kandiudults","Plinthic Kandiudults","fine-loamy",-83.8401722,31.4121306000001,4410704,"11N00279",18,2,10,"Ac","Loamy sand",432632,86,10.1000004,3.9000001,NA,"10YR",4,2
890526,"Tifton","TIFTON","Fine-loamy, kaolinitic, thermic Plinthic Kandiudults","Ultisols","Udults","Kandiudults","Plinthic Kandiudults","fine-loamy",-83.8401722,31.4121306000001,4410706,"11N00281",20,30,45,"Btc","Fine sandy loam",432634,77.5999985,9.6999998,12.6999998,NA,"10YR",6,6
890526,"Tifton","TIFTON","Fine-loamy, kaolinitic, thermic Plinthic Kandiudults","Ultisols","Udults","Kandiudults","Plinthic Kandiudults","fine-loamy",-83.8401722,31.4121306000001,4410707,"11N00280",19,10,30,"BAc","Loamy sand",432633,85.3000031,10.1999998,4.5,NA,"10YR",6,4
890526,"Tifton","TIFTON","Fine-loamy, kaolinitic, thermic Plinthic Kandiudults","Ultisols","Udults","Kandiudults","Plinthic Kandiudults","fine-loamy",-83.8401722,31.4121306000001,4410704,"11N00278",17,0,2,"Ac","Sand",432631,87.0999985,9.6999998,3.2,NA,"10YR",4,2
890527,"Tifton","TIFTON","Fine-loamy, kaolinitic, thermic Plinthic Kandiudults","Ultisols","Udults","Kandiudults","Plinthic Kandiudults","fine-loamy",-83.8406083,31.4120806,4410708,"11N00282",21,0,2,"Ac","Loamy sand",432635,85.9000015,10.8999996,3.2,NA,"10YR",4,2
890527,"Tifton","TIFTON","Fine-loamy, kaolinitic, thermic Plinthic Kandiudults","Ultisols","Udults","Kandiudults","Plinthic Kandiudults","fine-loamy",-83.8406083,31.4120806,4410710,"11N00284",23,14,30,"BAc","Loamy sand",432637,85.4000015,10.3000002,4.3000002,NA,"10YR",6,4
890527,"Tifton","TIFTON","Fine-loamy, kaolinitic, thermic Plinthic Kandiudults","Ultisols","Udults","Kandiudults","Plinthic Kandiudults","fine-loamy",-83.8406083,31.4120806,4410711,"11N00285",24,30,45,"Btc","Fine sandy loam",432638,76.4000015,9.8000002,13.8000002,NA,"10YR",6,6
890527,"Tifton","TIFTON","Fine-loamy, kaolinitic, thermic Plinthic Kandiudults","Ultisols","Udults","Kandiudults","Plinthic Kandiudults","fine-loamy",-83.8406083,31.4120806,4410708,"11N00283",22,2,14,"Ac","Loamy sand",432636,86.3000031,10.1000004,3.5999999,NA,"10YR",4,2
890528,"Tifton","TIFTON","Fine-loamy, kaolinitic, thermic Plinthic Kandiudults","Ultisols","Udults","Kandiudults","Plinthic Kandiudults","fine-loamy",-83.8410388999999,31.4121500000001,4410713,"11N00287",26,2,20,"Apc","Loamy sand",432640,87.5999985,6.4000001,6,NA,"10YR",4,2
890528,"Tifton","TIFTON","Fine-loamy, kaolinitic, thermic Plinthic Kandiudults","Ultisols","Udults","Kandiudults","Plinthic Kandiudults","fine-loamy",-83.8410388999999,31.4121500000001,4410714,"11N00288",27,20,40,"BAc","Fine sandy loam",432641,80.9000015,6.8000002,12.3000002,NA,"10YR",6,3
890528,"Tifton","TIFTON","Fine-loamy, kaolinitic, thermic Plinthic Kandiudults","Ultisols","Udults","Kandiudults","Plinthic Kandiudults","fine-loamy",-83.8410388999999,31.4121500000001,4410713,"11N00286",25,0,2,"Apc","Loamy sand",432639,87.0999985,7.1999998,5.6999998,NA,"10YR",4,2
890529,"Tifton","TIFTON","Fine-loamy, kaolinitic, thermic Plinthic Kandiudults","Ultisols","Udults","Kandiudults","Plinthic Kandiudults","fine-loamy",-83.8408138999999,31.4124417,4410716,"11N00290",29,2,20,"Ac","Loamy sand",432643,86.4000015,7,6.5999999,NA,"10YR",4,2
890529,"Tifton","TIFTON","Fine-loamy, kaolinitic, thermic Plinthic Kandiudults","Ultisols","Udults","Kandiudults","Plinthic Kandiudults","fine-loamy",-83.8408138999999,31.4124417,4410717,"11N00291",30,20,45,"BAc","Fine sandy loam",432644,79.8000031,6.9000001,13.3000002,NA,"10YR",6,3
890529,"Tifton","TIFTON","Fine-loamy, kaolinitic, thermic Plinthic Kandiudults","Ultisols","Udults","Kandiudults","Plinthic Kandiudults","fine-loamy",-83.8408138999999,31.4124417,4410716,"11N00289",28,0,2,"Ac","Loamy sand",432642,84.9000015,8.3000002,6.8000002,NA,"10YR",4,2
890530,"Tifton","TIFTON","Fine-loamy, kaolinitic, thermic Plinthic Kandiudults","Ultisols","Udults","Kandiudults","Plinthic Kandiudults","fine-loamy",-83.5584167,31.5765806000001,4410719,"11N00593",2,2,30,"","Sand",296267,87.9000015,9.1000004,3,NA,"10YR",5,3
890530,"Tifton","TIFTON","Fine-loamy, kaolinitic, thermic Plinthic Kandiudults","Ultisols","Udults","Kandiudults","Plinthic Kandiudults","fine-loamy",-83.5584167,31.5765806000001,4410720,"11N00594",3,30,78,"","Sandy clay loam",296268,68.1999969,9.1999998,22.6000004,NA,"10YR",6,6
890530,"Tifton","TIFTON","Fine-loamy, kaolinitic, thermic Plinthic Kandiudults","Ultisols","Udults","Kandiudults","Plinthic Kandiudults","fine-loamy",-83.5584167,31.5765806000001,4410721,"11N00595",4,78,96,"","Sandy clay",296269,46.2000008,8.6999998,45.0999985,NA,"10YR",6,6
890530,"Tifton","TIFTON","Fine-loamy, kaolinitic, thermic Plinthic Kandiudults","Ultisols","Udults","Kandiudults","Plinthic Kandiudults","fine-loamy",-83.5584167,31.5765806000001,4410722,"11N00596",5,96,146,"","Clay",296270,37.4000015,12,50.5999985,NA,"2.5YR",6,6
890530,"Tifton","TIFTON","Fine-loamy, kaolinitic, thermic Plinthic Kandiudults","Ultisols","Udults","Kandiudults","Plinthic Kandiudults","fine-loamy",-83.5584167,31.5765806000001,4410723,"11N00597",6,146,183,"","Sandy clay",296271,45.4000015,9.1999998,45.4000015,NA,"5Y",7,1
890530,"Tifton","TIFTON","Fine-loamy, kaolinitic, thermic Plinthic Kandiudults","Ultisols","Udults","Kandiudults","Plinthic Kandiudults","fine-loamy",-83.5584167,31.5765806000001,4410902,"11N00592",1,0,2,"","Sand",296266,88.5999985,8.8000002,2.5999999,NA,"10YR",4,2
890531,"Tifton","TIFTON","Fine-loamy, kaolinitic, thermic Plinthic Kandiudults","Ultisols","Udults","Kandiudults","Plinthic Kandiudults","fine-loamy",-83.5584277999999,31.5769889000001,4410725,"11N00599",8,2,28,"Ec","Sand",432791,90,7,3,NA,"10YR",6,3
890531,"Tifton","TIFTON","Fine-loamy, kaolinitic, thermic Plinthic Kandiudults","Ultisols","Udults","Kandiudults","Plinthic Kandiudults","fine-loamy",-83.5584277999999,31.5769889000001,4410726,"11N00600",9,28,50,"Btc","Sandy loam",432792,77.0999985,7.5,15.3999996,NA,"10YR",6,6
890531,"Tifton","TIFTON","Fine-loamy, kaolinitic, thermic Plinthic Kandiudults","Ultisols","Udults","Kandiudults","Plinthic Kandiudults","fine-loamy",-83.5584277999999,31.5769889000001,4410903,"11N00598",7,0,2,"A","Sand",432790,92.5999985,5.6999998,1.7,NA,"10YR",4,2
890532,"Tifton","TIFTON","Fine-loamy, kaolinitic, thermic Plinthic Kandiudults","Ultisols","Udults","Kandiudults","Plinthic Kandiudults","fine-loamy",-83.5582583,31.5766917,4410728,"11N00602",11,2,25,"Ec","Sand",432794,88.4000015,9.1000004,2.5,NA,"10YR",6,3
890532,"Tifton","TIFTON","Fine-loamy, kaolinitic, thermic Plinthic Kandiudults","Ultisols","Udults","Kandiudults","Plinthic Kandiudults","fine-loamy",-83.5582583,31.5766917,4410729,"11N00603",12,25,50,"Btc","Sandy loam",432795,71.3000031,9.1000004,19.6000004,NA,"10YR",6,6
890532,"Tifton","TIFTON","Fine-loamy, kaolinitic, thermic Plinthic Kandiudults","Ultisols","Udults","Kandiudults","Plinthic Kandiudults","fine-loamy",-83.5582583,31.5766917,4410904,"11N00601",10,0,2,"A","Sand",432793,92.5,6.5,1,NA,"10YR",4,2
890533,"Tifton","TIFTON","Fine-loamy, kaolinitic, thermic Plinthic Kandiudults","Ultisols","Udults","Kandiudults","Plinthic Kandiudults","fine-loamy",-83.5580417,31.5763861,4410731,"11N00605",14,2,30,"AEc","Fine sandy loam",432797,79.4000015,9.1999998,11.3999996,NA,"10YR",6,3
890533,"Tifton","TIFTON","Fine-loamy, kaolinitic, thermic Plinthic Kandiudults","Ultisols","Udults","Kandiudults","Plinthic Kandiudults","fine-loamy",-83.5580417,31.5763861,4410732,"11N00606",15,30,50,"Btc","Sandy clay loam",432798,67.5,9.1000004,23.3999996,NA,"10YR",6,6
890533,"Tifton","TIFTON","Fine-loamy, kaolinitic, thermic Plinthic Kandiudults","Ultisols","Udults","Kandiudults","Plinthic Kandiudults","fine-loamy",-83.5580417,31.5763861,4410906,"11N00604",13,0,2,"A","Sand",432796,89.3000031,7.8000002,2.9000001,NA,"10YR",4,2
890534,"Tifton","TIFTON","Fine-loamy, kaolinitic, thermic Plinthic Kandiudults","Ultisols","Udults","Kandiudults","Plinthic Kandiudults","fine-loamy",-83.5584805999999,31.5763389000001,4410734,"11N00608",17,2,22,"Ec","Sand",432800,88.4000015,7.9000001,3.7,NA,"10YR",6,3
890534,"Tifton","TIFTON","Fine-loamy, kaolinitic, thermic Plinthic Kandiudults","Ultisols","Udults","Kandiudults","Plinthic Kandiudults","fine-loamy",-83.5584805999999,31.5763389000001,4410735,"11N00609",18,22,50,"Btc","Sandy clay loam",432801,69.8000031,8.6999998,21.5,NA,"10YR",6,6
890534,"Tifton","TIFTON","Fine-loamy, kaolinitic, thermic Plinthic Kandiudults","Ultisols","Udults","Kandiudults","Plinthic Kandiudults","fine-loamy",-83.5584805999999,31.5763389000001,4410907,"11N00607",16,0,2,"A","Sand",432799,89.5999985,8.1000004,2.3,NA,"10YR",4,2
890535,"Tifton","TIFTON","Fine-loamy, kaolinitic, thermic Plinthic Kandiudults","Ultisols","Udults","Kandiudults","Plinthic Kandiudults","fine-loamy",-83.5589111,31.5764056,4410738,"11N00612",21,27,50,"Btc","Sandy clay loam",432804,69.8000031,8.8999996,21.2999992,NA,"10YR",6,6
890535,"Tifton","TIFTON","Fine-loamy, kaolinitic, thermic Plinthic Kandiudults","Ultisols","Udults","Kandiudults","Plinthic Kandiudults","fine-loamy",-83.5589111,31.5764056,4410908,"11N00610",19,0,2,"A","Sand",432802,88.4000015,7.9000001,3.7,NA,"10YR",4,2
890536,"Tifton","TIFTON","Fine-loamy, kaolinitic, thermic Plinthic Kandiudults","Ultisols","Udults","Kandiudults","Plinthic Kandiudults","fine-loamy",-83.5586833,31.5767028000001,4410740,"11N00614",23,2,27,"E/Bc","Sand",432806,87.0999985,9.3999996,3.5,NA,"10YR",6,3
890536,"Tifton","TIFTON","Fine-loamy, kaolinitic, thermic Plinthic Kandiudults","Ultisols","Udults","Kandiudults","Plinthic Kandiudults","fine-loamy",-83.5586833,31.5767028000001,4410741,"11N00615",24,27,50,"Btc","Sandy clay loam",432807,65,9.1000004,25.8999996,NA,"10YR",6,6
890536,"Tifton","TIFTON","Fine-loamy, kaolinitic, thermic Plinthic Kandiudults","Ultisols","Udults","Kandiudults","Plinthic Kandiudults","fine-loamy",-83.5586833,31.5767028000001,4410909,"11N00613",22,0,2,"A","Sand",432805,87.3000031,9.1999998,3.5,NA,"10YR",4,2
890537,"Tifton","TIFTON","Fine-loamy, kaolinitic, thermic Plinthic Kandiudults","Ultisols","Udults","Kandiudults","Plinthic Kandiudults","fine-loamy",-83.5412416999999,31.5003278,4410742,"11N00617",26,2,10,"Ap","Loamy sand",432809,83.8000031,9.3000002,6.9000001,NA,"10YR",4,3
890537,"Tifton","TIFTON","Fine-loamy, kaolinitic, thermic Plinthic Kandiudults","Ultisols","Udults","Kandiudults","Plinthic Kandiudults","fine-loamy",-83.5412416999999,31.5003278,4410743,"11N00618",27,10,47,"Ec","Fine sandy loam",432810,77.8000031,11.1999998,11,NA,"10YR",6,4
890537,"Tifton","TIFTON","Fine-loamy, kaolinitic, thermic Plinthic Kandiudults","Ultisols","Udults","Kandiudults","Plinthic Kandiudults","fine-loamy",-83.5412416999999,31.5003278,4410744,"11N00619",28,47,75,"Btcv1","Sandy clay loam",432811,65,10.8999996,24.1000004,NA,"10YR",7,8
890537,"Tifton","TIFTON","Fine-loamy, kaolinitic, thermic Plinthic Kandiudults","Ultisols","Udults","Kandiudults","Plinthic Kandiudults","fine-loamy",-83.5412416999999,31.5003278,4410745,"11N00620",29,75,95,"Btcv2","Sandy clay loam",432812,64.1999969,11.8999996,23.8999996,NA,"10YR",7,8
890537,"Tifton","TIFTON","Fine-loamy, kaolinitic, thermic Plinthic Kandiudults","Ultisols","Udults","Kandiudults","Plinthic Kandiudults","fine-loamy",-83.5412416999999,31.5003278,4410746,"11N00621",30,95,183,"Btv","Sandy clay loam",432813,64.5999985,13.1000004,22.2999992,NA,"7.5YR",5,8
890537,"Tifton","TIFTON","Fine-loamy, kaolinitic, thermic Plinthic Kandiudults","Ultisols","Udults","Kandiudults","Plinthic Kandiudults","fine-loamy",-83.5412416999999,31.5003278,4410742,"11N00616",25,0,2,"Ap","Loamy sand",432808,84,9.6000004,6.4000001,NA,"10YR",4,3
890538,"Tifton","TIFTON","Fine-loamy, kaolinitic, thermic Plinthic Kandiudults","Ultisols","Udults","Kandiudults","Plinthic Kandiudults","fine-loamy",-83.5412388999999,31.5007417,4410748,"11N00623",32,2,22,"A","Loamy sand",432815,81.9000015,11.1999998,6.9000001,NA,"10YR",4,3
890538,"Tifton","TIFTON","Fine-loamy, kaolinitic, thermic Plinthic Kandiudults","Ultisols","Udults","Kandiudults","Plinthic Kandiudults","fine-loamy",-83.5412388999999,31.5007417,4410749,"11N00624",33,22,38,"Ec","Fine sandy loam",432816,79.6999969,10.6000004,9.6999998,NA,"10YR",6,3
890538,"Tifton","TIFTON","Fine-loamy, kaolinitic, thermic Plinthic Kandiudults","Ultisols","Udults","Kandiudults","Plinthic Kandiudults","fine-loamy",-83.5412388999999,31.5007417,4410750,"11N00625",34,38,50,"Btc","Sandy clay loam",432817,64.8000031,9.6999998,25.5,NA,"10YR",6,6
890538,"Tifton","TIFTON","Fine-loamy, kaolinitic, thermic Plinthic Kandiudults","Ultisols","Udults","Kandiudults","Plinthic Kandiudults","fine-loamy",-83.5412388999999,31.5007417,4410748,"11N00622",31,0,2,"A","Loamy sand",432814,83.4000015,9.8000002,6.8000002,NA,"10YR",4,3
890539,"Tifton","TIFTON","Fine-loamy, kaolinitic, thermic Plinthic Kandiudults","Ultisols","Udults","Kandiudults","Plinthic Kandiudults","fine-loamy",-83.5410694,31.5004417000001,4410753,"11N00627",36,2,25,"Apc","Fine sandy loam",432819,79.6999969,8.1999998,12.1000004,NA,"10YR",6,3
890539,"Tifton","TIFTON","Fine-loamy, kaolinitic, thermic Plinthic Kandiudults","Ultisols","Udults","Kandiudults","Plinthic Kandiudults","fine-loamy",-83.5410694,31.5004417000001,4410754,"11N00628",37,25,50,"Btc","Sandy clay loam",432820,66.1999969,8.8000002,25,NA,"10YR",6,6
890539,"Tifton","TIFTON","Fine-loamy, kaolinitic, thermic Plinthic Kandiudults","Ultisols","Udults","Kandiudults","Plinthic Kandiudults","fine-loamy",-83.5410694,31.5004417000001,4410753,"11N00626",35,0,2,"Apc","Fine sandy loam",432818,80.9000015,7.5999999,11.5,NA,"10YR",6,3
890540,"Tifton","TIFTON","Fine-loamy, kaolinitic, thermic Plinthic Kandiudults","Ultisols","Udults","Kandiudults","Plinthic Kandiudults","fine-loamy",-83.5408556,31.5001389,4410755,"11N00630",39,2,28,"Apc","Fine sandy loam",432822,79.6999969,7.9000001,12.3999996,NA,"10YR",3,2
890540,"Tifton","TIFTON","Fine-loamy, kaolinitic, thermic Plinthic Kandiudults","Ultisols","Udults","Kandiudults","Plinthic Kandiudults","fine-loamy",-83.5408556,31.5001389,4410757,"11N00631",40,28,50,"Btc","Sandy clay loam",432823,67.5,8,24.5,NA,"10YR",6,6
890540,"Tifton","TIFTON","Fine-loamy, kaolinitic, thermic Plinthic Kandiudults","Ultisols","Udults","Kandiudults","Plinthic Kandiudults","fine-loamy",-83.5408556,31.5001389,4410755,"11N00629",38,0,2,"Apc","Loamy sand",432821,82.5,6.4000001,11.1000004,NA,"10YR",3,2
890541,"Fuquay","FUQUAY","Fine-loamy, kaolinitic, thermic Arenic Plinthic Kandiudults","Ultisols","Udults","Kandiudults","Arenic Plinthic Kandiudults","fine-loamy",-83.5413028,31.5000861,4410758,"11N00634",43,28,50,"E2","Loamy sand",432826,83.8000031,8.5,7.6999998,NA,"10YR",4,4
890541,"Fuquay","FUQUAY","Fine-loamy, kaolinitic, thermic Arenic Plinthic Kandiudults","Ultisols","Udults","Kandiudults","Arenic Plinthic Kandiudults","fine-loamy",-83.5413028,31.5000861,4410760,"11N00633",42,2,28,"E1","Loamy sand",432825,85.3000031,7.8000002,6.9000001,NA,"10YR",4,3
890542,"Tifton","TIFTON","Fine-loamy, kaolinitic, thermic Plinthic Kandiudults","Ultisols","Udults","Kandiudults","Plinthic Kandiudults","fine-loamy",-83.5417333,31.5001583000001,4410762,"11N00637",46,19,50,"Btc","Sandy clay loam",432829,64.8000031,9.1999998,26,NA,"10YR",6,6
890542,"Tifton","TIFTON","Fine-loamy, kaolinitic, thermic Plinthic Kandiudults","Ultisols","Udults","Kandiudults","Plinthic Kandiudults","fine-loamy",-83.5417333,31.5001583000001,4410763,"11N00636",45,2,19,"A","Loamy sand",432828,82,7.5999999,10.3999996,NA,"10YR",6,3
890542,"Tifton","TIFTON","Fine-loamy, kaolinitic, thermic Plinthic Kandiudults","Ultisols","Udults","Kandiudults","Plinthic Kandiudults","fine-loamy",-83.5417333,31.5001583000001,4410763,"11N00635",44,0,2,"A","Loamy sand",432827,83,7.3000002,9.6999998,NA,"10YR",6,3
890543,"Fuquay","FUQUAY","Loamy, kaolinitic, thermic Arenic Plinthic Kandiudults","Ultisols","Udults","Kandiudults","Plinthic Kandiudults","fine-loamy",-83.5415,31.5004500000001,4410765,"11N00639",48,2,16,"A","Fine sandy loam",432831,78.9000015,8.3000002,12.8000002,NA,"10YR",6,3
890543,"Fuquay","FUQUAY","Loamy, kaolinitic, thermic Arenic Plinthic Kandiudults","Ultisols","Udults","Kandiudults","Plinthic Kandiudults","fine-loamy",-83.5415,31.5004500000001,4410766,"11N00640",49,16,50,"Btc","Sandy clay loam",432832,64.4000015,8.8999996,26.7000008,NA,"10YR",6,6
890543,"Fuquay","FUQUAY","Loamy, kaolinitic, thermic Arenic Plinthic Kandiudults","Ultisols","Udults","Kandiudults","Plinthic Kandiudults","fine-loamy",-83.5415,31.5004500000001,4410765,"11N00638",47,0,2,"A","Fine sandy loam",432830,78.8000031,8.8999996,12.3000002,NA,"10YR",6,3
890544,"Tifton","TIFTON","Fine-loamy, kaolinitic, thermic Plinthic Kandiudults","Ultisols","Udults","Kandiudults","Plinthic Kandiudults","fine-loamy",-83.4952444,31.6215278,4410767,"11N00293",32,2,12,"A","Loamy sand",287980,85.8000031,7.5999999,6.5999999,NA,"10YR",4,2
890544,"Tifton","TIFTON","Fine-loamy, kaolinitic, thermic Plinthic Kandiudults","Ultisols","Udults","Kandiudults","Plinthic Kandiudults","fine-loamy",-83.4952444,31.6215278,4410768,"11N00294",33,12,20,"E","Loamy sand",287981,84.3000031,7.8000002,7.9000001,NA,"10YR",6,4
890544,"Tifton","TIFTON","Fine-loamy, kaolinitic, thermic Plinthic Kandiudults","Ultisols","Udults","Kandiudults","Plinthic Kandiudults","fine-loamy",-83.4952444,31.6215278,4410769,"11N00295",34,20,40,"Bt1","Fine sandy loam",287982,77.8000031,7.1999998,15,NA,"10YR",6,6
890544,"Tifton","TIFTON","Fine-loamy, kaolinitic, thermic Plinthic Kandiudults","Ultisols","Udults","Kandiudults","Plinthic Kandiudults","fine-loamy",-83.4952444,31.6215278,4410770,"11N00296",35,40,98,"Bt2","Sandy clay loam",287983,70.3000031,6.4000001,23.2999992,NA,"10YR",6,6
890544,"Tifton","TIFTON","Fine-loamy, kaolinitic, thermic Plinthic Kandiudults","Ultisols","Udults","Kandiudults","Plinthic Kandiudults","fine-loamy",-83.4952444,31.6215278,4410771,"11N00297",36,98,145,"Bt3","Sandy clay",287984,52.7999992,4.9000001,42.2999992,NA,"10YR",6,6
890544,"Tifton","TIFTON","Fine-loamy, kaolinitic, thermic Plinthic Kandiudults","Ultisols","Udults","Kandiudults","Plinthic Kandiudults","fine-loamy",-83.4952444,31.6215278,4410772,"11N00298",37,145,160,"Btv","Sandy clay loam",287985,70.4000015,0.6,29,NA,"10YR",6,4
890544,"Tifton","TIFTON","Fine-loamy, kaolinitic, thermic Plinthic Kandiudults","Ultisols","Udults","Kandiudults","Plinthic Kandiudults","fine-loamy",-83.4952444,31.6215278,4410767,"11N00292",31,0,2,"A","Loamy sand",287979,83.3000031,8.1999998,8.5,NA,"10YR",4,2
890545,"Tifton","TIFTON","Fine-loamy, kaolinitic, thermic Plinthic Kandiudults","Ultisols","Udults","Kandiudults","Plinthic Kandiudults","fine-loamy",-83.4952444,31.6219361,4410774,"11N00300",39,2,15,"A","Loamy sand",432646,86.9000015,7.4000001,5.6999998,NA,"10YR",4,2
890545,"Tifton","TIFTON","Fine-loamy, kaolinitic, thermic Plinthic Kandiudults","Ultisols","Udults","Kandiudults","Plinthic Kandiudults","fine-loamy",-83.4952444,31.6219361,4410775,"11N00301",40,15,30,"E","Loamy sand",432647,84.8000031,8.8000002,6.4000001,NA,"10YR",6,4
890545,"Tifton","TIFTON","Fine-loamy, kaolinitic, thermic Plinthic Kandiudults","Ultisols","Udults","Kandiudults","Plinthic Kandiudults","fine-loamy",-83.4952444,31.6219361,4410776,"11N00302",41,30,45,"Btc","Fine sandy loam",432648,76.8000031,6.4000001,16.7999992,NA,"10YR",6,6
890545,"Tifton","TIFTON","Fine-loamy, kaolinitic, thermic Plinthic Kandiudults","Ultisols","Udults","Kandiudults","Plinthic Kandiudults","fine-loamy",-83.4952444,31.6219361,4410774,"11N00299",38,0,2,"A","Loamy sand",432645,85.5,8,6.5,NA,"10YR",4,2
890546,"Tifton","TIFTON","Fine-loamy, kaolinitic, thermic Plinthic Kandiudults","Ultisols","Udults","Kandiudults","Plinthic Kandiudults","fine-loamy",-83.4950722,31.6216083,4410778,"11N00304",43,2,15,"A","Loamy sand",432650,85.1999969,8.3000002,6.5,NA,"10YR",4,2
890546,"Tifton","TIFTON","Fine-loamy, kaolinitic, thermic Plinthic Kandiudults","Ultisols","Udults","Kandiudults","Plinthic Kandiudults","fine-loamy",-83.4950722,31.6216083,4410779,"11N00305",44,15,30,"E","Loamy sand",432651,84.5999985,8,7.4000001,NA,"10YR",6,4
890546,"Tifton","TIFTON","Fine-loamy, kaolinitic, thermic Plinthic Kandiudults","Ultisols","Udults","Kandiudults","Plinthic Kandiudults","fine-loamy",-83.4950722,31.6216083,4410780,"11N00306",45,30,45,"Btc","Fine sandy loam",432652,73.9000015,6.5999999,19.5,NA,"10YR",6,6
890546,"Tifton","TIFTON","Fine-loamy, kaolinitic, thermic Plinthic Kandiudults","Ultisols","Udults","Kandiudults","Plinthic Kandiudults","fine-loamy",-83.4950722,31.6216083,4410778,"11N00303",42,0,2,"A","Loamy sand",432649,84.0999985,9.6000004,6.3000002,NA,"10YR",4,2
890547,"Tifton","TIFTON","Fine-loamy, kaolinitic, thermic Plinthic Kandiudults","Ultisols","Udults","Kandiudults","Plinthic Kandiudults","fine-loamy",-83.4948555999999,31.6213333000001,4410782,"11N00308",47,2,18,"A","Loamy sand",432654,85.3000031,8.3999996,6.3000002,NA,"10YR",4,2
890547,"Tifton","TIFTON","Fine-loamy, kaolinitic, thermic Plinthic Kandiudults","Ultisols","Udults","Kandiudults","Plinthic Kandiudults","fine-loamy",-83.4948555999999,31.6213333000001,4410783,"11N00309",48,18,28,"E","Loamy sand",432655,83.9000015,9.8000002,6.3000002,NA,"10YR",6,3
890547,"Tifton","TIFTON","Fine-loamy, kaolinitic, thermic Plinthic Kandiudults","Ultisols","Udults","Kandiudults","Plinthic Kandiudults","fine-loamy",-83.4948555999999,31.6213333000001,4410784,"11N00310",49,28,45,"Btc","Fine sandy loam",432656,76.0999985,9.5,14.3999996,NA,"10YR",6,6
890547,"Tifton","TIFTON","Fine-loamy, kaolinitic, thermic Plinthic Kandiudults","Ultisols","Udults","Kandiudults","Plinthic Kandiudults","fine-loamy",-83.4948555999999,31.6213333000001,4410782,"11N00307",46,0,2,"A","Loamy sand",432653,81.8000031,10.8000002,7.4000001,NA,"10YR",4,2
890548,"Tifton","TIFTON","Fine-loamy, kaolinitic, thermic Plinthic Kandiudults","Ultisols","Udults","Kandiudults","Plinthic Kandiudults","fine-loamy",-83.4953028,31.6212861000001,4410786,"11N00312",51,2,12,"A","Loamy sand",432658,83.1999969,10.8000002,6,NA,"10YR",4,2
890548,"Tifton","TIFTON","Fine-loamy, kaolinitic, thermic Plinthic Kandiudults","Ultisols","Udults","Kandiudults","Plinthic Kandiudults","fine-loamy",-83.4953028,31.6212861000001,4410787,"11N00313",52,12,25,"E","Loamy sand",432659,81.9000015,11.1999998,6.9000001,NA,"10YR",6,4
890548,"Tifton","TIFTON","Fine-loamy, kaolinitic, thermic Plinthic Kandiudults","Ultisols","Udults","Kandiudults","Plinthic Kandiudults","fine-loamy",-83.4953028,31.6212861000001,4410788,"11N00314",53,25,45,"Btc","Fine sandy loam",432660,75.0999985,10.1999998,14.6999998,NA,"10YR",6,6
890548,"Tifton","TIFTON","Fine-loamy, kaolinitic, thermic Plinthic Kandiudults","Ultisols","Udults","Kandiudults","Plinthic Kandiudults","fine-loamy",-83.4953028,31.6212861000001,4410786,"11N00311",50,0,2,"A","Fine sandy loam",432657,77.0999985,13,9.8999996,NA,"10YR",4,2
890549,"Tifton","TIFTON","Fine-loamy, kaolinitic, thermic Plinthic Kandiudults","Ultisols","Udults","Kandiudults","Plinthic Kandiudults","fine-loamy",-83.4957333,31.6213583000001,4410790,"11N00315",54,0,2,"A","Loamy sand",432661,82.3000031,10.6000004,7.0999999,NA,"10YR",4,2
890549,"Tifton","TIFTON","Fine-loamy, kaolinitic, thermic Plinthic Kandiudults","Ultisols","Udults","Kandiudults","Plinthic Kandiudults","fine-loamy",-83.4957333,31.6213583000001,4410791,"11N00317",56,12,20,"E","Loamy sand",432663,81.1999969,9.8999996,8.8999996,NA,"10YR",6,4
890549,"Tifton","TIFTON","Fine-loamy, kaolinitic, thermic Plinthic Kandiudults","Ultisols","Udults","Kandiudults","Plinthic Kandiudults","fine-loamy",-83.4957333,31.6213583000001,4410792,"11N00318",57,20,45,"Btc","Sandy clay loam",432664,58.7000008,8.3000002,33,NA,"10YR",6,6
890549,"Tifton","TIFTON","Fine-loamy, kaolinitic, thermic Plinthic Kandiudults","Ultisols","Udults","Kandiudults","Plinthic Kandiudults","fine-loamy",-83.4957333,31.6213583000001,4410790,"11N00316",55,2,12,"A","Loamy sand",432662,82.6999969,10.1999998,7.0999999,NA,"10YR",4,2
890550,"Tifton","TIFTON","Fine-loamy, kaolinitic, thermic Plinthic Kandiudults","Ultisols","Udults","Kandiudults","Plinthic Kandiudults","fine-loamy",-83.4954972,31.62165,4410794,"11N00319",58,0,2,"A","Loamy sand",432665,86.5999985,9.1999998,4.1999998,NA,"10YR",4,2
890550,"Tifton","TIFTON","Fine-loamy, kaolinitic, thermic Plinthic Kandiudults","Ultisols","Udults","Kandiudults","Plinthic Kandiudults","fine-loamy",-83.4954972,31.62165,4410795,"11N00321",60,20,35,"E","Loamy sand",432667,84.5999985,9.6999998,5.6999998,NA,"10YR",6,4
890550,"Tifton","TIFTON","Fine-loamy, kaolinitic, thermic Plinthic Kandiudults","Ultisols","Udults","Kandiudults","Plinthic Kandiudults","fine-loamy",-83.4954972,31.62165,4410796,"11N00322",61,35,50,"Btc","Fine sandy loam",432668,75.8000031,8.3000002,15.8999996,NA,"10YR",6,6
890550,"Tifton","TIFTON","Fine-loamy, kaolinitic, thermic Plinthic Kandiudults","Ultisols","Udults","Kandiudults","Plinthic Kandiudults","fine-loamy",-83.4954972,31.62165,4410794,"11N00320",59,2,20,"A","Loamy sand",432666,86.6999969,8.6000004,4.6999998,NA,"10YR",4,2
890551,"Tifton","TIFTON","Fine-loamy, kaolinitic, thermic Plinthic Kandiudults","Ultisols","Udults","Kandiudults","Plinthic Kandiudults","fine-loamy",-84.0133167,30.8423667000001,4410799,"11N00324",63,2,10,"Ac","Loamy fine sand",288011,84.1999969,11.5,4.3000002,NA,"10YR",4,2
890551,"Tifton","TIFTON","Fine-loamy, kaolinitic, thermic Plinthic Kandiudults","Ultisols","Udults","Kandiudults","Plinthic Kandiudults","fine-loamy",-84.0133167,30.8423667000001,4410800,"11N00325",64,10,45,"Ec","Loamy fine sand",288012,84.8000031,11,4.1999998,NA,"10YR",6,3
890551,"Tifton","TIFTON","Fine-loamy, kaolinitic, thermic Plinthic Kandiudults","Ultisols","Udults","Kandiudults","Plinthic Kandiudults","fine-loamy",-84.0133167,30.8423667000001,4410801,"11N00326",65,45,120,"Btc","Fine sandy loam",288013,72.8000031,11.1999998,16,NA,"10YR",6,6
890551,"Tifton","TIFTON","Fine-loamy, kaolinitic, thermic Plinthic Kandiudults","Ultisols","Udults","Kandiudults","Plinthic Kandiudults","fine-loamy",-84.0133167,30.8423667000001,4410802,"11N00327",66,120,183,"Btcv","Sandy clay",288014,53.5999985,8.3000002,38.0999985,NA,"10YR",6,4
890551,"Tifton","TIFTON","Fine-loamy, kaolinitic, thermic Plinthic Kandiudults","Ultisols","Udults","Kandiudults","Plinthic Kandiudults","fine-loamy",-84.0133167,30.8423667000001,4410799,"11N00323",62,0,2,"Ac","Loamy fine sand",288010,83.5999985,11.6999998,4.6999998,NA,"10YR",4,2
890552,"Tifton","TIFTON","Fine-loamy, kaolinitic, thermic Plinthic Kandiudults","Ultisols","Udults","Kandiudults","Plinthic Kandiudults","fine-loamy",-84.0133278,30.8427750000001,4410804,"11N00329",68,2,12,"Ac","Loamy fine sand",432670,83.3000031,11.5,5.1999998,NA,"10YR",4,2
890552,"Tifton","TIFTON","Fine-loamy, kaolinitic, thermic Plinthic Kandiudults","Ultisols","Udults","Kandiudults","Plinthic Kandiudults","fine-loamy",-84.0133278,30.8427750000001,4410805,"11N00330",69,12,35,"Ec","Loamy fine sand",432671,83.3000031,12,4.6999998,NA,"10YR",6,3
890552,"Tifton","TIFTON","Fine-loamy, kaolinitic, thermic Plinthic Kandiudults","Ultisols","Udults","Kandiudults","Plinthic Kandiudults","fine-loamy",-84.0133278,30.8427750000001,4410806,"11N00331",70,35,45,"Btc","Sandy clay loam",432672,66.9000015,9.3000002,23.7999992,NA,"10YR",6,6
890552,"Tifton","TIFTON","Fine-loamy, kaolinitic, thermic Plinthic Kandiudults","Ultisols","Udults","Kandiudults","Plinthic Kandiudults","fine-loamy",-84.0133278,30.8427750000001,4410804,"11N00328",67,0,2,"Ac","Loamy fine sand",432669,83.1999969,11.8000002,5,NA,"10YR",4,2
890553,"Tifton","TIFTON","Fine-loamy, kaolinitic, thermic Plinthic Kandiudults","Ultisols","Udults","Kandiudults","Plinthic Kandiudults","fine-loamy",-84.0131611,30.842475,4410807,"11N00336",75,45,60,"Btc","Sandy clay loam",432677,62,9,29,NA,"10YR",6,6
890553,"Tifton","TIFTON","Fine-loamy, kaolinitic, thermic Plinthic Kandiudults","Ultisols","Udults","Kandiudults","Plinthic Kandiudults","fine-loamy",-84.0131611,30.842475,4410808,"11N00333",72,2,10,"Ac","Loamy fine sand",432674,80.5,13.5,6,NA,"10YR",4,2
890553,"Tifton","TIFTON","Fine-loamy, kaolinitic, thermic Plinthic Kandiudults","Ultisols","Udults","Kandiudults","Plinthic Kandiudults","fine-loamy",-84.0131611,30.842475,4410810,"11N00334",73,10,30,"AEc","Loamy fine sand",432675,82.9000015,12.1999998,4.9000001,NA,"10YR",6,3
890553,"Tifton","TIFTON","Fine-loamy, kaolinitic, thermic Plinthic Kandiudults","Ultisols","Udults","Kandiudults","Plinthic Kandiudults","fine-loamy",-84.0131611,30.842475,4410811,"11N00335",74,30,45,"BEc","Loamy fine sand",432676,83.5999985,11.3000002,5.0999999,NA,"10YR",6,6
890553,"Tifton","TIFTON","Fine-loamy, kaolinitic, thermic Plinthic Kandiudults","Ultisols","Udults","Kandiudults","Plinthic Kandiudults","fine-loamy",-84.0131611,30.842475,4410808,"11N00332",71,0,2,"Ac","Loamy fine sand",432673,78,15.3000002,6.6999998,NA,"10YR",4,2
890554,"Tifton","TIFTON","Fine-loamy, kaolinitic, thermic Plinthic Kandiudults","Ultisols","Udults","Kandiudults","Plinthic Kandiudults","fine-loamy",-84.0129416999999,30.8421694,4410812,"11N00340",79,35,45,"Btc","Fine sandy loam",432681,73.1999969,11,15.8000002,NA,"10YR",6,6
890554,"Tifton","TIFTON","Fine-loamy, kaolinitic, thermic Plinthic Kandiudults","Ultisols","Udults","Kandiudults","Plinthic Kandiudults","fine-loamy",-84.0129416999999,30.8421694,4410813,"11N00338",77,2,12,"Ac","Loamy fine sand",432679,81.9000015,13.6000004,4.5,NA,"10YR",4,2
890554,"Tifton","TIFTON","Fine-loamy, kaolinitic, thermic Plinthic Kandiudults","Ultisols","Udults","Kandiudults","Plinthic Kandiudults","fine-loamy",-84.0129416999999,30.8421694,4410815,"11N00339",78,12,35,"Ec","Loamy fine sand",432680,83.0999985,13.3999996,3.5,NA,"10YR",6,3
890554,"Tifton","TIFTON","Fine-loamy, kaolinitic, thermic Plinthic Kandiudults","Ultisols","Udults","Kandiudults","Plinthic Kandiudults","fine-loamy",-84.0129416999999,30.8421694,4410813,"11N00337",76,0,2,"Ac","Loamy fine sand",432678,82.0999985,13.6999998,4.1999998,NA,"10YR",4,2
890555,"Tifton","TIFTON","Fine-loamy, kaolinitic, thermic Plinthic Kandiudults","Ultisols","Udults","Kandiudults","Plinthic Kandiudults","fine-loamy",-84.0133749999999,30.8421222000001,4410817,"11N00344",83,25,45,"BEc","Loamy fine sand",432685,82.9000015,11.8999996,5.1999998,NA,"10YR",6,4
890555,"Tifton","TIFTON","Fine-loamy, kaolinitic, thermic Plinthic Kandiudults","Ultisols","Udults","Kandiudults","Plinthic Kandiudults","fine-loamy",-84.0133749999999,30.8421222000001,4410818,"11N00345",84,45,60,"Btc","Fine sandy loam",432686,71.3000031,10.3000002,18.3999996,NA,"10YR",6,6
890555,"Tifton","TIFTON","Fine-loamy, kaolinitic, thermic Plinthic Kandiudults","Ultisols","Udults","Kandiudults","Plinthic Kandiudults","fine-loamy",-84.0133749999999,30.8421222000001,4410819,"11N00342",81,2,17,"Ac","Loamy fine sand",432683,82.8000031,13.6999998,3.5,NA,"10YR",4,2
890555,"Tifton","TIFTON","Fine-loamy, kaolinitic, thermic Plinthic Kandiudults","Ultisols","Udults","Kandiudults","Plinthic Kandiudults","fine-loamy",-84.0133749999999,30.8421222000001,4410821,"11N00343",82,17,25,"AEc","Loamy fine sand",432684,83.3000031,11.6999998,5,NA,"10YR",5,3
890555,"Tifton","TIFTON","Fine-loamy, kaolinitic, thermic Plinthic Kandiudults","Ultisols","Udults","Kandiudults","Plinthic Kandiudults","fine-loamy",-84.0133749999999,30.8421222000001,4410819,"11N00341",80,0,2,"Ac","Loamy fine sand",432682,81.3000031,12.5,6.1999998,NA,"10YR",4,2
890556,"Fuquay","FUQUAY","Loamy, kaolinitic, thermic Arenic Plinthic Kandiudults","Ultisols","Udults","Kandiudults","Arenic Plinthic Kandiudults","loamy",-84.0138138999999,30.8421889000001,4410822,"11N00349",88,30,50,"Ec2","Loamy fine sand",432690,80.0999985,10.6000004,9.3000002,NA,"10YR",6,6
890556,"Fuquay","FUQUAY","Loamy, kaolinitic, thermic Arenic Plinthic Kandiudults","Ultisols","Udults","Kandiudults","Arenic Plinthic Kandiudults","loamy",-84.0138138999999,30.8421889000001,4410823,"11N00347",86,2,10,"A","Loamy fine sand",432688,84.4000015,11.1000004,4.5,NA,"10YR",4,2
890556,"Fuquay","FUQUAY","Loamy, kaolinitic, thermic Arenic Plinthic Kandiudults","Ultisols","Udults","Kandiudults","Arenic Plinthic Kandiudults","loamy",-84.0138138999999,30.8421889000001,4410825,"11N00348",87,10,30,"E1","Loamy fine sand",432689,84.4000015,10.8999996,4.6999998,NA,"10YR",6,3
890556,"Fuquay","FUQUAY","Loamy, kaolinitic, thermic Arenic Plinthic Kandiudults","Ultisols","Udults","Kandiudults","Arenic Plinthic Kandiudults","loamy",-84.0138138999999,30.8421889000001,4410823,"11N00346",85,0,2,"A","Loamy fine sand",432687,84.1999969,11.6000004,4.1999998,NA,"10YR",4,2
890557,"Fuquay","FUQUAY","Loamy, kaolinitic, thermic Arenic Plinthic Kandiudults","Ultisols","Udults","Kandiudults","Arenic Plinthic Kandiudults","loamy",-84.0135832999999,30.8424833,4410826,"11N00353",92,30,45,"Ec2","Fine sandy loam",432694,71.5999985,11.6999998,16.7000008,NA,"10YR",6,4
890557,"Fuquay","FUQUAY","Loamy, kaolinitic, thermic Arenic Plinthic Kandiudults","Ultisols","Udults","Kandiudults","Arenic Plinthic Kandiudults","loamy",-84.0135832999999,30.8424833,4410827,"11N00351",90,2,15,"A","Loamy fine sand",432692,82.5999985,12.6000004,4.8000002,NA,"10YR",5,2
890557,"Fuquay","FUQUAY","Loamy, kaolinitic, thermic Arenic Plinthic Kandiudults","Ultisols","Udults","Kandiudults","Arenic Plinthic Kandiudults","loamy",-84.0135832999999,30.8424833,4410829,"11N00352",91,10,30,"E1","Loamy fine sand",432693,82.4000015,11.6999998,5.9000001,NA,"10YR",6,3
890557,"Fuquay","FUQUAY","Loamy, kaolinitic, thermic Arenic Plinthic Kandiudults","Ultisols","Udults","Kandiudults","Arenic Plinthic Kandiudults","loamy",-84.0135832999999,30.8424833,4410827,"11N00350",89,0,2,"A","Loamy fine sand",432691,82.3000031,13.6000004,4.0999999,NA,"10YR",5,2
890558,"Dothan","DOTHAN","Fine-loamy, kaolinitic, thermic Plinthic Kandiudults","Ultisols","Udults","Kandiudults","Plinthic Kandiudults","fine-loamy",-84.0128721999999,30.8546250000001,4410831,"11N00642",2,2,12,"A","Fine sandy loam",296316,78.4000015,12.6999998,8.8999996,NA,"10YR",3,2
890558,"Dothan","DOTHAN","Fine-loamy, kaolinitic, thermic Plinthic Kandiudults","Ultisols","Udults","Kandiudults","Plinthic Kandiudults","fine-loamy",-84.0128721999999,30.8546250000001,4410832,"11N00643",3,12,30,"E","Loamy fine sand",296317,80.9000015,10.8000002,8.3000002,NA,"10YR",5,4
890558,"Dothan","DOTHAN","Fine-loamy, kaolinitic, thermic Plinthic Kandiudults","Ultisols","Udults","Kandiudults","Plinthic Kandiudults","fine-loamy",-84.0128721999999,30.8546250000001,4410833,"11N00644",4,30,52,"Bt1","Fine sandy loam",296318,75.5999985,9.6000004,14.8000002,NA,"10YR",6,6
890558,"Dothan","DOTHAN","Fine-loamy, kaolinitic, thermic Plinthic Kandiudults","Ultisols","Udults","Kandiudults","Plinthic Kandiudults","fine-loamy",-84.0128721999999,30.8546250000001,4410834,"11N00670",7,136,183,"Btv","Clay",299144,44.5999985,13.8000002,41.5999985,NA,"2.5Y",7,3
890558,"Dothan","DOTHAN","Fine-loamy, kaolinitic, thermic Plinthic Kandiudults","Ultisols","Udults","Kandiudults","Plinthic Kandiudults","fine-loamy",-84.0128721999999,30.8546250000001,4410835,"11N00645",5,52,77,"Bt2","Sandy clay",296319,56.2000008,7.8000002,36,NA,"10YR",5,6
890558,"Dothan","DOTHAN","Fine-loamy, kaolinitic, thermic Plinthic Kandiudults","Ultisols","Udults","Kandiudults","Plinthic Kandiudults","fine-loamy",-84.0128721999999,30.8546250000001,4410836,"11N00646",6,77,136,"Bt3","Sandy clay",296320,51.5999985,7.0999999,41.2999992,NA,"5YR",5,6
890558,"Dothan","DOTHAN","Fine-loamy, kaolinitic, thermic Plinthic Kandiudults","Ultisols","Udults","Kandiudults","Plinthic Kandiudults","fine-loamy",-84.0128721999999,30.8546250000001,4410831,"11N00641",1,0,2,"A","Fine sandy loam",296315,77.8000031,12.6999998,9.5,NA,"10YR",3,2
890559,"Dothan","DOTHAN","Fine-loamy, kaolinitic, thermic Plinthic Kandiudults","Ultisols","Udults","Kandiudults","Plinthic Kandiudults","fine-loamy",-84.0128832999999,30.8550361000001,4410838,"11N00648",9,2,16,"A","Loamy fine sand",432834,83.3000031,9.3000002,7.4000001,NA,"10YR",3,2
890559,"Dothan","DOTHAN","Fine-loamy, kaolinitic, thermic Plinthic Kandiudults","Ultisols","Udults","Kandiudults","Plinthic Kandiudults","fine-loamy",-84.0128832999999,30.8550361000001,4410839,"11N00649",10,16,30,"E","Loamy fine sand",432835,83.5,9.6000004,6.9000001,NA,"10YR",6,3
890559,"Dothan","DOTHAN","Fine-loamy, kaolinitic, thermic Plinthic Kandiudults","Ultisols","Udults","Kandiudults","Plinthic Kandiudults","fine-loamy",-84.0128832999999,30.8550361000001,4410840,"11N00650",11,30,50,"Bt","Sandy clay loam",432836,59.7999992,7.5,32.7000008,NA,"5YR",5,6
890559,"Dothan","DOTHAN","Fine-loamy, kaolinitic, thermic Plinthic Kandiudults","Ultisols","Udults","Kandiudults","Plinthic Kandiudults","fine-loamy",-84.0128832999999,30.8550361000001,4410838,"11N00647",8,0,2,"A","Loamy fine sand",432833,80.5999985,10.3999996,9,NA,"10YR",3,2
890560,"Dothan","DOTHAN","Fine-loamy, kaolinitic, thermic Plinthic Kandiudults","Ultisols","Udults","Kandiudults","Plinthic Kandiudults","fine-loamy",-84.0127055999999,30.8547361,4410842,"11N00652",13,2,21,"A","Loamy fine sand",432838,82.6999969,10.1000004,7.1999998,NA,"10YR",4,2
890560,"Dothan","DOTHAN","Fine-loamy, kaolinitic, thermic Plinthic Kandiudults","Ultisols","Udults","Kandiudults","Plinthic Kandiudults","fine-loamy",-84.0127055999999,30.8547361,4410843,"11N00653",14,21,50,"Bt","Sandy clay loam",432839,69,9.6000004,21.3999996,NA,"10YR",6,6
890560,"Dothan","DOTHAN","Fine-loamy, kaolinitic, thermic Plinthic Kandiudults","Ultisols","Udults","Kandiudults","Plinthic Kandiudults","fine-loamy",-84.0127055999999,30.8547361,4410842,"11N00651",12,0,2,"A","Loamy fine sand",432837,83.3000031,10.1999998,6.5,NA,"10YR",4,2
890561,"Dothan","DOTHAN","Fine-loamy, kaolinitic, thermic Plinthic Kandiudults","Ultisols","Udults","Kandiudults","Plinthic Kandiudults","fine-loamy",-84.0125,30.8544278000001,4410845,"11N00655",16,2,12,"A","Loamy fine sand",432841,80.0999985,11.3999996,8.5,NA,"10YR",4,2
890561,"Dothan","DOTHAN","Fine-loamy, kaolinitic, thermic Plinthic Kandiudults","Ultisols","Udults","Kandiudults","Plinthic Kandiudults","fine-loamy",-84.0125,30.8544278000001,4410846,"11N00657",18,25,50,"Bt","Sandy clay loam",432843,66.4000015,9.1999998,24.3999996,NA,"10YR",6,6
890561,"Dothan","DOTHAN","Fine-loamy, kaolinitic, thermic Plinthic Kandiudults","Ultisols","Udults","Kandiudults","Plinthic Kandiudults","fine-loamy",-84.0125,30.8544278000001,4410847,"11N00656",17,12,25,"E","Loamy fine sand",432842,81,10.6999998,8.3000002,NA,"10YR",6,3
890561,"Dothan","DOTHAN","Fine-loamy, kaolinitic, thermic Plinthic Kandiudults","Ultisols","Udults","Kandiudults","Plinthic Kandiudults","fine-loamy",-84.0125,30.8544278000001,4410845,"11N00654",15,0,2,"A","Fine sandy loam",432840,79,11.8999996,9.1000004,NA,"10YR",4,2
890562,"Dothan","DOTHAN","Fine-loamy, kaolinitic, thermic Plinthic Kandiudults","Ultisols","Udults","Kandiudults","Plinthic Kandiudults","fine-loamy",-84.0129361,30.8543833000001,4410849,"11N00659",20,2,15,"Ap","Loamy fine sand",432845,82.1999969,11,6.8000002,NA,"10YR",4,2
890562,"Dothan","DOTHAN","Fine-loamy, kaolinitic, thermic Plinthic Kandiudults","Ultisols","Udults","Kandiudults","Plinthic Kandiudults","fine-loamy",-84.0129361,30.8543833000001,4410850,"11N00661",22,30,50,"Bt","Sandy clay loam",432847,68.4000015,9.1000004,22.5,NA,"10YR",6,6
890562,"Dothan","DOTHAN","Fine-loamy, kaolinitic, thermic Plinthic Kandiudults","Ultisols","Udults","Kandiudults","Plinthic Kandiudults","fine-loamy",-84.0129361,30.8543833000001,4410851,"11N00660",21,15,30,"E","Loamy fine sand",432846,81.9000015,10.8999996,7.1999998,NA,"10YR",6,4
890562,"Dothan","DOTHAN","Fine-loamy, kaolinitic, thermic Plinthic Kandiudults","Ultisols","Udults","Kandiudults","Plinthic Kandiudults","fine-loamy",-84.0129361,30.8543833000001,4410849,"11N00658",19,0,2,"Ap","Loamy fine sand",432844,80.1999969,12.8999996,6.9000001,NA,"10YR",4,2
890563,"Tifton","TIFTON","Fine-loamy, kaolinitic, thermic Plinthic Kandiudults","Ultisols","Udults","Kandiudults","Plinthic Kandiudults","fine-loamy",-84.0133610999999,30.8544472,4410853,"11N00663",24,2,12,"Ap","Loamy fine sand",432849,83.9000015,10.6999998,5.4000001,NA,"10YR",4,2
890563,"Tifton","TIFTON","Fine-loamy, kaolinitic, thermic Plinthic Kandiudults","Ultisols","Udults","Kandiudults","Plinthic Kandiudults","fine-loamy",-84.0133610999999,30.8544472,4410854,"11N00665",26,31,50,"Btc","Fine sandy loam",432851,74.8000031,10.5,14.6999998,NA,"10YR",6,6
890563,"Tifton","TIFTON","Fine-loamy, kaolinitic, thermic Plinthic Kandiudults","Ultisols","Udults","Kandiudults","Plinthic Kandiudults","fine-loamy",-84.0133610999999,30.8544472,4410855,"11N00664",25,12,31,"Ec","Loamy fine sand",432850,82.9000015,11.3999996,5.6999998,NA,"10YR",6,4
890563,"Tifton","TIFTON","Fine-loamy, kaolinitic, thermic Plinthic Kandiudults","Ultisols","Udults","Kandiudults","Plinthic Kandiudults","fine-loamy",-84.0133610999999,30.8544472,4410853,"11N00662",23,0,2,"Ap","Loamy fine sand",432848,82.5999985,11.6999998,5.6999998,NA,"10YR",4,2
890564,"Tifton","TIFTON","Fine-loamy, kaolinitic, thermic Plinthic Kandiudults","Ultisols","Udults","Kandiudults","Plinthic Kandiudults","fine-loamy",-84.0131306,30.8547417,4410857,"11N00667",28,2,18,"Ap","Loamy fine sand",432853,81.4000015,11.6999998,6.9000001,NA,"10YR",4,1
890564,"Tifton","TIFTON","Fine-loamy, kaolinitic, thermic Plinthic Kandiudults","Ultisols","Udults","Kandiudults","Plinthic Kandiudults","fine-loamy",-84.0131306,30.8547417,4410858,"11N00669",30,33,50,"Btc","Sandy clay loam",432855,66.8000031,8.3999996,24.7999992,NA,"10YR",6,6
890564,"Tifton","TIFTON","Fine-loamy, kaolinitic, thermic Plinthic Kandiudults","Ultisols","Udults","Kandiudults","Plinthic Kandiudults","fine-loamy",-84.0131306,30.8547417,4410859,"11N00668",29,18,33,"Ec","Loamy fine sand",432854,82.4000015,10.8999996,6.6999998,NA,"10YR",6,4
890564,"Tifton","TIFTON","Fine-loamy, kaolinitic, thermic Plinthic Kandiudults","Ultisols","Udults","Kandiudults","Plinthic Kandiudults","fine-loamy",-84.0131306,30.8547417,4410857,"11N00666",27,0,2,"Ap","Loamy fine sand",432852,83.5,10.6000004,5.9000001,NA,"10YR",4,1
890565,"Dothan","DOTHAN","Fine-loamy, kaolinitic, thermic Plinthic Kandiudults","Ultisols","Udults","Kandiudults","Plinthic Kandiudults","fine-loamy",-84.5405306,31.1844778,4410860,"11N00167",25,2,28,"A","Loamy sand",285054,86.0999985,10.3000002,3.5999999,NA,"10YR",3,2
890565,"Dothan","DOTHAN","Fine-loamy, kaolinitic, thermic Plinthic Kandiudults","Ultisols","Udults","Kandiudults","Plinthic Kandiudults","fine-loamy",-84.5405306,31.1844778,4410861,"11N00168",26,28,56,"Bt1","Fine sandy loam",285055,73.5,12,14.5,NA,"10YR",6,4
890565,"Dothan","DOTHAN","Fine-loamy, kaolinitic, thermic Plinthic Kandiudults","Ultisols","Udults","Kandiudults","Plinthic Kandiudults","fine-loamy",-84.5405306,31.1844778,4410862,"11N00163",27,56,102,"Bt2","Sandy clay loam",285050,61.0999985,10.1999998,28.7000008,NA,"10YR",6,4
890565,"Dothan","DOTHAN","Fine-loamy, kaolinitic, thermic Plinthic Kandiudults","Ultisols","Udults","Kandiudults","Plinthic Kandiudults","fine-loamy",-84.5405306,31.1844778,4410863,"11N00164",28,102,140,"Bt3","Sandy clay loam",285051,57.7000008,10.6999998,31.6000004,NA,"10YR",6,4
890565,"Dothan","DOTHAN","Fine-loamy, kaolinitic, thermic Plinthic Kandiudults","Ultisols","Udults","Kandiudults","Plinthic Kandiudults","fine-loamy",-84.5405306,31.1844778,4410864,"11N00165",29,140,8888,"Btv1","Sandy clay",285052,47.9000015,11.1000004,41,NA,"10YR",6,4
890565,"Dothan","DOTHAN","Fine-loamy, kaolinitic, thermic Plinthic Kandiudults","Ultisols","Udults","Kandiudults","Plinthic Kandiudults","fine-loamy",-84.5405306,31.1844778,4410860,"11N00166",24,0,2,"A","Loamy sand",285053,82.9000015,11.8999996,5.1999998,NA,"10YR",3,2
890566,"Tifton","TIFTON","Fine-loamy, thermic Plinthic Kandiudults","Ultisols","Udults","Kandiudults","Plinthic Kandiudults","fine-loamy",-84.5405306,31.1848889,4410866,"11N00170",31,2,20,"Ac","Loamy sand",432599,84.5999985,10.3999996,5,NA,"10YR",3,2
890566,"Tifton","TIFTON","Fine-loamy, thermic Plinthic Kandiudults","Ultisols","Udults","Kandiudults","Plinthic Kandiudults","fine-loamy",-84.5405306,31.1848889,4410867,"11N00172",33,31,42,"Btc1","Fine sandy loam",432601,70.6999969,12.3000002,17,NA,"10YR",6,4
890566,"Tifton","TIFTON","Fine-loamy, thermic Plinthic Kandiudults","Ultisols","Udults","Kandiudults","Plinthic Kandiudults","fine-loamy",-84.5405306,31.1848889,4410868,"11N00171",32,20,31,"BAc","Loamy sand",432600,81.3000031,11,7.6999998,NA,"10YR",5,2
890566,"Tifton","TIFTON","Fine-loamy, thermic Plinthic Kandiudults","Ultisols","Udults","Kandiudults","Plinthic Kandiudults","fine-loamy",-84.5405306,31.1848889,4410869,"11N00173",34,42,60,"Btc2","Sandy clay loam",432602,59.7999992,10.3000002,29.8999996,NA,"10YR",6,6
890566,"Tifton","TIFTON","Fine-loamy, thermic Plinthic Kandiudults","Ultisols","Udults","Kandiudults","Plinthic Kandiudults","fine-loamy",-84.5405306,31.1848889,4410866,"11N00169",30,0,2,"Ac","Loamy sand",432598,84.5999985,9.8000002,5.5999999,NA,"10YR",3,2
890567,"Tifton","TIFTON","Fine-loamy, thermic Plinthic Kandiudults","Ultisols","Udults","Kandiudults","Plinthic Kandiudults","fine-loamy",-84.5403639,31.1845889000001,4410870,"11N00175",36,2,17,"Ac","Loamy sand",432604,86.3000031,9.3999996,4.3000002,NA,"10YR",3,2
890567,"Tifton","TIFTON","Fine-loamy, thermic Plinthic Kandiudults","Ultisols","Udults","Kandiudults","Plinthic Kandiudults","fine-loamy",-84.5403639,31.1845889000001,4410871,"11N00177",38,28,50,"Btc","Sandy loam",432606,72.5999985,10.5,16.8999996,NA,"10YR",6,6
890567,"Tifton","TIFTON","Fine-loamy, thermic Plinthic Kandiudults","Ultisols","Udults","Kandiudults","Plinthic Kandiudults","fine-loamy",-84.5403639,31.1845889000001,4410872,"11N00176",37,17,28,"BAc","Fine sandy loam",432605,77.8000031,11.5,10.6999998,NA,"10YR",6,4
890567,"Tifton","TIFTON","Fine-loamy, thermic Plinthic Kandiudults","Ultisols","Udults","Kandiudults","Plinthic Kandiudults","fine-loamy",-84.5403639,31.1845889000001,4410870,"11N00174",35,0,2,"Ac","Loamy sand",432603,83.5,11.3999996,5.0999999,NA,"10YR",3,2
890568,"Tifton","TIFTON","Fine-loamy, thermic Plinthic Kandiudults","Ultisols","Udults","Kandiudults","Plinthic Kandiudults","fine-loamy",-84.5401416999999,31.1842889000001,4410873,"11N00179",40,2,20,"Ac","Loamy sand",432608,87.0999985,8.6000004,4.3000002,NA,"10YR",3,2
890568,"Tifton","TIFTON","Fine-loamy, thermic Plinthic Kandiudults","Ultisols","Udults","Kandiudults","Plinthic Kandiudults","fine-loamy",-84.5401416999999,31.1842889000001,4410874,"11N00181",42,30,50,"Btc","Sandy loam",432610,71.6999969,10.8000002,17.5,NA,"10YR",6,4
890568,"Tifton","TIFTON","Fine-loamy, thermic Plinthic Kandiudults","Ultisols","Udults","Kandiudults","Plinthic Kandiudults","fine-loamy",-84.5401416999999,31.1842889000001,4410875,"11N00180",41,20,30,"BAc","Loamy sand",432609,82.8000031,10.3000002,6.9000001,NA,"10YR",4,2
890568,"Tifton","TIFTON","Fine-loamy, thermic Plinthic Kandiudults","Ultisols","Udults","Kandiudults","Plinthic Kandiudults","fine-loamy",-84.5401416999999,31.1842889000001,4410873,"11N00178",39,0,2,"Ac","Loamy sand",432607,84.6999969,10.6000004,4.6999998,NA,"10YR",3,2
890569,"Tifton","TIFTON","Fine-loamy, thermic Plinthic Kandiudults","Ultisols","Udults","Kandiudults","Plinthic Kandiudults","fine-loamy",-84.5405833,31.1842306,4410876,"11N00183",44,2,12,"Ac1","Loamy sand",432612,87.1999969,8.3000002,4.5,NA,"10YR",3,2
890569,"Tifton","TIFTON","Fine-loamy, thermic Plinthic Kandiudults","Ultisols","Udults","Kandiudults","Plinthic Kandiudults","fine-loamy",-84.5405833,31.1842306,4410877,"11N00185",46,23,40,"Btc","Fine sandy loam",432614,62.2999992,24.2000008,13.5,NA,"10YR",6,4
890569,"Tifton","TIFTON","Fine-loamy, thermic Plinthic Kandiudults","Ultisols","Udults","Kandiudults","Plinthic Kandiudults","fine-loamy",-84.5405833,31.1842306,4410878,"11N00184",45,12,23,"Ac2","Loamy sand",432613,86.0999985,9.1999998,4.6999998,NA,"10YR",4,2
890569,"Tifton","TIFTON","Fine-loamy, thermic Plinthic Kandiudults","Ultisols","Udults","Kandiudults","Plinthic Kandiudults","fine-loamy",-84.5405833,31.1842306,4410876,"11N00182",43,0,2,"Ac1","Loamy sand",432611,84.4000015,10.1999998,5.4000001,NA,"10YR",3,2
890570,"Tifton","TIFTON","Fine-loamy, thermic Plinthic Kandiudults","Ultisols","Udults","Kandiudults","Plinthic Kandiudults","fine-loamy",-84.5410166999999,31.1843056000001,4410879,"11N00187",48,2,10,"Ac1","Loamy sand",432616,87.1999969,8.1999998,4.5999999,NA,"10YR",3,2
890570,"Tifton","TIFTON","Fine-loamy, thermic Plinthic Kandiudults","Ultisols","Udults","Kandiudults","Plinthic Kandiudults","fine-loamy",-84.5410166999999,31.1843056000001,4410880,"11N00189",50,20,40,"Btc","Sandy loam",432618,72.5999985,9.8000002,17.6000004,NA,"10YR",6,4
890570,"Tifton","TIFTON","Fine-loamy, thermic Plinthic Kandiudults","Ultisols","Udults","Kandiudults","Plinthic Kandiudults","fine-loamy",-84.5410166999999,31.1843056000001,4410881,"11N00188",49,10,20,"Ac2","Sand",432617,88.3000031,7.0999999,4.5999999,NA,"10YR",4,2
890570,"Tifton","TIFTON","Fine-loamy, thermic Plinthic Kandiudults","Ultisols","Udults","Kandiudults","Plinthic Kandiudults","fine-loamy",-84.5410166999999,31.1843056000001,4410879,"11N00186",47,0,2,"Ac1","Loamy sand",432615,84.9000015,10.1000004,5,NA,"10YR",3,2
890571,"Tifton","TIFTON","Fine-loamy, thermic Plinthic Kandiudults","Ultisols","Udults","Kandiudults","Plinthic Kandiudults","fine-loamy",-84.5407805999999,31.1845917000001,4410882,"11N00191",52,2,10,"Apc1","Loamy sand",432620,84,10.3000002,5.6999998,NA,"10YR",3,2
890571,"Tifton","TIFTON","Fine-loamy, thermic Plinthic Kandiudults","Ultisols","Udults","Kandiudults","Plinthic Kandiudults","fine-loamy",-84.5407805999999,31.1845917000001,4410883,"11N00193",54,27,40,"Btc","Sandy clay loam",432622,65.1999969,10.5,24.2999992,NA,"10YR",6,6
890571,"Tifton","TIFTON","Fine-loamy, thermic Plinthic Kandiudults","Ultisols","Udults","Kandiudults","Plinthic Kandiudults","fine-loamy",-84.5407805999999,31.1845917000001,4410884,"11N00192",53,10,27,"Apc2","Fine sandy loam",432621,79.3000031,10.6999998,10,NA,"10YR",4,2
890571,"Tifton","TIFTON","Fine-loamy, thermic Plinthic Kandiudults","Ultisols","Udults","Kandiudults","Plinthic Kandiudults","fine-loamy",-84.5407805999999,31.1845917000001,4410882,"11N00190",51,0,2,"Apc1","Loamy sand",432619,82.8000031,11.6000004,5.5999999,NA,"10YR",3,2
890572,"Tifton","TIFTON","Fine-loamy, siliceous, subactive, thermic Plinthic Paleudults","Ultisols","Udults","Kandiudults","Plinthic Kandiudults","fine-loamy",-84.9878889,31.0798083,4410885,"11N00140",1,0,30,"Ap","Loamy sand",282627,78.6999969,13.8000002,7.5,NA,"10YR",4,2
890572,"Tifton","TIFTON","Fine-loamy, siliceous, subactive, thermic Plinthic Paleudults","Ultisols","Udults","Kandiudults","Plinthic Kandiudults","fine-loamy",-84.9878889,31.0798083,4410886,"11N00141",2,30,55,"Btc1","Loamy sand",282628,79.8000031,12.5,7.6999998,NA,"10YR",6,4
890572,"Tifton","TIFTON","Fine-loamy, siliceous, subactive, thermic Plinthic Paleudults","Ultisols","Udults","Kandiudults","Plinthic Kandiudults","fine-loamy",-84.9878889,31.0798083,4410887,"11N00142",3,55,70,"Btc2","Sandy clay loam",285029,64.5,12.6000004,22.8999996,NA,"10YR",6,6
890572,"Tifton","TIFTON","Fine-loamy, siliceous, subactive, thermic Plinthic Paleudults","Ultisols","Udults","Kandiudults","Plinthic Kandiudults","fine-loamy",-84.9878889,31.0798083,4410888,"11N00143",4,70,130,"Btcv1","Clay",285030,44.2999992,9.6000004,46.0999985,NA,"10YR",6,6
890572,"Tifton","TIFTON","Fine-loamy, siliceous, subactive, thermic Plinthic Paleudults","Ultisols","Udults","Kandiudults","Plinthic Kandiudults","fine-loamy",-84.9878889,31.0798083,4410889,"11N00144",5,130,200,"Btcv2","Sandy clay",285031,47.4000015,8.3000002,44.2999992,NA,"10YR",6,6
890573,"Tifton","TIFTON","Fine-loamy, thermic Plinthic Kandiudults","Ultisols","Udults","Kandiudults","Plinthic Kandiudults","fine-loamy",-84.9879056,31.080225,4410890,"11N00145",6,0,2,"Ap","Loamy sand",432580,81.8000031,12,6.1999998,NA,"10YR",4,2
890573,"Tifton","TIFTON","Fine-loamy, thermic Plinthic Kandiudults","Ultisols","Udults","Kandiudults","Plinthic Kandiudults","fine-loamy",-84.9879056,31.080225,4410891,"11N00147",8,30,40,"Btc1","Fine sandy loam",432582,69.3000031,11.8000002,18.8999996,NA,"10YR",6,6
890573,"Tifton","TIFTON","Fine-loamy, thermic Plinthic Kandiudults","Ultisols","Udults","Kandiudults","Plinthic Kandiudults","fine-loamy",-84.9879056,31.080225,4410890,"11N00146",7,2,30,"Ap","Loamy sand",432581,82.1999969,10.3999996,7.4000001,NA,"10YR",4,2
890574,"Tifton","TIFTON","Fine-loamy, thermic Plinthic Kandiudults","Ultisols","Udults","Kandiudults","Plinthic Kandiudults","fine-loamy",-84.987725,31.0799278000001,4410892,"11N00149",10,2,35,"Ap","Loamy sand",432584,80.4000015,13.6000004,6,NA,"10YR",4,2
890574,"Tifton","TIFTON","Fine-loamy, thermic Plinthic Kandiudults","Ultisols","Udults","Kandiudults","Plinthic Kandiudults","fine-loamy",-84.987725,31.0799278000001,4410893,"11N00150",11,35,40,"Btc1","Sandy loam",432585,73,16,11,NA,"10YR",6,6
890574,"Tifton","TIFTON","Fine-loamy, thermic Plinthic Kandiudults","Ultisols","Udults","Kandiudults","Plinthic Kandiudults","fine-loamy",-84.987725,31.0799278000001,4410892,"11N00148",9,0,2,"Ap","Loamy sand",432583,82.8000031,12,5.1999998,NA,"10YR",4,2
890575,"Tifton","TIFTON","Fine-loamy, thermic Plinthic Kandiudults","Ultisols","Udults","Kandiudults","Plinthic Kandiudults","fine-loamy",-84.9875110999999,31.0796222000001,4410894,"11N00152",13,2,30,"Ap","Loamy sand",432587,83,12,5,NA,"10YR",3,2
890575,"Tifton","TIFTON","Fine-loamy, thermic Plinthic Kandiudults","Ultisols","Udults","Kandiudults","Plinthic Kandiudults","fine-loamy",-84.9875110999999,31.0796222000001,4410895,"11N00153",14,30,40,"Btc1","Sandy loam",432588,74.3000031,12.3999996,13.3000002,NA,"10YR",6,4
890575,"Tifton","TIFTON","Fine-loamy, thermic Plinthic Kandiudults","Ultisols","Udults","Kandiudults","Plinthic Kandiudults","fine-loamy",-84.9875110999999,31.0796222000001,4410894,"11N00151",12,0,2,"Ap","Loamy sand",432586,83.4000015,12.8999996,3.7,NA,"10YR",3,2
890576,"Tifton","TIFTON","Fine-loamy, thermic Plinthic Kandiudults","Ultisols","Udults","Kandiudults","Plinthic Kandiudults","fine-loamy",-84.9879417,31.0795667,4410896,"11N00154",15,0,2,"Ap","Loamy sand",432589,80.5,13.1000004,6.4000001,NA,"10YR",3,2
890576,"Tifton","TIFTON","Fine-loamy, thermic Plinthic Kandiudults","Ultisols","Udults","Kandiudults","Plinthic Kandiudults","fine-loamy",-84.9879417,31.0795667,4410897,"11N00156",17,25,40,"Btc1","Sandy loam",432591,74.4000015,13.5,12.1000004,NA,"10YR",6,6
890576,"Tifton","TIFTON","Fine-loamy, thermic Plinthic Kandiudults","Ultisols","Udults","Kandiudults","Plinthic Kandiudults","fine-loamy",-84.9879417,31.0795667,4410896,"11N00155",16,2,25,"Ap","Loamy sand",432590,79.3000031,13.5,7.1999998,NA,"10YR",3,2
890577,"Tifton","TIFTON","Fine-loamy, thermic Plinthic Kandiudults","Ultisols","Udults","Kandiudults","Plinthic Kandiudults","fine-loamy",-84.9883778,31.0796333000001,4410898,"11N00158",19,2,30,"Ap","Fine sandy loam",432593,77.5,13.8000002,8.6999998,NA,"10YR",3,2
890577,"Tifton","TIFTON","Fine-loamy, thermic Plinthic Kandiudults","Ultisols","Udults","Kandiudults","Plinthic Kandiudults","fine-loamy",-84.9883778,31.0796333000001,4410899,"11N00159",20,30,40,"Btc1","Sandy clay loam",432594,67,9.6999998,23.2999992,NA,"10YR",6,6
890577,"Tifton","TIFTON","Fine-loamy, thermic Plinthic Kandiudults","Ultisols","Udults","Kandiudults","Plinthic Kandiudults","fine-loamy",-84.9883778,31.0796333000001,4410898,"11N00157",18,0,2,"Ap","Sandy loam",432592,72.9000015,18.7000008,8.3999996,NA,"10YR",3,2
890578,"Tifton","TIFTON","Fine-loamy, thermic Plinthic Kandiudults","Ultisols","Udults","Kandiudults","Plinthic Kandiudults","fine-loamy",-84.9881556,31.0799278000001,4410900,"11N00161",22,2,32,"Ap","Loamy sand",432596,80.8000031,12.6999998,6.5,NA,"10YR",3,2
890578,"Tifton","TIFTON","Fine-loamy, thermic Plinthic Kandiudults","Ultisols","Udults","Kandiudults","Plinthic Kandiudults","fine-loamy",-84.9881556,31.0799278000001,4410901,"11N00162",23,32,40,"Btc1","Fine sandy loam",432597,70.0999985,13.6000004,16.2999992,NA,"10YR",6,6
890578,"Tifton","TIFTON","Fine-loamy, thermic Plinthic Kandiudults","Ultisols","Udults","Kandiudults","Plinthic Kandiudults","fine-loamy",-84.9881556,31.0799278000001,4410900,"11N00160",21,0,2,"Ap","Loamy sand",432595,80,13.1000004,6.9000001,NA,"10YR",3,2
363463,"Altavista","ALTAVISTA","Fine-loamy, mixed, semiactive, thermic Aquic Hapludults","Ultisols","Udults","Hapludults","Aquic Hapludults","fine-loamy",-77.4083861999999,36.5887299,1610758,"VPI02101",1,0,18,"Ap","Coarse sandy loam",39091,67.5,27.2000008,5.3000002,NA,"2.5Y",5,2
363463,"Altavista","ALTAVISTA","Fine-loamy, mixed, semiactive, thermic Aquic Hapludults","Ultisols","Udults","Hapludults","Aquic Hapludults","fine-loamy",-77.4083861999999,36.5887299,1610760,"VPI02103",3,25,43,"Bt1","Clay loam",39093,44.5,27.8999996,27.6000004,NA,"2.5Y",6,6
363463,"Altavista","ALTAVISTA","Fine-loamy, mixed, semiactive, thermic Aquic Hapludults","Ultisols","Udults","Hapludults","Aquic Hapludults","fine-loamy",-77.4083861999999,36.5887299,1610761,"VPI02104",4,43,76,"Bt2","Clay loam",39094,44.7000008,25.7000008,29.6000004,NA,"10YR",5,8
363463,"Altavista","ALTAVISTA","Fine-loamy, mixed, semiactive, thermic Aquic Hapludults","Ultisols","Udults","Hapludults","Aquic Hapludults","fine-loamy",-77.4083861999999,36.5887299,1610759,"VPI02102",2,18,25,"E","Coarse sandy loam",39092,56.4000015,30.2999992,13.3000002,NA,"2.5Y",6,4
363463,"Altavista","ALTAVISTA","Fine-loamy, mixed, semiactive, thermic Aquic Hapludults","Ultisols","Udults","Hapludults","Aquic Hapludults","fine-loamy",-77.4083861999999,36.5887299,1612176,"VPI02106",6,127,173,"2C","Clay",39096,22.7000008,27.7000008,49.5999985,NA,"2.5Y",7,2
363463,"Altavista","ALTAVISTA","Fine-loamy, mixed, semiactive, thermic Aquic Hapludults","Ultisols","Udults","Hapludults","Aquic Hapludults","fine-loamy",-77.4083861999999,36.5887299,1610762,"VPI02105",5,76,127,"Bt3","Sandy clay loam",39095,55.2999992,21.1000004,23.6000004,NA,"10YR",6,8
363464,"Altavista","ALTAVISTA","Fine-loamy, mixed, semiactive, thermic Aquic Hapludults","Ultisols","Udults","Hapludults","Aquic Hapludults","fine-loamy",-77.4568328999999,36.5776825,1610766,"VPI02073",4,41,56,"Bt1","Sandy clay loam",39076,54.5,23.2999992,22.2000008,NA,"2.5Y",6,8
363464,"Altavista","ALTAVISTA","Fine-loamy, mixed, semiactive, thermic Aquic Hapludults","Ultisols","Udults","Hapludults","Aquic Hapludults","fine-loamy",-77.4568328999999,36.5776825,1610765,"VPI02072",3,18,41,"E","Coarse sandy loam",39075,62.7999992,26.6000004,10.6000004,NA,"2.5Y",6,4
363464,"Altavista","ALTAVISTA","Fine-loamy, mixed, semiactive, thermic Aquic Hapludults","Ultisols","Udults","Hapludults","Aquic Hapludults","fine-loamy",-77.4568328999999,36.5776825,1610764,"VPI02071",2,3,18,"Ap","Coarse sandy loam",39074,69.3000031,24.1000004,6.5999999,NA,"2.5Y",5,2
363464,"Altavista","ALTAVISTA","Fine-loamy, mixed, semiactive, thermic Aquic Hapludults","Ultisols","Udults","Hapludults","Aquic Hapludults","fine-loamy",-77.4568328999999,36.5776825,1610769,"VPI02076",7,125,148,"Bt4","Sandy clay",39079,50.5999985,10.1999998,39.2000008,NA,"10YR",7,1
363464,"Altavista","ALTAVISTA","Fine-loamy, mixed, semiactive, thermic Aquic Hapludults","Ultisols","Udults","Hapludults","Aquic Hapludults","fine-loamy",-77.4568328999999,36.5776825,1610767,"VPI02074",5,56,87,"Bt2","Sandy clay loam",39077,47.7000008,19.1000004,33.2000008,NA,"2.5Y",5,6
363464,"Altavista","ALTAVISTA","Fine-loamy, mixed, semiactive, thermic Aquic Hapludults","Ultisols","Udults","Hapludults","Aquic Hapludults","fine-loamy",-77.4568328999999,36.5776825,1610770,"VPI02077",8,148,173,"C","Sandy clay loam",39080,64.3000031,6.5,29.2000008,NA,"10YR",7,1
363464,"Altavista","ALTAVISTA","Fine-loamy, mixed, semiactive, thermic Aquic Hapludults","Ultisols","Udults","Hapludults","Aquic Hapludults","fine-loamy",-77.4568328999999,36.5776825,1610768,"VPI02075",6,87,125,"Bt3","Clay",39078,42.2000008,17.6000004,40.2000008,NA,"2.5Y",6,6
363466,"Altavista","ALTAVISTA","Fine-loamy, mixed, semiactive, thermic Aquic Hapludults","Ultisols","Udults","Hapludults","Aquic Hapludults","fine-loamy",-77.4863814999999,36.5656700000001,1610777,"VPI02082",2,25,36,"Bt1","Coarse sandy loam",39082,61.4000015,22.2000008,16.3999996,NA,"10YR",6,6
363466,"Altavista","ALTAVISTA","Fine-loamy, mixed, semiactive, thermic Aquic Hapludults","Ultisols","Udults","Hapludults","Aquic Hapludults","fine-loamy",-77.4863814999999,36.5656700000001,1610779,"VPI02084",4,51,114,"Bt3","Coarse sandy loam",39084,63.5999985,21,15.3999996,NA,"7.5YR",5,8
363466,"Altavista","ALTAVISTA","Fine-loamy, mixed, semiactive, thermic Aquic Hapludults","Ultisols","Udults","Hapludults","Aquic Hapludults","fine-loamy",-77.4863814999999,36.5656700000001,1610776,"VPI02081",1,0,25,"Ap","Coarse sandy loam",39081,68.5,23.1000004,8.3999996,NA,"10YR",4,2
363466,"Altavista","ALTAVISTA","Fine-loamy, mixed, semiactive, thermic Aquic Hapludults","Ultisols","Udults","Hapludults","Aquic Hapludults","fine-loamy",-77.4863814999999,36.5656700000001,1610778,"VPI02083",3,36,51,"Bt2","Sandy clay loam",39083,52.9000015,25.7000008,21.3999996,NA,"10YR",6,6
363466,"Altavista","ALTAVISTA","Fine-loamy, mixed, semiactive, thermic Aquic Hapludults","Ultisols","Udults","Hapludults","Aquic Hapludults","fine-loamy",-77.4863814999999,36.5656700000001,1610780,"VPI02085",5,114,165,"C","Loamy coarse sand",39085,84.9000015,10.3999996,4.6999998,NA,"10YR",6,8
363467,"Altavista","ALTAVISTA","Fine-loamy, mixed, semiactive, thermic Aquic Hapludults","Ultisols","Udults","Hapludults","Aquic Hapludults","fine-loamy",-77.4351119999999,36.6370735,1610783,"VPI02093",3,48,74,"Bt2","",39088,44.4000015,28.2000008,27.3999996,NA,"7.5YR",5,6
363467,"Altavista","ALTAVISTA","Fine-loamy, mixed, semiactive, thermic Aquic Hapludults","Ultisols","Udults","Hapludults","Aquic Hapludults","fine-loamy",-77.4351119999999,36.6370735,1610785,"VPI02095",5,102,152,"C","",39090,76.4000015,13.1999998,10.3999996,NA,"5YR",4,6
363467,"Altavista","ALTAVISTA","Fine-loamy, mixed, semiactive, thermic Aquic Hapludults","Ultisols","Udults","Hapludults","Aquic Hapludults","fine-loamy",-77.4351119999999,36.6370735,1610784,"VPI02094",4,74,102,"Bt3","",39089,62.4000015,19.2000008,18.3999996,NA,"10YR",7,2
363467,"Altavista","ALTAVISTA","Fine-loamy, mixed, semiactive, thermic Aquic Hapludults","Ultisols","Udults","Hapludults","Aquic Hapludults","fine-loamy",-77.4351119999999,36.6370735,1610782,"VPI02092",2,13,48,"Bt1","",39087,35.4000015,28.2000008,36.4000015,NA,"5YR",5,6
363467,"Altavista","ALTAVISTA","Fine-loamy, mixed, semiactive, thermic Aquic Hapludults","Ultisols","Udults","Hapludults","Aquic Hapludults","fine-loamy",-77.4351119999999,36.6370735,1610781,"VPI02091",1,0,13,"Ap","",39086,54.4000015,32,13.6000004,NA,"7.5YR",4,4
363468,"Appling","APPLING","Fine, kaolinitic, thermic Typic Kanhapludults","Ultisols","Udults","Kanhapludults","Typic Kanhapludults","fine",-77.6372223,36.6032295000001,1610789,"VPI02132",4,36,66,"Bt1","",43508,20.7999992,15.6000004,NA,NA,"5YR",5,8
363468,"Appling","APPLING","Fine, kaolinitic, thermic Typic Kanhapludults","Ultisols","Udults","Kanhapludults","Typic Kanhapludults","fine",-77.6372223,36.6032295000001,1610791,"VPI02134",6,81,114,"Bt3","",43510,28.3999996,20.2999992,NA,NA,"5YR",5,8
363468,"Appling","APPLING","Fine, kaolinitic, thermic Typic Kanhapludults","Ultisols","Udults","Kanhapludults","Typic Kanhapludults","fine",-77.6372223,36.6032295000001,1610790,"VPI02133",5,66,81,"Bt2","",43509,24.6000004,18.1000004,NA,NA,"5YR",5,8
363468,"Appling","APPLING","Fine, kaolinitic, thermic Typic Kanhapludults","Ultisols","Udults","Kanhapludults","Typic Kanhapludults","fine",-77.6372223,36.6032295000001,1610788,"VPI02131",3,8,36,"E","",43507,69.5,24.5,NA,NA,"10YR",6,4
363468,"Appling","APPLING","Fine, kaolinitic, thermic Typic Kanhapludults","Ultisols","Udults","Kanhapludults","Typic Kanhapludults","fine",-77.6372223,36.6032295000001,1610792,"VPI02135",7,114,165,"C","",43511,58.0999985,24,NA,NA,"5YR",5,8
363470,"Appling","APPLING","Fine, kaolinitic, thermic Typic Kanhapludults","Ultisols","Udults","Kanhapludults","Typic Kanhapludults","fine",-77.5929565,36.7464523,1610805,"VPI02125",6,102,165,"C2","Sandy clay loam",43506,51.9000015,25.5,22.6000004,NA,"7.5YR",6,6
363470,"Appling","APPLING","Fine, kaolinitic, thermic Typic Kanhapludults","Ultisols","Udults","Kanhapludults","Typic Kanhapludults","fine",-77.5929565,36.7464523,1610804,"VPI02124",5,76,102,"C1","Sandy clay loam",43505,46.2000008,25.2000008,28.6000004,NA,"5YR",5,6
363470,"Appling","APPLING","Fine, kaolinitic, thermic Typic Kanhapludults","Ultisols","Udults","Kanhapludults","Typic Kanhapludults","fine",-77.5929565,36.7464523,1610803,"VPI02123",4,61,76,"Bt2","Clay",43504,35.0999985,21.2999992,43.5999985,NA,"5YR",5,6
363470,"Appling","APPLING","Fine, kaolinitic, thermic Typic Kanhapludults","Ultisols","Udults","Kanhapludults","Typic Kanhapludults","fine",-77.5929565,36.7464523,1610800,"VPI02121",1,0,3,"A","Sandy loam",43502,67.4000015,18,14.6000004,NA,"10YR",4,2
363470,"Appling","APPLING","Fine, kaolinitic, thermic Typic Kanhapludults","Ultisols","Udults","Kanhapludults","Typic Kanhapludults","fine",-77.5929565,36.7464523,1610801,"VPI02121",1,0,3,"A","Sandy loam",43502,67.4000015,18,14.6000004,NA,"10YR",6,4
363470,"Appling","APPLING","Fine, kaolinitic, thermic Typic Kanhapludults","Ultisols","Udults","Kanhapludults","Typic Kanhapludults","fine",-77.5929565,36.7464523,1610800,"VPI02121",1,0,3,"A","Sandy loam",43502,67.4000015,18,14.6000004,NA,"10YR",4,2
363470,"Appling","APPLING","Fine, kaolinitic, thermic Typic Kanhapludults","Ultisols","Udults","Kanhapludults","Typic Kanhapludults","fine",-77.5929565,36.7464523,1610801,"VPI02121",1,0,3,"A","Sandy loam",43502,67.4000015,18,14.6000004,NA,"10YR",6,4
363470,"Appling","APPLING","Fine, kaolinitic, thermic Typic Kanhapludults","Ultisols","Udults","Kanhapludults","Typic Kanhapludults","fine",-77.5929565,36.7464523,1610802,"VPI02122",3,10,61,"Bt1","Clay",43503,36.7999992,20.6000004,42.5999985,NA,"5YR",5,6
363471,"Bojac","BOJAC","Coarse-loamy, mixed, semiactive, thermic Typic Hapludults","Ultisols","Udults","Hapludults","Typic Hapludults","coarse-loamy",-77.4757233,36.5706482000001,1610809,"VPI02164",4,64,94,"Bt3","Coarse sandy loam",43530,82.8000031,1.5,15.6999998,NA,"7.5YR",5,6
363471,"Bojac","BOJAC","Coarse-loamy, mixed, semiactive, thermic Typic Hapludults","Ultisols","Udults","Hapludults","Typic Hapludults","coarse-loamy",-77.4757233,36.5706482000001,1610811,"VPI02166",6,119,178,"C1","Loamy coarse sand",43532,74.1999969,25.1000004,0.7,NA,"10YR",7,3
363471,"Bojac","BOJAC","Coarse-loamy, mixed, semiactive, thermic Typic Hapludults","Ultisols","Udults","Hapludults","Typic Hapludults","coarse-loamy",-77.4757233,36.5706482000001,1610808,"VPI02163",3,33,64,"Bt2","Coarse sandy loam",43529,76.0999985,13.1999998,10.6999998,NA,"10YR",5,6
363471,"Bojac","BOJAC","Coarse-loamy, mixed, semiactive, thermic Typic Hapludults","Ultisols","Udults","Hapludults","Typic Hapludults","coarse-loamy",-77.4757233,36.5706482000001,1610812,"VPI02167",7,178,216,"C2","Sand",43533,93.6999969,4.0999999,2.2,NA,"10YR",7,6
363471,"Bojac","BOJAC","Coarse-loamy, mixed, semiactive, thermic Typic Hapludults","Ultisols","Udults","Hapludults","Typic Hapludults","coarse-loamy",-77.4757233,36.5706482000001,1610807,"VPI02162",2,20,33,"Bt1","Coarse sandy loam",43528,79.4000015,10.8999996,9.6999998,NA,"10YR",5,6
363471,"Bojac","BOJAC","Coarse-loamy, mixed, semiactive, thermic Typic Hapludults","Ultisols","Udults","Hapludults","Typic Hapludults","coarse-loamy",-77.4757233,36.5706482000001,1610810,"VPI02165",5,94,119,"Bt4","Coarse sandy loam",43531,69.3000031,20,10.6999998,NA,"10YR",5,8
363471,"Bojac","BOJAC","Coarse-loamy, mixed, semiactive, thermic Typic Hapludults","Ultisols","Udults","Hapludults","Typic Hapludults","coarse-loamy",-77.4757233,36.5706482000001,1610806,"VPI02161",1,0,20,"Ap","Loamy coarse sand",43527,86,9.8000002,4.1999998,NA,"10YR",4,3
363472,"Bojac","BOJAC","Coarse-loamy, mixed, semiactive, thermic Typic Hapludults","Ultisols","Udults","Hapludults","Typic Hapludults","coarse-loamy",-77.4203873,36.5878258000001,1610815,"VPI02143",3,33,46,"Bt1","Sandy loam",43514,57.7000008,29.2999992,13,NA,"7.5YR",4,4
363472,"Bojac","BOJAC","Coarse-loamy, mixed, semiactive, thermic Typic Hapludults","Ultisols","Udults","Hapludults","Typic Hapludults","coarse-loamy",-77.4203873,36.5878258000001,1610816,"VPI02144",4,46,97,"Bt2","Loam",43515,48.5999985,32.4000015,19,NA,"7.5YR",4,4
363472,"Bojac","BOJAC","Coarse-loamy, mixed, semiactive, thermic Typic Hapludults","Ultisols","Udults","Hapludults","Typic Hapludults","coarse-loamy",-77.4203873,36.5878258000001,1610818,"VPI02146",6,112,152,"2C1","Loamy sand",43517,75.4000015,21.6000004,3,NA,"7.5YR",5,8
363472,"Bojac","BOJAC","Coarse-loamy, mixed, semiactive, thermic Typic Hapludults","Ultisols","Udults","Hapludults","Typic Hapludults","coarse-loamy",-77.4203873,36.5878258000001,1610813,"VPI02141",1,0,23,"Ap","Sandy loam",43512,70.6999969,25.5,3.8,NA,"10YR",3,3
363472,"Bojac","BOJAC","Coarse-loamy, mixed, semiactive, thermic Typic Hapludults","Ultisols","Udults","Hapludults","Typic Hapludults","coarse-loamy",-77.4203873,36.5878258000001,1610814,"VPI02142",2,23,33,"E","Sandy loam",43513,60.4000015,30.6000004,9,NA,"10YR",5,4
363472,"Bojac","BOJAC","Coarse-loamy, mixed, semiactive, thermic Typic Hapludults","Ultisols","Udults","Hapludults","Typic Hapludults","coarse-loamy",-77.4203873,36.5878258000001,1610819,"VPI02147",7,152,218,"3C2","Sand",43518,89.5999985,10.3999996,0,NA,"10YR",6,8
363472,"Bojac","BOJAC","Coarse-loamy, mixed, semiactive, thermic Typic Hapludults","Ultisols","Udults","Hapludults","Typic Hapludults","coarse-loamy",-77.4203873,36.5878258000001,1610820,"VPI02148",8,218,254,"3Cg","Sand",43519,87.1999969,11.1000004,1.7,NA,"10YR",6,1
363472,"Bojac","BOJAC","Coarse-loamy, mixed, semiactive, thermic Typic Hapludults","Ultisols","Udults","Hapludults","Typic Hapludults","coarse-loamy",-77.4203873,36.5878258000001,1610817,"VPI02145",5,97,112,"Bt3","Sandy loam",43516,62,23.2999992,14.6999998,NA,"7.5YR",5,6
363473,"Bojac","BOJAC","Coarse-loamy, mixed, semiactive, thermic Typic Hapludults","Ultisols","Udults","Hapludults","Typic Hapludults","coarse-loamy",-77.514061,36.5694695,1610823,"VPI02153",3,46,64,"Bt1","Coarse sandy loam",43522,66.9000015,18.8999996,14.1999998,NA,"10YR",5,6
363473,"Bojac","BOJAC","Coarse-loamy, mixed, semiactive, thermic Typic Hapludults","Ultisols","Udults","Hapludults","Typic Hapludults","coarse-loamy",-77.514061,36.5694695,1610822,"VPI02152",2,23,46,"E","Coarse sandy loam",43521,77,14.8000002,8.1999998,NA,"10YR",6,4
363473,"Bojac","BOJAC","Coarse-loamy, mixed, semiactive, thermic Typic Hapludults","Ultisols","Udults","Hapludults","Typic Hapludults","coarse-loamy",-77.514061,36.5694695,1610821,"VPI02151",1,0,23,"Ap","Loamy coarse sand",43520,77.1999969,18.6000004,4.1999998,NA,"2.5Y",5,4
363473,"Bojac","BOJAC","Coarse-loamy, mixed, semiactive, thermic Typic Hapludults","Ultisols","Udults","Hapludults","Typic Hapludults","coarse-loamy",-77.514061,36.5694695,1610824,"VPI02154",4,64,102,"Bt2","Coarse sandy loam",43523,64.9000015,17.8999996,17.2000008,NA,"7.5YR",5,6
363473,"Bojac","BOJAC","Coarse-loamy, mixed, semiactive, thermic Typic Hapludults","Ultisols","Udults","Hapludults","Typic Hapludults","coarse-loamy",-77.514061,36.5694695,1610825,"VPI02155",5,102,127,"Bt3","Coarse sandy loam",43524,76.3000031,13.5,10.1999998,NA,"7.5YR",5,8
363473,"Bojac","BOJAC","Coarse-loamy, mixed, semiactive, thermic Typic Hapludults","Ultisols","Udults","Hapludults","Typic Hapludults","coarse-loamy",-77.514061,36.5694695,1610826,"VPI02156",6,127,165,"Bt4","Coarse sandy loam",43525,74.8000031,17,8.1999998,NA,"10YR",5,8
363473,"Bojac","BOJAC","Coarse-loamy, mixed, semiactive, thermic Typic Hapludults","Ultisols","Udults","Hapludults","Typic Hapludults","coarse-loamy",-77.514061,36.5694695,1610827,"VPI02157",7,165,290,"C","Coarse sand",43526,90.9000015,7.3000002,1.8,NA,"10YR",7,8
363474,"Chenneby","CHENNEBY","Fine-silty, mixed, active, thermic Fluvaquentic Dystrudepts","Inceptisols","Udepts","Dystrudepts","Fluvaquentic Dystrudepts","fine-silty",-77.4858856,36.6678123,1610832,"VPI02214",5,54,84,"Bw3","",43562,13.1000004,56.5,NA,NA,"10YR",4,3
363474,"Chenneby","CHENNEBY","Fine-silty, mixed, active, thermic Fluvaquentic Dystrudepts","Inceptisols","Udepts","Dystrudepts","Fluvaquentic Dystrudepts","fine-silty",-77.4858856,36.6678123,1610829,"VPI02211",2,3,11,"A","",43559,19.3999996,57.5,NA,NA,"10YR",4,4
363474,"Chenneby","CHENNEBY","Fine-silty, mixed, active, thermic Fluvaquentic Dystrudepts","Inceptisols","Udepts","Dystrudepts","Fluvaquentic Dystrudepts","fine-silty",-77.4858856,36.6678123,1610834,"VPI02216",7,122,160,"C","",43564,36.7999992,42.7000008,NA,NA,"2.5Y",7,2
363474,"Chenneby","CHENNEBY","Fine-silty, mixed, active, thermic Fluvaquentic Dystrudepts","Inceptisols","Udepts","Dystrudepts","Fluvaquentic Dystrudepts","fine-silty",-77.4858856,36.6678123,1610831,"VPI02213",4,36,54,"Bw2","",43561,29,51.7999992,NA,NA,"7.5YR",3,2
363474,"Chenneby","CHENNEBY","Fine-silty, mixed, active, thermic Fluvaquentic Dystrudepts","Inceptisols","Udepts","Dystrudepts","Fluvaquentic Dystrudepts","fine-silty",-77.4858856,36.6678123,1610833,"VPI02215",6,84,122,"Bw4","",43563,12.6999998,55.2999992,NA,NA,"7.5YR",4,4
363474,"Chenneby","CHENNEBY","Fine-silty, mixed, active, thermic Fluvaquentic Dystrudepts","Inceptisols","Udepts","Dystrudepts","Fluvaquentic Dystrudepts","fine-silty",-77.4858856,36.6678123,1610830,"VPI02212",3,11,36,"Bw1","",43560,33.0999985,50.5,NA,NA,"7.5YR",4,4
363475,"Chenneby","CHENNEBY","Fine-silty, mixed, active, thermic Fluvaquentic Dystrudepts","Inceptisols","Udepts","Dystrudepts","Fluvaquentic Dystrudepts","fine-silty",-77.3716277999999,36.6079025000001,1610839,"VPI02174",5,38,63,"Bw2","Clay loam",43537,25,42.4000015,32.5999985,NA,"7.5YR",4,4
363475,"Chenneby","CHENNEBY","Fine-silty, mixed, active, thermic Fluvaquentic Dystrudepts","Inceptisols","Udepts","Dystrudepts","Fluvaquentic Dystrudepts","fine-silty",-77.3716277999999,36.6079025000001,1610842,"VPI02177",8,147,175,"C2","Sandy clay loam",43540,51.7000008,26.8999996,21.3999996,NA,"5Y",6,3
363475,"Chenneby","CHENNEBY","Fine-silty, mixed, active, thermic Fluvaquentic Dystrudepts","Inceptisols","Udepts","Dystrudepts","Fluvaquentic Dystrudepts","fine-silty",-77.3716277999999,36.6079025000001,1610840,"VPI02175",6,63,107,"Bw3","Clay loam",43538,26.8999996,40.5,32.5999985,NA,"10YR",5,4
363475,"Chenneby","CHENNEBY","Fine-silty, mixed, active, thermic Fluvaquentic Dystrudepts","Inceptisols","Udepts","Dystrudepts","Fluvaquentic Dystrudepts","fine-silty",-77.3716277999999,36.6079025000001,1610837,"VPI02172",3,15,25,"E","Sandy clay loam",43535,50.5999985,27.7999992,21.6000004,NA,"10YR",4,4
363475,"Chenneby","CHENNEBY","Fine-silty, mixed, active, thermic Fluvaquentic Dystrudepts","Inceptisols","Udepts","Dystrudepts","Fluvaquentic Dystrudepts","fine-silty",-77.3716277999999,36.6079025000001,1610841,"VPI02176",7,107,147,"C1","Loam",43539,44.2000008,33.2000008,22.6000004,NA,"5Y",6,2
363475,"Chenneby","CHENNEBY","Fine-silty, mixed, active, thermic Fluvaquentic Dystrudepts","Inceptisols","Udepts","Dystrudepts","Fluvaquentic Dystrudepts","fine-silty",-77.3716277999999,36.6079025000001,1610838,"VPI02173",4,25,38,"Bw1","Clay loam",43536,33.2999992,35.0999985,31.6000004,NA,"10YR",4,4
363475,"Chenneby","CHENNEBY","Fine-silty, mixed, active, thermic Fluvaquentic Dystrudepts","Inceptisols","Udepts","Dystrudepts","Fluvaquentic Dystrudepts","fine-silty",-77.3716277999999,36.6079025000001,1610836,"VPI02171",2,5,15,"A","Loam",43534,42.7000008,33.7000008,23.6000004,NA,"10YR",3,3
363476,"Chenneby","CHENNEBY","Fine-silty, mixed, active, thermic Fluvaquentic Dystrudepts","Inceptisols","Udepts","Dystrudepts","Fluvaquentic Dystrudepts","fine-silty",-77.3558426,36.5545578000001,1610843,"VPI02181",1,0,10,"A","Silty clay loam",43541,16.2999992,52.7000008,31,NA,"10YR",4,3
363476,"Chenneby","CHENNEBY","Fine-silty, mixed, active, thermic Fluvaquentic Dystrudepts","Inceptisols","Udepts","Dystrudepts","Fluvaquentic Dystrudepts","fine-silty",-77.3558426,36.5545578000001,1610845,"VPI02183",3,48,76,"Bw2","Clay loam",43543,20.2000008,41.7999992,38,NA,"7.5YR",4,4
363476,"Chenneby","CHENNEBY","Fine-silty, mixed, active, thermic Fluvaquentic Dystrudepts","Inceptisols","Udepts","Dystrudepts","Fluvaquentic Dystrudepts","fine-silty",-77.3558426,36.5545578000001,1610844,"VPI02182",2,10,48,"Bw1","Silty clay loam",43542,15,52,33,NA,"7.5YR",4,4
363476,"Chenneby","CHENNEBY","Fine-silty, mixed, active, thermic Fluvaquentic Dystrudepts","Inceptisols","Udepts","Dystrudepts","Fluvaquentic Dystrudepts","fine-silty",-77.3558426,36.5545578000001,1610846,"VPI02184",4,76,152,"BCcg","Loam",43544,35.0999985,38.9000015,26,NA,"N",7,NA
363477,"Chenneby","CHENNEBY","Fine-silty, mixed, active, thermic Fluvaquentic Dystrudepts","Inceptisols","Udepts","Dystrudepts","Fluvaquentic Dystrudepts","fine-silty",-77.5197601,36.6720924000001,1610851,"VPI02195",5,61,71,"Acb","Silt loam",43549,23,51.7999992,25.2000008,NA,"10YR",4,2
363477,"Chenneby","CHENNEBY","Fine-silty, mixed, active, thermic Fluvaquentic Dystrudepts","Inceptisols","Udepts","Dystrudepts","Fluvaquentic Dystrudepts","fine-silty",-77.5197601,36.6720924000001,1610855,"VPI02199",9,274,307,"Cc2","Loam",43553,47.0999985,33.7000008,19.2000008,NA,"10YR",7,2
363477,"Chenneby","CHENNEBY","Fine-silty, mixed, active, thermic Fluvaquentic Dystrudepts","Inceptisols","Udepts","Dystrudepts","Fluvaquentic Dystrudepts","fine-silty",-77.5197601,36.6720924000001,1610847,"VPI02191",1,0,18,"Apc","Silty clay loam",43545,14.8000002,58,27.2000008,NA,"7.5YR",4,4
363477,"Chenneby","CHENNEBY","Fine-silty, mixed, active, thermic Fluvaquentic Dystrudepts","Inceptisols","Udepts","Dystrudepts","Fluvaquentic Dystrudepts","fine-silty",-77.5197601,36.6720924000001,1610854,"VPI02198",8,193,274,"Cc1","Loam",43552,42.7000008,35.9000015,21.3999996,NA,"10YR",7,1
363477,"Chenneby","CHENNEBY","Fine-silty, mixed, active, thermic Fluvaquentic Dystrudepts","Inceptisols","Udepts","Dystrudepts","Fluvaquentic Dystrudepts","fine-silty",-77.5197601,36.6720924000001,1610849,"VPI02193",3,38,51,"Bwc2","Coarse sandy loam",43547,52.9000015,30.8999996,16.2000008,NA,"10YR",4,4
363477,"Chenneby","CHENNEBY","Fine-silty, mixed, active, thermic Fluvaquentic Dystrudepts","Inceptisols","Udepts","Dystrudepts","Fluvaquentic Dystrudepts","fine-silty",-77.5197601,36.6720924000001,1610850,"VPI02194",4,51,61,"Bwc3","Loam",43548,36,46.7999992,17.2000008,NA,"2.5Y",4,2
363477,"Chenneby","CHENNEBY","Fine-silty, mixed, active, thermic Fluvaquentic Dystrudepts","Inceptisols","Udepts","Dystrudepts","Fluvaquentic Dystrudepts","fine-silty",-77.5197601,36.6720924000001,1610848,"VPI02192",2,18,38,"Bwc1","Loam",43546,50.9000015,31.8999996,17.2000008,NA,"7.5YR",4,4
363477,"Chenneby","CHENNEBY","Fine-silty, mixed, active, thermic Fluvaquentic Dystrudepts","Inceptisols","Udepts","Dystrudepts","Fluvaquentic Dystrudepts","fine-silty",-77.5197601,36.6720924000001,1610852,"VPI02196",6,71,114,"Btcb1","Silty clay loam",43550,13.1999998,54.5999985,32.2000008,NA,"5Y",6,3
363477,"Chenneby","CHENNEBY","Fine-silty, mixed, active, thermic Fluvaquentic Dystrudepts","Inceptisols","Udepts","Dystrudepts","Fluvaquentic Dystrudepts","fine-silty",-77.5197601,36.6720924000001,1610853,"VPI02197",7,114,193,"Btcb2","Clay loam",43551,21.7999992,50,28.2000008,NA,"7.5YR",5,6
363478,"Chenneby","CHENNEBY","Fine-silty, mixed, active, thermic Fluvaquentic Dystrudepts","Inceptisols","Udepts","Dystrudepts","Fluvaquentic Dystrudepts","fine-silty",-77.3946228,36.6416664000001,1610860,"VPI02205",5,135,165,"Bw4","",43558,4.6999998,59.5,35.7999992,NA,"10YR",3,4
363478,"Chenneby","CHENNEBY","Fine-silty, mixed, active, thermic Fluvaquentic Dystrudepts","Inceptisols","Udepts","Dystrudepts","Fluvaquentic Dystrudepts","fine-silty",-77.3946228,36.6416664000001,1610859,"VPI02204",4,102,135,"Bw3","",43557,2.9000001,59,38.0999985,NA,"10YR",3,4
363478,"Chenneby","CHENNEBY","Fine-silty, mixed, active, thermic Fluvaquentic Dystrudepts","Inceptisols","Udepts","Dystrudepts","Fluvaquentic Dystrudepts","fine-silty",-77.3946228,36.6416664000001,1610856,"VPI02201",1,0,13,"A","",43554,3.0999999,59.2999992,37.7999992,NA,"10YR",4,3
363478,"Chenneby","CHENNEBY","Fine-silty, mixed, active, thermic Fluvaquentic Dystrudepts","Inceptisols","Udepts","Dystrudepts","Fluvaquentic Dystrudepts","fine-silty",-77.3946228,36.6416664000001,1610857,"VPI02202",2,13,48,"Bw1","",43555,6.0999999,63,31,NA,"7.5YR",4,4
363478,"Chenneby","CHENNEBY","Fine-silty, mixed, active, thermic Fluvaquentic Dystrudepts","Inceptisols","Udepts","Dystrudepts","Fluvaquentic Dystrudepts","fine-silty",-77.3946228,36.6416664000001,1610858,"VPI02203",3,48,102,"Bw2","",43556,1.9,61.5,36.5999985,NA,"10YR",4,4
363479,"Craven","CRAVEN","Fine, mixed, subactive, thermic Aquic Hapludults","Ultisols","Udults","Hapludults","Aquic Hapludults","fine",-77.6425475999999,36.5798073,1610864,"VPI02264",4,71,89,"Bt3","Clay",43597,28.6000004,27.7000008,43.7000008,NA,"10R",4,6
363479,"Craven","CRAVEN","Fine, mixed, subactive, thermic Aquic Hapludults","Ultisols","Udults","Hapludults","Aquic Hapludults","fine",-77.6425475999999,36.5798073,1610863,"VPI02263",3,31,71,"Bt2","Clay",43596,18.7000008,31.2999992,50,NA,"10R",4,6
363479,"Craven","CRAVEN","Fine, mixed, subactive, thermic Aquic Hapludults","Ultisols","Udults","Hapludults","Aquic Hapludults","fine",-77.6425475999999,36.5798073,1610862,"VPI02262",2,10,31,"Bt1","Clay",43595,27.2999992,26.7000008,46,NA,"10YR",5,6
363479,"Craven","CRAVEN","Fine, mixed, subactive, thermic Aquic Hapludults","Ultisols","Udults","Hapludults","Aquic Hapludults","fine",-77.6425475999999,36.5798073,1610861,"VPI02261",1,0,10,"Ap","Clay loam",43594,43.7000008,21.2999992,35,NA,"10YR",5,3
363479,"Craven","CRAVEN","Fine, mixed, subactive, thermic Aquic Hapludults","Ultisols","Udults","Hapludults","Aquic Hapludults","fine",-77.6425475999999,36.5798073,1610866,"VPI02266",6,107,152,"C","Sandy clay loam",43599,63,4,33,NA,"10YR",7,1
363479,"Craven","CRAVEN","Fine, mixed, subactive, thermic Aquic Hapludults","Ultisols","Udults","Hapludults","Aquic Hapludults","fine",-77.6425475999999,36.5798073,1610865,"VPI02265",5,89,107,"Bt4","Sandy clay",43598,46,11,43,NA,"10YR",7,1
363480,"Craven","CRAVEN","Fine, mixed, subactive, thermic Aquic Hapludults","Ultisols","Udults","Hapludults","Aquic Hapludults","fine",-77.5426864999999,36.6008949000001,1610870,"VPI02224",4,76,94,"Bt3","Clay",43568,16.8999996,20.5,62.5999985,NA,"10YR",5,6
363480,"Craven","CRAVEN","Fine, mixed, subactive, thermic Aquic Hapludults","Ultisols","Udults","Hapludults","Aquic Hapludults","fine",-77.5426864999999,36.6008949000001,1610869,"VPI02223",3,23,76,"Bt2","Clay",43567,18.2999992,23.1000004,58.5999985,NA,"5YR",5,6
363480,"Craven","CRAVEN","Fine, mixed, subactive, thermic Aquic Hapludults","Ultisols","Udults","Hapludults","Aquic Hapludults","fine",-77.5426864999999,36.6008949000001,1610872,"VPI02226",6,130,183,"C2","Sandy clay loam",43570,59.5999985,11.8000002,28.6000004,NA,"10YR",4,4
363480,"Craven","CRAVEN","Fine, mixed, subactive, thermic Aquic Hapludults","Ultisols","Udults","Hapludults","Aquic Hapludults","fine",-77.5426864999999,36.6008949000001,1610871,"VPI02225",5,94,130,"C1","Clay",43569,37.2000008,20.2000008,42.5999985,NA,"10YR",5,8
363480,"Craven","CRAVEN","Fine, mixed, subactive, thermic Aquic Hapludults","Ultisols","Udults","Hapludults","Aquic Hapludults","fine",-77.5426864999999,36.6008949000001,1610867,"VPI02221",1,0,8,"Ap","Clay loam",43565,35.7000008,30.7000008,33.5999985,NA,"10YR",3,2
363480,"Craven","CRAVEN","Fine, mixed, subactive, thermic Aquic Hapludults","Ultisols","Udults","Hapludults","Aquic Hapludults","fine",-77.5426864999999,36.6008949000001,1610868,"VPI02222",2,8,23,"Bt1","Clay",43566,22,26.3999996,51.5999985,NA,"5YR",4,6
363481,"Craven","CRAVEN","Fine, mixed, subactive, thermic Aquic Hapludults","Ultisols","Udults","Hapludults","Aquic Hapludults","fine",-77.5428009,36.6008682,1610874,"VPI02232",2,13,33,"E","Coarse sandy loam",43572,55.5,36.9000015,7.5999999,NA,"10YR",5,4
363481,"Craven","CRAVEN","Fine, mixed, subactive, thermic Aquic Hapludults","Ultisols","Udults","Hapludults","Aquic Hapludults","fine",-77.5428009,36.6008682,1610879,"VPI02237",7,119,137,"C","Clay loam",43577,41.2999992,22.5,36.2000008,NA,"7.5YR",7,2
363481,"Craven","CRAVEN","Fine, mixed, subactive, thermic Aquic Hapludults","Ultisols","Udults","Hapludults","Aquic Hapludults","fine",-77.5428009,36.6008682,1610876,"VPI02234",4,43,61,"Bt2","Clay loam",43574,36.2000008,26.2000008,37.5999985,NA,"10YR",5,8
363481,"Craven","CRAVEN","Fine, mixed, subactive, thermic Aquic Hapludults","Ultisols","Udults","Hapludults","Aquic Hapludults","fine",-77.5428009,36.6008682,1610877,"VPI02235",5,61,69,"Bt3","Clay",43575,36.2000008,21,42.7999992,NA,"7.5YR",5,6
363481,"Craven","CRAVEN","Fine, mixed, subactive, thermic Aquic Hapludults","Ultisols","Udults","Hapludults","Aquic Hapludults","fine",-77.5428009,36.6008682,1610873,"VPI02231",1,0,13,"Ap","Coarse sandy loam",43571,59.5,32.0999985,8.3999996,NA,"2.5Y",4,2
363481,"Craven","CRAVEN","Fine, mixed, subactive, thermic Aquic Hapludults","Ultisols","Udults","Hapludults","Aquic Hapludults","fine",-77.5428009,36.6008682,1610875,"VPI02233",3,33,43,"Bt1","Loam",43573,44.9000015,32.5,22.6000004,NA,"10YR",5,8
363481,"Craven","CRAVEN","Fine, mixed, subactive, thermic Aquic Hapludults","Ultisols","Udults","Hapludults","Aquic Hapludults","fine",-77.5428009,36.6008682,1610878,"VPI02236",6,69,119,"Bt4","Clay",43576,37.2999992,21.8999996,40.7999992,NA,"7.5YR",5,6
363481,"Craven","CRAVEN","Fine, mixed, subactive, thermic Aquic Hapludults","Ultisols","Udults","Hapludults","Aquic Hapludults","fine",-77.5428009,36.6008682,1610881,"VPI02239",9,150,183,"C'","Coarse sandy loam",43579,66.9000015,15.8999996,17.2000008,NA,"10YR",5,8
363481,"Craven","CRAVEN","Fine, mixed, subactive, thermic Aquic Hapludults","Ultisols","Udults","Hapludults","Aquic Hapludults","fine",-77.5428009,36.6008682,1610880,"VPI02238",8,137,150,"Cc","Sandy clay loam",43578,49.5999985,22.2000008,28.2000008,NA,"7.5YR",5,8
363482,"Craven","CRAVEN","Fine, mixed, subactive, thermic Aquic Hapludults","Ultisols","Udults","Hapludults","Aquic Hapludults","fine",-77.6406249999999,36.5751266,1610885,"VPI02243",4,41,69,"Bx1","Coarse sandy loam",43582,72.6999969,19.6000004,7.6999998,NA,"10YR",7,3
363482,"Craven","CRAVEN","Fine, mixed, subactive, thermic Aquic Hapludults","Ultisols","Udults","Hapludults","Aquic Hapludults","fine",-77.6406249999999,36.5751266,1610886,"VPI02244",5,69,117,"2Bx2","Coarse sandy loam",43583,76.0999985,16.7000008,7.1999998,NA,"10YR",7,3
363482,"Craven","CRAVEN","Fine, mixed, subactive, thermic Aquic Hapludults","Ultisols","Udults","Hapludults","Aquic Hapludults","fine",-77.6406249999999,36.5751266,1610887,"VPI02245",6,117,186,"2Bt","Sandy clay loam",43584,67.5,9.1000004,23.3999996,NA,"7.5YR",5,8
363482,"Craven","CRAVEN","Fine, mixed, subactive, thermic Aquic Hapludults","Ultisols","Udults","Hapludults","Aquic Hapludults","fine",-77.6406249999999,36.5751266,1610884,"VPI02242",3,18,41,"Bw","Coarse sandy loam",43581,74.4000015,17.7999992,7.8000002,NA,"10YR",7,3
363482,"Craven","CRAVEN","Fine, mixed, subactive, thermic Aquic Hapludults","Ultisols","Udults","Hapludults","Aquic Hapludults","fine",-77.6406249999999,36.5751266,1610883,"VPI02241",2,8,18,"A","Coarse sandy loam",43580,75.0999985,16.7000008,8.1999998,NA,"2.5Y",5,2
363483,"Craven","CRAVEN","Fine, mixed, subactive, thermic Aquic Hapludults","Ultisols","Udults","Hapludults","Aquic Hapludults","fine",-77.3896331999999,36.561676,1610892,"VPI02255",5,76,97,"2Eb","Loamy sand",43589,84.5,7.6999998,7.8000002,NA,"10YR",6,3
363483,"Craven","CRAVEN","Fine, mixed, subactive, thermic Aquic Hapludults","Ultisols","Udults","Hapludults","Aquic Hapludults","fine",-77.3896331999999,36.561676,1610893,"VPI02256",6,97,124,"2Btb1","Sandy clay loam",43590,63.2999992,14.1000004,22.6000004,NA,"10YR",5,6
363483,"Craven","CRAVEN","Fine, mixed, subactive, thermic Aquic Hapludults","Ultisols","Udults","Hapludults","Aquic Hapludults","fine",-77.3896331999999,36.561676,1610896,"VPI02259",9,206,262,"4C2","Clay",43593,16.1000004,31.1000004,52.7999992,NA,"10YR",5,8
363483,"Craven","CRAVEN","Fine, mixed, subactive, thermic Aquic Hapludults","Ultisols","Udults","Hapludults","Aquic Hapludults","fine",-77.3896331999999,36.561676,1610894,"VPI02257",7,124,178,"2Btb2","Sandy clay loam",43591,54.9000015,12.3000002,32.7999992,NA,"10YR",5,8
363483,"Craven","CRAVEN","Fine, mixed, subactive, thermic Aquic Hapludults","Ultisols","Udults","Hapludults","Aquic Hapludults","fine",-77.3896331999999,36.561676,1610890,"VPI02253",3,38,61,"A","Loamy coarse sand",43587,81.3000031,12.8000002,5.9000001,NA,"10YR",4,2
363483,"Craven","CRAVEN","Fine, mixed, subactive, thermic Aquic Hapludults","Ultisols","Udults","Hapludults","Aquic Hapludults","fine",-77.3896331999999,36.561676,1610889,"VPI02252",2,20,38,"Ap2","Loamy coarse sand",43586,82.3000031,13.3000002,4.4000001,NA,"10YR",5,3
363483,"Craven","CRAVEN","Fine, mixed, subactive, thermic Aquic Hapludults","Ultisols","Udults","Hapludults","Aquic Hapludults","fine",-77.3896331999999,36.561676,1610895,"VPI02258",8,178,206,"3C1","Fine sandy loam",43592,78.5999985,9.8000002,11.6000004,NA,"10YR",5,6
363483,"Craven","CRAVEN","Fine, mixed, subactive, thermic Aquic Hapludults","Ultisols","Udults","Hapludults","Aquic Hapludults","fine",-77.3896331999999,36.561676,1610888,"VPI02251",1,0,20,"Ap1","Coarse sand",43585,87,9.6000004,3.4000001,NA,"10YR",6,4
363483,"Craven","CRAVEN","Fine, mixed, subactive, thermic Aquic Hapludults","Ultisols","Udults","Hapludults","Aquic Hapludults","fine",-77.3896331999999,36.561676,1610891,"VPI02254",4,61,76,"Bw","Coarse sandy loam",43588,75.3000031,16.7999992,7.9000001,NA,"10YR",6,3
363484,"Dothan","DOTHAN","Fine-loamy, kaolinitic, thermic Plinthic Kandiudults","Ultisols","Udults","Kandiudults","Plinthic Kandiudults","fine-loamy",-77.6189499,36.6380043,1610901,"VPI02335",5,112,160,"Btv1","Sandy clay",47744,46.9000015,12.1000004,41,NA,"2.5YR",4,6
363484,"Dothan","DOTHAN","Fine-loamy, kaolinitic, thermic Plinthic Kandiudults","Ultisols","Udults","Kandiudults","Plinthic Kandiudults","fine-loamy",-77.6189499,36.6380043,1610902,"VPI02336",6,160,198,"Btv2","Sandy clay loam",47745,59.5999985,10.3999996,30,NA,"2.5YR",4,6
363484,"Dothan","DOTHAN","Fine-loamy, kaolinitic, thermic Plinthic Kandiudults","Ultisols","Udults","Kandiudults","Plinthic Kandiudults","fine-loamy",-77.6189499,36.6380043,1610898,"VPI02332",2,23,43,"E","Coarse sandy loam",47741,71.8000031,19.2000008,9,NA,"10YR",6,3
363484,"Dothan","DOTHAN","Fine-loamy, kaolinitic, thermic Plinthic Kandiudults","Ultisols","Udults","Kandiudults","Plinthic Kandiudults","fine-loamy",-77.6189499,36.6380043,1610897,"VPI02331",1,0,23,"Ap","Loamy coarse sand",47740,81.9000015,11.8000002,6.3000002,NA,"10YR",5,3
363484,"Dothan","DOTHAN","Fine-loamy, kaolinitic, thermic Plinthic Kandiudults","Ultisols","Udults","Kandiudults","Plinthic Kandiudults","fine-loamy",-77.6189499,36.6380043,1610900,"VPI02334",4,79,112,"Bt2","Sandy clay loam",47743,57.2999992,14.6999998,28,NA,"10YR",5,6
363484,"Dothan","DOTHAN","Fine-loamy, kaolinitic, thermic Plinthic Kandiudults","Ultisols","Udults","Kandiudults","Plinthic Kandiudults","fine-loamy",-77.6189499,36.6380043,1610899,"VPI02333",3,43,79,"Bt1","Sandy clay loam",47742,59.0999985,15.8999996,25,NA,"10YR",5,6
363485,"Dothan","DOTHAN","Fine-loamy, kaolinitic, thermic Plinthic Kandiudults","Ultisols","Udults","Kandiudults","Plinthic Kandiudults","fine-loamy",-77.6200484999999,36.6418762000001,1610903,"VPI02271",1,0,25,"Ap","Loamy coarse sand",47700,83.0999985,11.8999996,5,NA,"2.5Y",5,4
363485,"Dothan","DOTHAN","Fine-loamy, kaolinitic, thermic Plinthic Kandiudults","Ultisols","Udults","Kandiudults","Plinthic Kandiudults","fine-loamy",-77.6200484999999,36.6418762000001,1610907,"VPI02275",5,124,203,"Btv","Clay",47704,44.2000008,7.4000001,48.4000015,NA,"10R",4,6
363485,"Dothan","DOTHAN","Fine-loamy, kaolinitic, thermic Plinthic Kandiudults","Ultisols","Udults","Kandiudults","Plinthic Kandiudults","fine-loamy",-77.6200484999999,36.6418762000001,1610905,"VPI02273",3,41,76,"Bt2","Sandy clay loam",47702,64.6999969,12.3000002,23,NA,"10YR",5,6
363485,"Dothan","DOTHAN","Fine-loamy, kaolinitic, thermic Plinthic Kandiudults","Ultisols","Udults","Kandiudults","Plinthic Kandiudults","fine-loamy",-77.6200484999999,36.6418762000001,1610906,"VPI02274",4,76,124,"Bt3","Clay",47703,44.9000015,15.1000004,40,NA,"10YR",5,8
363485,"Dothan","DOTHAN","Fine-loamy, kaolinitic, thermic Plinthic Kandiudults","Ultisols","Udults","Kandiudults","Plinthic Kandiudults","fine-loamy",-77.6200484999999,36.6418762000001,1610904,"VPI02272",2,25,41,"Bt1","Sandy clay loam",47701,62.5,13.5,24,NA,"2.5Y",6,4
363486,"Dothan","DOTHAN","Fine-loamy, kaolinitic, thermic Plinthic Kandiudults","Ultisols","Udults","Kandiudults","Plinthic Kandiudults","fine-loamy",-77.6293869,36.6221924000001,1610910,"VPI02283",3,36,56,"E2","",47707,68.5999985,25.3999996,6.1999998,NA,"10YR",6,4
363486,"Dothan","DOTHAN","Fine-loamy, kaolinitic, thermic Plinthic Kandiudults","Ultisols","Udults","Kandiudults","Plinthic Kandiudults","fine-loamy",-77.6293869,36.6221924000001,1610912,"VPI02285",5,84,107,"Bt2","",47709,52.4000015,12.5,35.0999985,NA,"10YR",5,6
363486,"Dothan","DOTHAN","Fine-loamy, kaolinitic, thermic Plinthic Kandiudults","Ultisols","Udults","Kandiudults","Plinthic Kandiudults","fine-loamy",-77.6293869,36.6221924000001,1610914,"VPI02287",7,142,251,"C","",47711,46.5999985,9.6999998,43.7000008,NA,"2.5YR",4,6
363486,"Dothan","DOTHAN","Fine-loamy, kaolinitic, thermic Plinthic Kandiudults","Ultisols","Udults","Kandiudults","Plinthic Kandiudults","fine-loamy",-77.6293869,36.6221924000001,1610913,"VPI02286",6,107,142,"Btv","",47710,51.5999985,11.3000002,37,NA,"10YR",5,6
363486,"Dothan","DOTHAN","Fine-loamy, kaolinitic, thermic Plinthic Kandiudults","Ultisols","Udults","Kandiudults","Plinthic Kandiudults","fine-loamy",-77.6293869,36.6221924000001,1610909,"VPI02282",2,15,36,"E1","",47706,74,21.2999992,4.8000002,NA,"10YR",6,4
363486,"Dothan","DOTHAN","Fine-loamy, kaolinitic, thermic Plinthic Kandiudults","Ultisols","Udults","Kandiudults","Plinthic Kandiudults","fine-loamy",-77.6293869,36.6221924000001,1610908,"VPI02281",1,0,15,"Ap","",47705,80,16.7999992,3.2,NA,"10YR",4,2
363486,"Dothan","DOTHAN","Fine-loamy, kaolinitic, thermic Plinthic Kandiudults","Ultisols","Udults","Kandiudults","Plinthic Kandiudults","fine-loamy",-77.6293869,36.6221924000001,1610911,"VPI02284",4,56,84,"Bt1","",47708,57.9000015,18.1000004,24,NA,"10YR",5,6
363487,"Dothan","DOTHAN","Fine-loamy, kaolinitic, thermic Plinthic Kandiudults","Ultisols","Udults","Kandiudults","Plinthic Kandiudults","fine-loamy",-77.6207656999999,36.6406937,1610920,"VPI02296",6,127,165,"Bt5","Sandy clay",47717,50.2999992,8.6999998,41,NA,"7.5YR",5,8
363487,"Dothan","DOTHAN","Fine-loamy, kaolinitic, thermic Plinthic Kandiudults","Ultisols","Udults","Kandiudults","Plinthic Kandiudults","fine-loamy",-77.6207656999999,36.6406937,1610918,"VPI02294",4,56,102,"Bt3","Sandy clay loam",47715,61.5,12.5,26,NA,"10YR",5,6
363487,"Dothan","DOTHAN","Fine-loamy, kaolinitic, thermic Plinthic Kandiudults","Ultisols","Udults","Kandiudults","Plinthic Kandiudults","fine-loamy",-77.6207656999999,36.6406937,1610919,"VPI02295",5,102,127,"Bt4","Sandy clay loam",47716,56.7999992,14.6000004,28.6000004,NA,"7.5YR",5,8
363487,"Dothan","DOTHAN","Fine-loamy, kaolinitic, thermic Plinthic Kandiudults","Ultisols","Udults","Kandiudults","Plinthic Kandiudults","fine-loamy",-77.6207656999999,36.6406937,1610916,"VPI02292",2,25,41,"Bt1","Coarse sandy loam",47713,71.5999985,14,14.3999996,NA,"10YR",5,4
363487,"Dothan","DOTHAN","Fine-loamy, kaolinitic, thermic Plinthic Kandiudults","Ultisols","Udults","Kandiudults","Plinthic Kandiudults","fine-loamy",-77.6207656999999,36.6406937,1610917,"VPI02293",3,41,56,"Bt2","Sandy clay loam",47714,62.7000008,15.3000002,22,NA,"10YR",5,6
363487,"Dothan","DOTHAN","Fine-loamy, kaolinitic, thermic Plinthic Kandiudults","Ultisols","Udults","Kandiudults","Plinthic Kandiudults","fine-loamy",-77.6207656999999,36.6406937,1610915,"VPI02291",1,0,25,"Ap","Loamy coarse sand",47712,82.3000031,11,6.6999998,NA,"10YR",5,3
363487,"Dothan","DOTHAN","Fine-loamy, kaolinitic, thermic Plinthic Kandiudults","Ultisols","Udults","Kandiudults","Plinthic Kandiudults","fine-loamy",-77.6207656999999,36.6406937,1610921,"VPI02297",7,165,183,"Btv","Sandy clay",47718,49.9000015,10.1000004,40,NA,"5YR",5,6
363488,"Dothan","DOTHAN","Fine-loamy, kaolinitic, thermic Plinthic Kandiudults","Ultisols","Udults","Kandiudults","Plinthic Kandiudults","fine-loamy",-77.615036,36.5455093,1610929,"VPI02306",8,138,171,"Bt4","",47724,52.4000015,14,33.7000008,NA,"2.5Y",7,2
363488,"Dothan","DOTHAN","Fine-loamy, kaolinitic, thermic Plinthic Kandiudults","Ultisols","Udults","Kandiudults","Plinthic Kandiudults","fine-loamy",-77.615036,36.5455093,1610928,"VPI02305",7,105,138,"Bt3","",47723,52.5999985,16.2999992,31.1000004,NA,"10YR",5,6
363488,"Dothan","DOTHAN","Fine-loamy, kaolinitic, thermic Plinthic Kandiudults","Ultisols","Udults","Kandiudults","Plinthic Kandiudults","fine-loamy",-77.615036,36.5455093,1610924,"VPI02301",3,6,41,"E1","",47719,66.9000015,27.8999996,5.1999998,NA,"5Y",6,3
363488,"Dothan","DOTHAN","Fine-loamy, kaolinitic, thermic Plinthic Kandiudults","Ultisols","Udults","Kandiudults","Plinthic Kandiudults","fine-loamy",-77.615036,36.5455093,1610930,"VPI02307",9,171,191,"C","",47725,66.9000015,9.6000004,23.3999996,NA,"2.5Y",7,2
363488,"Dothan","DOTHAN","Fine-loamy, kaolinitic, thermic Plinthic Kandiudults","Ultisols","Udults","Kandiudults","Plinthic Kandiudults","fine-loamy",-77.615036,36.5455093,1610927,"VPI02304",6,72,105,"Bt2","",47722,58,19.6000004,22.5,NA,"10YR",5,6
363488,"Dothan","DOTHAN","Fine-loamy, kaolinitic, thermic Plinthic Kandiudults","Ultisols","Udults","Kandiudults","Plinthic Kandiudults","fine-loamy",-77.615036,36.5455093,1610926,"VPI02303",5,59,72,"Bt1","",47721,62.7000008,23.8999996,13.5,NA,"2.5Y",6,6
363488,"Dothan","DOTHAN","Fine-loamy, kaolinitic, thermic Plinthic Kandiudults","Ultisols","Udults","Kandiudults","Plinthic Kandiudults","fine-loamy",-77.615036,36.5455093,1610925,"VPI02302",4,41,59,"E2","",47720,64.4000015,29.1000004,6.4000001,NA,"5Y",6,3
363491,"Emporia","EMPORIA","Fine-loamy, siliceous, subactive, thermic Typic Hapludults","Ultisols","Udults","Hapludults","Typic Hapludults","fine-loamy",-77.5503845,36.5805779,1610949,"VPI02395",5,112,145,"Bt3","Sandy clay loam",47782,51.4000015,19.3999996,29.2000008,NA,"10YR",5,6
363491,"Emporia","EMPORIA","Fine-loamy, siliceous, subactive, thermic Typic Hapludults","Ultisols","Udults","Hapludults","Typic Hapludults","fine-loamy",-77.5503845,36.5805779,1610948,"VPI02394",4,81,112,"Bt2","Clay loam",47781,42.4000015,20.3999996,37.2000008,NA,"10YR",5,6
363491,"Emporia","EMPORIA","Fine-loamy, siliceous, subactive, thermic Typic Hapludults","Ultisols","Udults","Hapludults","Typic Hapludults","fine-loamy",-77.5503845,36.5805779,1610950,"VPI02396",6,145,178,"C","Sandy clay loam",47783,59.4000015,17.3999996,23.2000008,NA,"10YR",7,1
363491,"Emporia","EMPORIA","Fine-loamy, siliceous, subactive, thermic Typic Hapludults","Ultisols","Udults","Hapludults","Typic Hapludults","fine-loamy",-77.5503845,36.5805779,1610946,"VPI02392",2,15,38,"E","Coarse sandy loam",47779,65.9000015,23,11.1000004,NA,"10YR",6,3
363491,"Emporia","EMPORIA","Fine-loamy, siliceous, subactive, thermic Typic Hapludults","Ultisols","Udults","Hapludults","Typic Hapludults","fine-loamy",-77.5503845,36.5805779,1610947,"VPI02393",3,38,81,"Bt1","Sandy clay loam",47780,53.9000015,19.8999996,26.2000008,NA,"10YR",5,6
363491,"Emporia","EMPORIA","Fine-loamy, siliceous, subactive, thermic Typic Hapludults","Ultisols","Udults","Hapludults","Typic Hapludults","fine-loamy",-77.5503845,36.5805779,1610945,"VPI02391",1,0,15,"Ap","Loamy coarse sand",47778,77.8000031,17.1000004,5.0999999,NA,"10YR",6,3
363492,"Emporia","EMPORIA","Fine-loamy, siliceous, subactive, thermic Typic Hapludults","Ultisols","Udults","Hapludults","Typic Hapludults","fine-loamy",-77.5365829,36.5811577000001,1610951,"VPI02341",1,0,18,"Ap","",47746,74.8000031,19.7000008,5.5,NA,"2.5Y",5,4
363492,"Emporia","EMPORIA","Fine-loamy, siliceous, subactive, thermic Typic Hapludults","Ultisols","Udults","Hapludults","Typic Hapludults","fine-loamy",-77.5365829,36.5811577000001,1610953,"VPI02343",3,46,69,"Bt2","",47748,38.2000008,23.7000008,38.0999985,NA,"10YR",5,6
363492,"Emporia","EMPORIA","Fine-loamy, siliceous, subactive, thermic Typic Hapludults","Ultisols","Udults","Hapludults","Typic Hapludults","fine-loamy",-77.5365829,36.5811577000001,1610954,"VPI02344",4,69,99,"Bt3","",47749,28.2999992,19.8999996,51.7999992,NA,"7.5YR",5,6
363492,"Emporia","EMPORIA","Fine-loamy, siliceous, subactive, thermic Typic Hapludults","Ultisols","Udults","Hapludults","Typic Hapludults","fine-loamy",-77.5365829,36.5811577000001,1610956,"VPI02346",6,127,168,"2C","",47751,67.0999985,5,27.8999996,NA,"2.5YR",4,8
363492,"Emporia","EMPORIA","Fine-loamy, siliceous, subactive, thermic Typic Hapludults","Ultisols","Udults","Hapludults","Typic Hapludults","fine-loamy",-77.5365829,36.5811577000001,1610952,"VPI02342",2,18,46,"Bt1","",47747,46,28.3999996,25.6000004,NA,"10YR",5,6
363492,"Emporia","EMPORIA","Fine-loamy, siliceous, subactive, thermic Typic Hapludults","Ultisols","Udults","Hapludults","Typic Hapludults","fine-loamy",-77.5365829,36.5811577000001,1610955,"VPI02345",5,99,127,"2Bt4","",47750,55.4000015,8.1000004,36.5,NA,"7.5YR",5,6
363493,"Emporia","EMPORIA","Fine-loamy, siliceous, subactive, thermic Typic Hapludults","Ultisols","Udults","Hapludults","Typic Hapludults","fine-loamy",-77.6138687,36.6412239000001,1610959,"VPI02353",3,48,81,"Bt1","Sandy clay loam",47754,78,NA,23.6000004,NA,"10YR",5,6
363493,"Emporia","EMPORIA","Fine-loamy, siliceous, subactive, thermic Typic Hapludults","Ultisols","Udults","Hapludults","Typic Hapludults","fine-loamy",-77.6138687,36.6412239000001,1610958,"VPI02352",2,20,48,"E","Loamy coarse sand",47753,79.9000015,11.8000002,8.3000002,NA,"2.5Y",6,4
363493,"Emporia","EMPORIA","Fine-loamy, siliceous, subactive, thermic Typic Hapludults","Ultisols","Udults","Hapludults","Typic Hapludults","fine-loamy",-77.6138687,36.6412239000001,1610961,"VPI02355",5,112,170,"C","Sandy clay loam",47756,67.3000031,6.0999999,26.6000004,NA,"10R",4,6
363493,"Emporia","EMPORIA","Fine-loamy, siliceous, subactive, thermic Typic Hapludults","Ultisols","Udults","Hapludults","Typic Hapludults","fine-loamy",-77.6138687,36.6412239000001,1610957,"VPI02351",1,0,20,"Ap","Loamy coarse sand",47752,82.5,10.1999998,7.3000002,NA,"10YR",4,3
363493,"Emporia","EMPORIA","Fine-loamy, siliceous, subactive, thermic Typic Hapludults","Ultisols","Udults","Hapludults","Typic Hapludults","fine-loamy",-77.6138687,36.6412239000001,1610960,"VPI02354",4,81,112,"Bt2","Sandy clay loam",47755,57.5999985,7.8000002,34.5999985,NA,"10YR",5,6
363494,"Emporia","EMPORIA","Fine-loamy, siliceous, subactive, thermic Typic Hapludults","Ultisols","Udults","Hapludults","Typic Hapludults","fine-loamy",-77.5170212,36.7140732,1610963,"VPI02362",2,20,31,"E1","Coarse sandy loam",47758,54.7000008,33,12.3000002,NA,"2.5Y",6,4
363494,"Emporia","EMPORIA","Fine-loamy, siliceous, subactive, thermic Typic Hapludults","Ultisols","Udults","Hapludults","Typic Hapludults","fine-loamy",-77.5170212,36.7140732,1610967,"VPI02366",6,119,150,"Bt3","Clay loam",47762,39.2000008,22.2000008,38.5999985,NA,"10YR",5,8
363494,"Emporia","EMPORIA","Fine-loamy, siliceous, subactive, thermic Typic Hapludults","Ultisols","Udults","Hapludults","Typic Hapludults","fine-loamy",-77.5170212,36.7140732,1610965,"VPI02364",4,38,66,"Bt1","Clay loam",47760,40.4000015,27,32.5999985,NA,"7.5YR",5,6
363494,"Emporia","EMPORIA","Fine-loamy, siliceous, subactive, thermic Typic Hapludults","Ultisols","Udults","Hapludults","Typic Hapludults","fine-loamy",-77.5170212,36.7140732,1610968,"VPI02367",7,150,193,"Bt4","Clay loam",47763,38.4000015,25,36.5999985,NA,"10YR",5,8
363494,"Emporia","EMPORIA","Fine-loamy, siliceous, subactive, thermic Typic Hapludults","Ultisols","Udults","Hapludults","Typic Hapludults","fine-loamy",-77.5170212,36.7140732,1610964,"VPI02363",3,31,38,"E2","Loam",47759,48,31.2000008,20.7999992,NA,"10YR",6,3
363494,"Emporia","EMPORIA","Fine-loamy, siliceous, subactive, thermic Typic Hapludults","Ultisols","Udults","Hapludults","Typic Hapludults","fine-loamy",-77.5170212,36.7140732,1610966,"VPI02365",5,66,119,"Bt2","Clay loam",47761,41.4000015,26,32.5999985,NA,"7.5YR",5,6
363494,"Emporia","EMPORIA","Fine-loamy, siliceous, subactive, thermic Typic Hapludults","Ultisols","Udults","Hapludults","Typic Hapludults","fine-loamy",-77.5170212,36.7140732,1610962,"VPI02361",1,0,20,"Ap","Coarse sandy loam",47757,69.4000015,25.2999992,5.3000002,NA,"2.5Y",5,2
363495,"Emporia","EMPORIA","Fine-loamy, siliceous, subactive, thermic Typic Hapludults","Ultisols","Udults","Hapludults","Typic Hapludults","fine-loamy",-77.5118408,36.6099777000001,1610975,"VPI02376",7,105,138,"Bt3","Clay",47769,37.7999992,13.3999996,48.7999992,NA,"5YR",4,8
363495,"Emporia","EMPORIA","Fine-loamy, siliceous, subactive, thermic Typic Hapludults","Ultisols","Udults","Hapludults","Typic Hapludults","fine-loamy",-77.5118408,36.6099777000001,1610974,"VPI02375",6,67,105,"Bt2","Clay",47768,42.0999985,17.1000004,40.7999992,NA,"5YR",4,8
363495,"Emporia","EMPORIA","Fine-loamy, siliceous, subactive, thermic Typic Hapludults","Ultisols","Udults","Hapludults","Typic Hapludults","fine-loamy",-77.5118408,36.6099777000001,1610976,"VPI02377",8,138,163,"Bt4","Sandy clay",47770,46.7999992,11.3999996,41.7999992,NA,"2.5YR",4,6
363495,"Emporia","EMPORIA","Fine-loamy, siliceous, subactive, thermic Typic Hapludults","Ultisols","Udults","Hapludults","Typic Hapludults","fine-loamy",-77.5118408,36.6099777000001,1610971,"VPI02372",3,21,39,"E1","Coarse sandy loam",47765,64.6999969,28.5,6.8000002,NA,"2.5Y",6,4
363495,"Emporia","EMPORIA","Fine-loamy, siliceous, subactive, thermic Typic Hapludults","Ultisols","Udults","Hapludults","Typic Hapludults","fine-loamy",-77.5118408,36.6099777000001,1610972,"VPI02373",4,39,54,"E2","Coarse sandy loam",47766,60.7999992,30.3999996,8.8000002,NA,"2.5Y",6,4
363495,"Emporia","EMPORIA","Fine-loamy, siliceous, subactive, thermic Typic Hapludults","Ultisols","Udults","Hapludults","Typic Hapludults","fine-loamy",-77.5118408,36.6099777000001,1610977,"VPI02378",9,163,188,"2C","Sandy clay loam",47771,67.6999969,6.5,25.7999992,NA,"5YR",4,8
363495,"Emporia","EMPORIA","Fine-loamy, siliceous, subactive, thermic Typic Hapludults","Ultisols","Udults","Hapludults","Typic Hapludults","fine-loamy",-77.5118408,36.6099777000001,1610973,"VPI02374",5,54,67,"Bt1","Sandy clay loam",47767,48.5,23.7000008,27.7999992,NA,"10YR",5,6
363495,"Emporia","EMPORIA","Fine-loamy, siliceous, subactive, thermic Typic Hapludults","Ultisols","Udults","Hapludults","Typic Hapludults","fine-loamy",-77.5118408,36.6099777000001,1610970,"VPI02371",2,3,21,"Ap","Coarse sandy loam",47764,70.8000031,24.3999996,4.8000002,NA,"2.5Y",5,2
363496,"Emporia","EMPORIA","Fine-loamy, siliceous, subactive, thermic Typic Hapludults","Ultisols","Udults","Hapludults","Typic Hapludults","fine-loamy",-77.5683516999999,36.5714760000001,1610983,"VPI02386",6,127,178,"3C","Sandy loam",47777,69.8000031,12.3999996,17.7999992,NA,"7.5YR",5,6
363496,"Emporia","EMPORIA","Fine-loamy, siliceous, subactive, thermic Typic Hapludults","Ultisols","Udults","Hapludults","Typic Hapludults","fine-loamy",-77.5683516999999,36.5714760000001,1610978,"VPI02381",1,0,13,"Ap","Coarse sandy loam",47772,72.4000015,23.1000004,4.5,NA,"5Y",5,3
363496,"Emporia","EMPORIA","Fine-loamy, siliceous, subactive, thermic Typic Hapludults","Ultisols","Udults","Hapludults","Typic Hapludults","fine-loamy",-77.5683516999999,36.5714760000001,1610980,"VPI02383",3,28,46,"Bt1","Coarse sandy loam",47774,54.5999985,30.7999992,14.6000004,NA,"10YR",5,8
363496,"Emporia","EMPORIA","Fine-loamy, siliceous, subactive, thermic Typic Hapludults","Ultisols","Udults","Hapludults","Typic Hapludults","fine-loamy",-77.5683516999999,36.5714760000001,1610982,"VPI02385",5,91,127,"2Bt3","Sandy clay loam",47776,55.2000008,21.2000008,23.6000004,NA,"7.5YR",5,6
363496,"Emporia","EMPORIA","Fine-loamy, siliceous, subactive, thermic Typic Hapludults","Ultisols","Udults","Hapludults","Typic Hapludults","fine-loamy",-77.5683516999999,36.5714760000001,1610979,"VPI02382",2,13,28,"E","Coarse sandy loam",47773,64.1999969,27.7999992,8,NA,"5Y",6,3
363496,"Emporia","EMPORIA","Fine-loamy, siliceous, subactive, thermic Typic Hapludults","Ultisols","Udults","Hapludults","Typic Hapludults","fine-loamy",-77.5683516999999,36.5714760000001,1610981,"VPI02384",4,46,91,"Bt2","Sandy clay loam",47775,51.9000015,25.5,22.6000004,NA,"10YR",5,6
363504,"Georgeville","GEORGEVILLE","Fine, kaolinitic, thermic Typic Kanhapludults","Ultisols","Udults","Kanhapludults","Typic Kanhapludults","fine",-77.4967574999999,36.8161659,1611031,"VPI02462",2,18,58,"Bt1","Silty clay",52720,3.2,45.7999992,51,NA,"2.5YR",4,8
363504,"Georgeville","GEORGEVILLE","Fine, kaolinitic, thermic Typic Kanhapludults","Ultisols","Udults","Kanhapludults","Typic Kanhapludults","fine",-77.4967574999999,36.8161659,1611033,"VPI02464",4,117,150,"Bt3","Silty clay",52722,3.0999999,54.9000015,42,NA,"2.5YR",4,8
363504,"Georgeville","GEORGEVILLE","Fine, kaolinitic, thermic Typic Kanhapludults","Ultisols","Udults","Kanhapludults","Typic Kanhapludults","fine",-77.4967574999999,36.8161659,1611032,"VPI02463",3,58,117,"Bt2","Silty clay",52721,2.5,48.5,49,NA,"2.5YR",4,8
363504,"Georgeville","GEORGEVILLE","Fine, kaolinitic, thermic Typic Kanhapludults","Ultisols","Udults","Kanhapludults","Typic Kanhapludults","fine",-77.4967574999999,36.8161659,1611030,"VPI02461",1,0,18,"Ap","Silty clay loam",52719,9.1999998,54.7999992,36,NA,"5YR",4,6
363504,"Georgeville","GEORGEVILLE","Fine, kaolinitic, thermic Typic Kanhapludults","Ultisols","Udults","Kanhapludults","Typic Kanhapludults","fine",-77.4967574999999,36.8161659,1611034,"VPI02465",5,150,183,"C","Silty clay loam",52723,6.5999999,66.4000015,27,NA,"5YR",6,8
363511,"Iredell","IREDELL","Fine, mixed, active, thermic Oxyaquic Vertic Hapludalfs","Alfisols","Udalfs","Hapludalfs","Oxyaquic Vertic Hapludalfs","fine",-77.5944365999999,36.7385178000001,1611069,"VPI02532",2,20,46,"Btc","Loam",52757,43.2999992,35.7000008,21,NA,"10YR",5,4
363511,"Iredell","IREDELL","Fine, mixed, active, thermic Oxyaquic Vertic Hapludalfs","Alfisols","Udalfs","Hapludalfs","Oxyaquic Vertic Hapludalfs","fine",-77.5944365999999,36.7385178000001,1611072,"VPI02535",5,97,165,"3Cr","Sandy loam",52760,60.5,25.5,14,NA,"7.5YR",5,6
363511,"Iredell","IREDELL","Fine, mixed, active, thermic Oxyaquic Vertic Hapludalfs","Alfisols","Udalfs","Hapludalfs","Oxyaquic Vertic Hapludalfs","fine",-77.5944365999999,36.7385178000001,1611070,"VPI02533",3,46,71,"2Bt1","Clay",52758,23,34,43,NA,"10YR",5,4
363511,"Iredell","IREDELL","Fine, mixed, active, thermic Oxyaquic Vertic Hapludalfs","Alfisols","Udalfs","Hapludalfs","Oxyaquic Vertic Hapludalfs","fine",-77.5944365999999,36.7385178000001,1611071,"VPI02534",4,71,97,"2Bt2","Clay",52759,24,29,47,NA,"10YR",5,6
363511,"Iredell","IREDELL","Fine, mixed, active, thermic Oxyaquic Vertic Hapludalfs","Alfisols","Udalfs","Hapludalfs","Oxyaquic Vertic Hapludalfs","fine",-77.5944365999999,36.7385178000001,1611068,"VPI02531",1,0,20,"Ap","Loam",52756,46.2999992,44.7000008,9,NA,"10YR",5,2
363512,"Iredell","IREDELL","Fine, mixed, active, thermic Oxyaquic Vertic Hapludalfs","Alfisols","Udalfs","Hapludalfs","Oxyaquic Vertic Hapludalfs","fine",-77.5986328,36.5784035,1611075,"VPI02542",3,18,28,"E","",52762,59.2999992,31.3999996,9.3000002,NA,"5Y",6,3
363512,"Iredell","IREDELL","Fine, mixed, active, thermic Oxyaquic Vertic Hapludalfs","Alfisols","Udalfs","Hapludalfs","Oxyaquic Vertic Hapludalfs","fine",-77.5986328,36.5784035,1611077,"VPI02544",5,46,74,"Bt2","",52764,25.6000004,19.3999996,55,NA,"10YR",5,8
363512,"Iredell","IREDELL","Fine, mixed, active, thermic Oxyaquic Vertic Hapludalfs","Alfisols","Udalfs","Hapludalfs","Oxyaquic Vertic Hapludalfs","fine",-77.5986328,36.5784035,1611079,"VPI02546",7,107,117,"C","",52766,20.1000004,29.2999992,50.5999985,NA,"5Y",6,3
363512,"Iredell","IREDELL","Fine, mixed, active, thermic Oxyaquic Vertic Hapludalfs","Alfisols","Udalfs","Hapludalfs","Oxyaquic Vertic Hapludalfs","fine",-77.5986328,36.5784035,1612192,"VPI02547",8,117,127,"R","",52767,NA,NA,NA,NA,NA,NA,NA
363512,"Iredell","IREDELL","Fine, mixed, active, thermic Oxyaquic Vertic Hapludalfs","Alfisols","Udalfs","Hapludalfs","Oxyaquic Vertic Hapludalfs","fine",-77.5986328,36.5784035,1611074,"VPI02541",2,5,18,"Ap","",52761,62,32.4000015,5.5999999,NA,"10YR",4,2
363512,"Iredell","IREDELL","Fine, mixed, active, thermic Oxyaquic Vertic Hapludalfs","Alfisols","Udalfs","Hapludalfs","Oxyaquic Vertic Hapludalfs","fine",-77.5986328,36.5784035,1611076,"VPI02543",4,28,46,"Bt1","",52763,49.7999992,32.5,17.7000008,NA,"2.5Y",6,6
363512,"Iredell","IREDELL","Fine, mixed, active, thermic Oxyaquic Vertic Hapludalfs","Alfisols","Udalfs","Hapludalfs","Oxyaquic Vertic Hapludalfs","fine",-77.5986328,36.5784035,1611078,"VPI02545",6,74,107,"Bt3","",52765,19.7000008,26.6000004,53.7000008,NA,"10YR",5,8
363513,"State","STATE","Fine-loamy, mixed, semiactive, thermic Typic Hapludults","Ultisols","Udults","Hapludults","Typic Hapludults","fine-loamy",-77.5236282,36.6552277000001,1611228,"VPI02785",5,114,137,"Bt4","",61711,59.2000008,7.8000002,33,NA,"10YR",5,6
363513,"State","STATE","Fine-loamy, mixed, semiactive, thermic Typic Hapludults","Ultisols","Udults","Hapludults","Typic Hapludults","fine-loamy",-77.5236282,36.6552277000001,1611225,"VPI02782",2,31,43,"Bt1","",61708,53.2999992,24,22.7000008,NA,"10YR",5,6
363513,"State","STATE","Fine-loamy, mixed, semiactive, thermic Typic Hapludults","Ultisols","Udults","Hapludults","Typic Hapludults","fine-loamy",-77.5236282,36.6552277000001,1611229,"VPI02786",6,137,175,"C","",61712,69.0999985,2.7,28.2000008,NA,"10YR",5,6
363513,"State","STATE","Fine-loamy, mixed, semiactive, thermic Typic Hapludults","Ultisols","Udults","Hapludults","Typic Hapludults","fine-loamy",-77.5236282,36.6552277000001,1611226,"VPI02783",3,43,81,"Bt2","",61709,49.4000015,18.1000004,32.5,NA,"10YR",5,6
363513,"State","STATE","Fine-loamy, mixed, semiactive, thermic Typic Hapludults","Ultisols","Udults","Hapludults","Typic Hapludults","fine-loamy",-77.5236282,36.6552277000001,1611224,"VPI02781",1,0,31,"Ap","",61707,71.5,22.6000004,5.9000001,NA,"10YR",6,3
363513,"State","STATE","Fine-loamy, mixed, semiactive, thermic Typic Hapludults","Ultisols","Udults","Hapludults","Typic Hapludults","fine-loamy",-77.5236282,36.6552277000001,1611227,"VPI02784",4,81,114,"Bt3","",61710,32.0999985,25.7999992,42.0999985,NA,"10YR",5,6
363514,"State","STATE","Fine-loamy, mixed, semiactive, thermic Typic Hapludults","Ultisols","Udults","Hapludults","Typic Hapludults","fine-loamy",-77.4202652,36.6058617,1611230,"VPI02791",1,0,15,"A","Loamy coarse sand",61713,78.3000031,17.1000004,4.5999999,NA,"10YR",4,3
363514,"State","STATE","Fine-loamy, mixed, semiactive, thermic Typic Hapludults","Ultisols","Udults","Hapludults","Typic Hapludults","fine-loamy",-77.4202652,36.6058617,1611232,"VPI02793",3,31,53,"E2","Coarse sandy loam",61715,75.3000031,18.1000004,6.5999999,NA,"10YR",7,3
363514,"State","STATE","Fine-loamy, mixed, semiactive, thermic Typic Hapludults","Ultisols","Udults","Hapludults","Typic Hapludults","fine-loamy",-77.4202652,36.6058617,1611235,"VPI02796",6,104,150,"Bt3","Coarse sandy loam",61718,67.4000015,13.3999996,19.2000008,NA,"7.5YR",5,6
363514,"State","STATE","Fine-loamy, mixed, semiactive, thermic Typic Hapludults","Ultisols","Udults","Hapludults","Typic Hapludults","fine-loamy",-77.4202652,36.6058617,1611234,"VPI02795",5,71,104,"Bt2","Coarse sandy loam",61717,61.2000008,19.6000004,19.2000008,NA,"7.5YR",5,6
363514,"State","STATE","Fine-loamy, mixed, semiactive, thermic Typic Hapludults","Ultisols","Udults","Hapludults","Typic Hapludults","fine-loamy",-77.4202652,36.6058617,1611231,"VPI02792",2,15,31,"E1","Loamy coarse sand",61714,76.6999969,17.2000008,6.0999999,NA,"10YR",5,4
363514,"State","STATE","Fine-loamy, mixed, semiactive, thermic Typic Hapludults","Ultisols","Udults","Hapludults","Typic Hapludults","fine-loamy",-77.4202652,36.6058617,1611237,"VPI02798",8,203,241,"C","Coarse sandy loam",61720,82.4000015,5,12.6000004,NA,"5YR",5,8
363514,"State","STATE","Fine-loamy, mixed, semiactive, thermic Typic Hapludults","Ultisols","Udults","Hapludults","Typic Hapludults","fine-loamy",-77.4202652,36.6058617,1611236,"VPI02797",7,150,203,"Bt4","Sandy clay loam",61719,66.5999985,11.1999998,22.2000008,NA,"2.5YR",5,8
363514,"State","STATE","Fine-loamy, mixed, semiactive, thermic Typic Hapludults","Ultisols","Udults","Hapludults","Typic Hapludults","fine-loamy",-77.4202652,36.6058617,1611233,"VPI02794",4,53,71,"Bt1","Coarse sandy loam",61716,65.5999985,22.2000008,12.1999998,NA,"10YR",5,8
363515,"Tarboro","TARBORO","Mixed, thermic Typic Udipsamments","Entisols","Psamments","Udipsamments","Typic Udipsamments",NA,-77.3762816999999,36.5820541000001,1611242,"VPI02855",5,127,183,"C2","Sand",61751,96.1999969,2.7,1.1,NA,"10YR",6,6
363515,"Tarboro","TARBORO","Mixed, thermic Typic Udipsamments","Entisols","Psamments","Udipsamments","Typic Udipsamments",NA,-77.3762816999999,36.5820541000001,1611240,"VPI02853",3,56,81,"Bw2","Loamy coarse sand",61749,84.5999985,8.8000002,6.5999999,NA,"10YR",5,6
363515,"Tarboro","TARBORO","Mixed, thermic Typic Udipsamments","Entisols","Psamments","Udipsamments","Typic Udipsamments",NA,-77.3762816999999,36.5820541000001,1611239,"VPI02852",2,31,56,"Bw1","Loamy coarse sand",61748,86.0999985,7.8000002,6.0999999,NA,"10YR",5,6
363515,"Tarboro","TARBORO","Mixed, thermic Typic Udipsamments","Entisols","Psamments","Udipsamments","Typic Udipsamments",NA,-77.3762816999999,36.5820541000001,1611241,"VPI02854",4,81,127,"C1","Coarse sand",61750,93.8000031,5.0999999,1.1,NA,"10YR",6,6
363515,"Tarboro","TARBORO","Mixed, thermic Typic Udipsamments","Entisols","Psamments","Udipsamments","Typic Udipsamments",NA,-77.3762816999999,36.5820541000001,1611238,"VPI02851",1,0,31,"Ap","Loamy coarse sand",61747,86.5,8.3999996,5.0999999,NA,"10YR",4,3
363516,"Tarboro","TARBORO","Mixed, thermic Typic Udipsamments","Entisols","Psamments","Udipsamments","Typic Udipsamments",NA,-77.5603333,36.5737419000001,1611248,"VPI02816",6,168,203,"C3","Coarse sand",61731,92.9000015,5.0999999,2,NA,"10YR",7,4
363516,"Tarboro","TARBORO","Mixed, thermic Typic Udipsamments","Entisols","Psamments","Udipsamments","Typic Udipsamments",NA,-77.5603333,36.5737419000001,1611247,"VPI02815",5,158,168,"C2","Coarse sand",61730,88.9000015,5.5999999,5.5,NA,"10YR",8,3
363516,"Tarboro","TARBORO","Mixed, thermic Typic Udipsamments","Entisols","Psamments","Udipsamments","Typic Udipsamments",NA,-77.5603333,36.5737419000001,1611243,"VPI02811",1,0,15,"Ap","Loamy coarse sand",61726,84.4000015,12.1000004,3.5,NA,"10YR",4,3
363516,"Tarboro","TARBORO","Mixed, thermic Typic Udipsamments","Entisols","Psamments","Udipsamments","Typic Udipsamments",NA,-77.5603333,36.5737419000001,1611244,"VPI02812",2,15,61,"Bw1","Loamy coarse sand",61727,81.8000031,12.6999998,5.5,NA,"10YR",5,8
363516,"Tarboro","TARBORO","Mixed, thermic Typic Udipsamments","Entisols","Psamments","Udipsamments","Typic Udipsamments",NA,-77.5603333,36.5737419000001,1611245,"VPI02813",3,61,109,"Bw2","Loamy coarse sand",61728,84.9000015,13.1000004,2,NA,"10YR",8,3
363516,"Tarboro","TARBORO","Mixed, thermic Typic Udipsamments","Entisols","Psamments","Udipsamments","Typic Udipsamments",NA,-77.5603333,36.5737419000001,1611250,"VPI02818",8,272,323,"3C5","Loamy sand",61733,86.4000015,4.0999999,9.5,NA,"10YR",7,6
363516,"Tarboro","TARBORO","Mixed, thermic Typic Udipsamments","Entisols","Psamments","Udipsamments","Typic Udipsamments",NA,-77.5603333,36.5737419000001,1611249,"VPI02817",7,203,272,"2C4","Coarse sand",61732,91,4,5,NA,"7.5YR",5,8
363516,"Tarboro","TARBORO","Mixed, thermic Typic Udipsamments","Entisols","Psamments","Udipsamments","Typic Udipsamments",NA,-77.5603333,36.5737419000001,1611246,"VPI02814",4,109,158,"C1","Coarse sand",61729,89.9000015,8.6000004,1.5,NA,"10YR",8,3
363517,"Tarboro","TARBORO","Mixed, thermic Typic Udipsamments","Entisols","Psamments","Udipsamments","Typic Udipsamments",NA,-77.5173035,36.5638199000001,1611253,"VPI02823",3,53,102,"Bw2","Loamy coarse sand",61736,85.3000031,11,3.7,NA,"10YR",5,6
363517,"Tarboro","TARBORO","Mixed, thermic Typic Udipsamments","Entisols","Psamments","Udipsamments","Typic Udipsamments",NA,-77.5173035,36.5638199000001,1611252,"VPI02822",2,18,53,"Bw1","Loamy coarse sand",61735,84.1999969,11.1000004,4.6999998,NA,"10YR",5,6
363517,"Tarboro","TARBORO","Mixed, thermic Typic Udipsamments","Entisols","Psamments","Udipsamments","Typic Udipsamments",NA,-77.5173035,36.5638199000001,1611251,"VPI02821",1,0,18,"Ap","Loamy coarse sand",61734,83.1999969,13.1000004,3.7,NA,"10YR",4,3
363517,"Tarboro","TARBORO","Mixed, thermic Typic Udipsamments","Entisols","Psamments","Udipsamments","Typic Udipsamments",NA,-77.5173035,36.5638199000001,1611254,"VPI02824",4,102,178,"C","Coarse sand",61737,88.9000015,10.6000004,0.5,NA,"10YR",6,6
363518,"Tarboro","TARBORO","Mixed, thermic Typic Udipsamments","Entisols","Psamments","Udipsamments","Typic Udipsamments",NA,-77.547142,36.5566711000001,1611258,"VPI02834",4,97,160,"C2","Coarse sand",61741,93.9000015,4.4000001,1.7,NA,"10YR",6,6
363518,"Tarboro","TARBORO","Mixed, thermic Typic Udipsamments","Entisols","Psamments","Udipsamments","Typic Udipsamments",NA,-77.547142,36.5566711000001,1611257,"VPI02833",3,46,97,"C1","Coarse sand",61740,90.8000031,7,2.2,NA,"10YR",6,6
363518,"Tarboro","TARBORO","Mixed, thermic Typic Udipsamments","Entisols","Psamments","Udipsamments","Typic Udipsamments",NA,-77.547142,36.5566711000001,1611255,"VPI02831",1,0,20,"Ap","Loamy coarse sand",61738,86.3000031,8,5.6999998,NA,"10YR",4,4
363518,"Tarboro","TARBORO","Mixed, thermic Typic Udipsamments","Entisols","Psamments","Udipsamments","Typic Udipsamments",NA,-77.547142,36.5566711000001,1611256,"VPI02832",2,20,46,"Bw","Loamy coarse sand",61739,86.4000015,8.8999996,4.6999998,NA,"10YR",5,6
363519,"Tarboro","TARBORO","Mixed, thermic Typic Udipsamments","Entisols","Psamments","Udipsamments","Typic Udipsamments",NA,-77.4598769999999,36.5723839,1611259,"VPI02841",1,0,20,"Ap","Loamy sand",61742,84.9000015,12.3000002,2.8,NA,"10YR",3,3
363519,"Tarboro","TARBORO","Mixed, thermic Typic Udipsamments","Entisols","Psamments","Udipsamments","Typic Udipsamments",NA,-77.4598769999999,36.5723839,1611261,"VPI02843",3,43,102,"C1","Sand",61744,93.8000031,5.3000002,0.9,NA,"10YR",6,6
363519,"Tarboro","TARBORO","Mixed, thermic Typic Udipsamments","Entisols","Psamments","Udipsamments","Typic Udipsamments",NA,-77.4598769999999,36.5723839,1611262,"VPI02844",4,102,127,"C2","Sand",61745,97.4000015,0.7,1.9,NA,"5YR",4,6
363519,"Tarboro","TARBORO","Mixed, thermic Typic Udipsamments","Entisols","Psamments","Udipsamments","Typic Udipsamments",NA,-77.4598769999999,36.5723839,1611263,"VPI02845",5,127,165,"Cg","Sand",61746,97.8000031,1.8,0.4,NA,"10YR",6,1
363519,"Tarboro","TARBORO","Mixed, thermic Typic Udipsamments","Entisols","Psamments","Udipsamments","Typic Udipsamments",NA,-77.4598769999999,36.5723839,1611260,"VPI02842",2,20,43,"Bw","Loamy sand",61743,86.1999969,8.8999996,4.9000001,NA,"10YR",5,6
363520,"Uchee","UCHEE","Loamy, kaolinitic, thermic Arenic Kanhapludults","Ultisols","Udults","Kanhapludults","Arenic Kanhapludults","loamy",-77.5020828,36.5881042,1611266,"VPI02913",4,72,94,"E/B","Coarse sandy loam",61789,75.0999985,6.9000001,18,NA,"10YR",6,4
363520,"Uchee","UCHEE","Loamy, kaolinitic, thermic Arenic Kanhapludults","Ultisols","Udults","Kanhapludults","Arenic Kanhapludults","loamy",-77.5020828,36.5881042,1611264,"VPI02911",2,8,28,"Ap","Loamy coarse sand",61787,84,9.6000004,6.4000001,NA,"10YR",5,2
363520,"Uchee","UCHEE","Loamy, kaolinitic, thermic Arenic Kanhapludults","Ultisols","Udults","Kanhapludults","Arenic Kanhapludults","loamy",-77.5020828,36.5881042,1611269,"VPI02916",7,140,176,"C","Sandy clay loam",61792,59.5999985,15.3999996,25,NA,"7.5YR",5,8
363520,"Uchee","UCHEE","Loamy, kaolinitic, thermic Arenic Kanhapludults","Ultisols","Udults","Kanhapludults","Arenic Kanhapludults","loamy",-77.5020828,36.5881042,1611267,"VPI02914",5,94,110,"Bt1","Sandy clay loam",61790,66.3000031,4.6999998,29,NA,"7.5YR",5,6
363520,"Uchee","UCHEE","Loamy, kaolinitic, thermic Arenic Kanhapludults","Ultisols","Udults","Kanhapludults","Arenic Kanhapludults","loamy",-77.5020828,36.5881042,1611268,"VPI02915",6,110,140,"Bt2","Sandy clay loam",61791,71.8000031,8,20.2000008,NA,"7.5YR",5,6
363520,"Uchee","UCHEE","Loamy, kaolinitic, thermic Arenic Kanhapludults","Ultisols","Udults","Kanhapludults","Arenic Kanhapludults","loamy",-77.5020828,36.5881042,1611265,"VPI02912",3,28,72,"E","Loamy coarse sand",61788,87.3000031,7.3000002,5.4000001,NA,"10YR",6,4
363521,"Uchee","UCHEE","Loamy, kaolinitic, thermic Arenic Kanhapludults","Ultisols","Udults","Kanhapludults","Arenic Kanhapludults","loamy",-77.5271759,36.6276436000001,1611276,"VPI02867",8,114,142,"Bt3","",61758,53.7000008,14.1000004,32.2000008,NA,"10YR",5,6
363521,"Uchee","UCHEE","Loamy, kaolinitic, thermic Arenic Kanhapludults","Ultisols","Udults","Kanhapludults","Arenic Kanhapludults","loamy",-77.5271759,36.6276436000001,1611272,"VPI02863",4,36,56,"E2","",61754,77.5,17.1000004,5.4000001,NA,"2.5Y",6,4
363521,"Uchee","UCHEE","Loamy, kaolinitic, thermic Arenic Kanhapludults","Ultisols","Udults","Kanhapludults","Arenic Kanhapludults","loamy",-77.5271759,36.6276436000001,1611273,"VPI02864",5,56,76,"E3","",61755,75.5,18,6.5,NA,"2.5Y",6,4
363521,"Uchee","UCHEE","Loamy, kaolinitic, thermic Arenic Kanhapludults","Ultisols","Udults","Kanhapludults","Arenic Kanhapludults","loamy",-77.5271759,36.6276436000001,1611271,"VPI02862",3,18,36,"E1","",61753,80.0999985,15.6999998,4.1999998,NA,"2.5Y",6,4
363521,"Uchee","UCHEE","Loamy, kaolinitic, thermic Arenic Kanhapludults","Ultisols","Udults","Kanhapludults","Arenic Kanhapludults","loamy",-77.5271759,36.6276436000001,1611270,"VPI02861",2,5,18,"A","",61752,76.5999985,18.7999992,4.5999999,NA,"2.5Y",5,2
363521,"Uchee","UCHEE","Loamy, kaolinitic, thermic Arenic Kanhapludults","Ultisols","Udults","Kanhapludults","Arenic Kanhapludults","loamy",-77.5271759,36.6276436000001,1611277,"VPI02868",9,142,173,"Bt4","",61759,56.7000008,15.1999998,28.1000004,NA,"10YR",5,8
363521,"Uchee","UCHEE","Loamy, kaolinitic, thermic Arenic Kanhapludults","Ultisols","Udults","Kanhapludults","Arenic Kanhapludults","loamy",-77.5271759,36.6276436000001,1611275,"VPI02866",7,86,114,"Bt2","",61757,55.9000015,8.8999996,35.2000008,NA,"10YR",5,8
363521,"Uchee","UCHEE","Loamy, kaolinitic, thermic Arenic Kanhapludults","Ultisols","Udults","Kanhapludults","Arenic Kanhapludults","loamy",-77.5271759,36.6276436000001,1611274,"VPI02865",6,76,86,"Bt1","",61756,65.3000031,14,20.7000008,NA,"10YR",5,8
363523,"Uchee","UCHEE","Loamy, kaolinitic, thermic Arenic Kanhapludults","Ultisols","Udults","Kanhapludults","Arenic Kanhapludults","loamy",-77.5237274,36.5511246,1611289,"VPI02884",5,71,91,"Bt1","Coarse sandy loam",61771,63.4000015,16.7999992,19.7999992,NA,"7.5YR",5,6
363523,"Uchee","UCHEE","Loamy, kaolinitic, thermic Arenic Kanhapludults","Ultisols","Udults","Kanhapludults","Arenic Kanhapludults","loamy",-77.5237274,36.5511246,1611287,"VPI02882",3,10,56,"E1","Loamy coarse sand",61769,77.5,15.6000004,6.9000001,NA,"10YR",6,4
363523,"Uchee","UCHEE","Loamy, kaolinitic, thermic Arenic Kanhapludults","Ultisols","Udults","Kanhapludults","Arenic Kanhapludults","loamy",-77.5237274,36.5511246,1611286,"VPI02881",2,5,10,"A","Loamy coarse sand",61768,84.5999985,12,3.4000001,NA,"10YR",5,2
363523,"Uchee","UCHEE","Loamy, kaolinitic, thermic Arenic Kanhapludults","Ultisols","Udults","Kanhapludults","Arenic Kanhapludults","loamy",-77.5237274,36.5511246,1611292,"VPI02887",8,155,188,"C","Coarse sandy loam",61774,74.4000015,10.6000004,15,NA,"7.5YR",5,6
363523,"Uchee","UCHEE","Loamy, kaolinitic, thermic Arenic Kanhapludults","Ultisols","Udults","Kanhapludults","Arenic Kanhapludults","loamy",-77.5237274,36.5511246,1611288,"VPI02883",4,56,71,"E2","Coarse sandy loam",61770,69.5,17.1000004,13.3999996,NA,"10YR",6,4
363523,"Uchee","UCHEE","Loamy, kaolinitic, thermic Arenic Kanhapludults","Ultisols","Udults","Kanhapludults","Arenic Kanhapludults","loamy",-77.5237274,36.5511246,1611290,"VPI02885",6,91,124,"Bt2","Sandy clay loam",61772,61.5999985,16.6000004,21.7999992,NA,"5YR",4,8
363523,"Uchee","UCHEE","Loamy, kaolinitic, thermic Arenic Kanhapludults","Ultisols","Udults","Kanhapludults","Arenic Kanhapludults","loamy",-77.5237274,36.5511246,1611291,"VPI02886",7,124,155,"Bt3","Sandy clay loam",61773,63.2999992,14.6999998,22,NA,"5YR",5,8
363524,"Uchee","UCHEE","Loamy, kaolinitic, thermic Arenic Kanhapludults","Ultisols","Udults","Kanhapludults","Arenic Kanhapludults","loamy",-77.6177521,36.638401,1611299,"VPI02897",7,168,188,"2Bt4","Sandy clay",61781,53.2000008,7.1999998,39.5999985,NA,"10YR",5,8
363524,"Uchee","UCHEE","Loamy, kaolinitic, thermic Arenic Kanhapludults","Ultisols","Udults","Kanhapludults","Arenic Kanhapludults","loamy",-77.6177521,36.638401,1611295,"VPI02893",3,53,69,"EB","Coarse sandy loam",61777,78.0999985,11.8000002,10.1000004,NA,"10YR",6,3
363524,"Uchee","UCHEE","Loamy, kaolinitic, thermic Arenic Kanhapludults","Ultisols","Udults","Kanhapludults","Arenic Kanhapludults","loamy",-77.6177521,36.638401,1611294,"VPI02892",2,28,53,"E","Loamy coarse sand",61776,79.5999985,13.3000002,7.0999999,NA,"2.5Y",6,4
363524,"Uchee","UCHEE","Loamy, kaolinitic, thermic Arenic Kanhapludults","Ultisols","Udults","Kanhapludults","Arenic Kanhapludults","loamy",-77.6177521,36.638401,1611297,"VPI02895",5,109,135,"2Bt2","Coarse sandy loam",61779,70.5,11.3000002,18.2000008,NA,"10YR",5,6
363524,"Uchee","UCHEE","Loamy, kaolinitic, thermic Arenic Kanhapludults","Ultisols","Udults","Kanhapludults","Arenic Kanhapludults","loamy",-77.6177521,36.638401,1611293,"VPI02891",1,0,28,"Ap","Coarse sand",61775,88.0999985,8.8000002,3.0999999,NA,"10YR",5,2
363524,"Uchee","UCHEE","Loamy, kaolinitic, thermic Arenic Kanhapludults","Ultisols","Udults","Kanhapludults","Arenic Kanhapludults","loamy",-77.6177521,36.638401,1611296,"VPI02894",4,69,109,"Bt1","Coarse sandy loam",61778,79.8000031,8,12.1999998,NA,"10YR",5,6
363524,"Uchee","UCHEE","Loamy, kaolinitic, thermic Arenic Kanhapludults","Ultisols","Udults","Kanhapludults","Arenic Kanhapludults","loamy",-77.6177521,36.638401,1611298,"VPI02896",6,135,168,"2Bt3","Sandy clay loam",61780,59.4000015,8.3999996,32.2000008,NA,"10YR",5,6
363525,"Uchee","UCHEE","Loamy, kaolinitic, thermic Arenic Kanhapludults","Ultisols","Udults","Kanhapludults","Arenic Kanhapludults","loamy",-77.6204605,36.6399994000001,1611304,"VPI02905",5,152,178,"Bt2","Sandy clay",61786,51.9000015,10.5,37.5999985,NA,"2.5YR",4,6
363525,"Uchee","UCHEE","Loamy, kaolinitic, thermic Arenic Kanhapludults","Ultisols","Udults","Kanhapludults","Arenic Kanhapludults","loamy",-77.6204605,36.6399994000001,1611303,"VPI02904",4,119,152,"Btv","Sandy clay",61785,50.2000008,11.1999998,38.5999985,NA,"2.5YR",4,8
363525,"Uchee","UCHEE","Loamy, kaolinitic, thermic Arenic Kanhapludults","Ultisols","Udults","Kanhapludults","Arenic Kanhapludults","loamy",-77.6204605,36.6399994000001,1611301,"VPI02902",2,28,71,"E","Loamy coarse sand",61783,81.9000015,8.8000002,9.3000002,NA,"2.5Y",6,4
363525,"Uchee","UCHEE","Loamy, kaolinitic, thermic Arenic Kanhapludults","Ultisols","Udults","Kanhapludults","Arenic Kanhapludults","loamy",-77.6204605,36.6399994000001,1611300,"VPI02901",1,0,28,"Ap","Loamy coarse sand",61782,86.3000031,7.4000001,6.3000002,NA,"10YR",4,2
363525,"Uchee","UCHEE","Loamy, kaolinitic, thermic Arenic Kanhapludults","Ultisols","Udults","Kanhapludults","Arenic Kanhapludults","loamy",-77.6204605,36.6399994000001,1611302,"VPI02903",3,71,119,"Bt1","Sandy clay loam",61784,70.4000015,3,26.6000004,NA,"10YR",5,6
363526,"Wickham","WICKHAM","Fine-loamy, mixed, semiactive, thermic Typic Hapludults","Ultisols","Udults","Hapludults","Typic Hapludults","fine-loamy",-77.4573288,36.5898972000001,1611305,"VPI02991",1,0,20,"Ap","Coarse sandy loam",66741,71.1999969,15,13.8000002,NA,"10YR",6,3
363526,"Wickham","WICKHAM","Fine-loamy, mixed, semiactive, thermic Typic Hapludults","Ultisols","Udults","Hapludults","Typic Hapludults","fine-loamy",-77.4573288,36.5898972000001,1611307,"VPI02993",3,56,94,"Bt2","Clay loam",66743,42.7999992,23.6000004,33.5999985,NA,"2.5YR",4,8
363526,"Wickham","WICKHAM","Fine-loamy, mixed, semiactive, thermic Typic Hapludults","Ultisols","Udults","Hapludults","Typic Hapludults","fine-loamy",-77.4573288,36.5898972000001,1611309,"VPI02995",5,122,145,"Bt4","Clay loam",66745,35,25.3999996,39.5999985,NA,"2.5YR",4,8
363526,"Wickham","WICKHAM","Fine-loamy, mixed, semiactive, thermic Typic Hapludults","Ultisols","Udults","Hapludults","Typic Hapludults","fine-loamy",-77.4573288,36.5898972000001,1611310,"VPI02996",6,145,193,"Bt5","Sandy clay",66746,46.2999992,15.1000004,38.5999985,NA,"2.5YR",4,8
363526,"Wickham","WICKHAM","Fine-loamy, mixed, semiactive, thermic Typic Hapludults","Ultisols","Udults","Hapludults","Typic Hapludults","fine-loamy",-77.4573288,36.5898972000001,1611306,"VPI02992",2,20,56,"Bt1","Coarse sandy loam",66742,54.2999992,27.1000004,18.6000004,NA,"5Y",5,8
363526,"Wickham","WICKHAM","Fine-loamy, mixed, semiactive, thermic Typic Hapludults","Ultisols","Udults","Hapludults","Typic Hapludults","fine-loamy",-77.4573288,36.5898972000001,1611308,"VPI02994",4,94,122,"Bt3","Clay",66744,31.7999992,25.6000004,42.5999985,NA,"2.5YR",4,8
363527,"Wickham","WICKHAM","Fine-loamy, mixed, semiactive, thermic Typic Hapludults","Ultisols","Udults","Hapludults","Typic Hapludults","fine-loamy",-77.5130386,36.6756821000001,1611315,"VPI02926",6,124,173,"Bt","",61798,72.9000015,11.1999998,15.8999996,NA,"7.5YR",5,6
363527,"Wickham","WICKHAM","Fine-loamy, mixed, semiactive, thermic Typic Hapludults","Ultisols","Udults","Hapludults","Typic Hapludults","fine-loamy",-77.5130386,36.6756821000001,1611316,"VPI02925",5,91,124,"Btc","",61797,66.4000015,11.6999998,21.8999996,NA,"7.5YR",4,8
363527,"Wickham","WICKHAM","Fine-loamy, mixed, semiactive, thermic Typic Hapludults","Ultisols","Udults","Hapludults","Typic Hapludults","fine-loamy",-77.5130386,36.6756821000001,1611313,"VPI02923",3,31,71,"Bt2","",61795,44.5999985,26.7999992,28.6000004,NA,"5YR",4,6
363527,"Wickham","WICKHAM","Fine-loamy, mixed, semiactive, thermic Typic Hapludults","Ultisols","Udults","Hapludults","Typic Hapludults","fine-loamy",-77.5130386,36.6756821000001,1611317,"VPI02927",7,173,201,"C","",61799,78.0999985,11.6000004,10.3000002,NA,"7.5YR",6,6
363527,"Wickham","WICKHAM","Fine-loamy, mixed, semiactive, thermic Typic Hapludults","Ultisols","Udults","Hapludults","Typic Hapludults","fine-loamy",-77.5130386,36.6756821000001,1611314,"VPI02924",4,71,91,"Bt3","",61796,51.0999985,22.1000004,26.7999992,NA,"5YR",4,8
363527,"Wickham","WICKHAM","Fine-loamy, mixed, semiactive, thermic Typic Hapludults","Ultisols","Udults","Hapludults","Typic Hapludults","fine-loamy",-77.5130386,36.6756821000001,1611312,"VPI02922",2,20,31,"Bt1","",61794,NA,NA,NA,NA,"5YR",4,4
363527,"Wickham","WICKHAM","Fine-loamy, mixed, semiactive, thermic Typic Hapludults","Ultisols","Udults","Hapludults","Typic Hapludults","fine-loamy",-77.5130386,36.6756821000001,1611311,"VPI02921",1,0,20,"Ap","",61793,59.5999985,32.2999992,8.1000004,NA,"10YR",4,3
363528,"Wickham","WICKHAM","Fine-loamy, mixed, semiactive, thermic Typic Hapludults","Ultisols","Udults","Hapludults","Typic Hapludults","fine-loamy",-77.3693008,36.5819206,1611319,"VPI02932",2,20,38,"Bt1","Sandy clay loam",66701,55.9000015,21.2999992,22.7999992,NA,"5YR",4,6
363528,"Wickham","WICKHAM","Fine-loamy, mixed, semiactive, thermic Typic Hapludults","Ultisols","Udults","Hapludults","Typic Hapludults","fine-loamy",-77.3693008,36.5819206,1611321,"VPI02934",4,69,102,"Bt3","Coarse sandy loam",66703,81.9000015,5.8000002,12.3000002,NA,"5YR",4,8
363528,"Wickham","WICKHAM","Fine-loamy, mixed, semiactive, thermic Typic Hapludults","Ultisols","Udults","Hapludults","Typic Hapludults","fine-loamy",-77.3693008,36.5819206,1611320,"VPI02933",3,38,69,"Bt2","Sandy clay loam",66702,52.7000008,16.7000008,30.6000004,NA,"5YR",4,8
363528,"Wickham","WICKHAM","Fine-loamy, mixed, semiactive, thermic Typic Hapludults","Ultisols","Udults","Hapludults","Typic Hapludults","fine-loamy",-77.3693008,36.5819206,1611318,"VPI02931",1,0,20,"Ap","Coarse sandy loam",66700,72.6999969,17,10.3000002,NA,"10YR",4,3
363528,"Wickham","WICKHAM","Fine-loamy, mixed, semiactive, thermic Typic Hapludults","Ultisols","Udults","Hapludults","Typic Hapludults","fine-loamy",-77.3693008,36.5819206,1611322,"VPI02935",5,102,157,"C","Loamy sand",66704,79.6999969,14,6.3000002,NA,"5YR",4,4
363529,"Wickham","WICKHAM","Fine-loamy, mixed, semiactive, thermic Typic Hapludults","Ultisols","Udults","Hapludults","Typic Hapludults","fine-loamy",-77.3291778999999,36.5477486,1611323,"VPI02941",1,0,18,"Ap","Coarse sandy loam",66705,70.4000015,19.2999992,10.3000002,NA,"10YR",6,4
363529,"Wickham","WICKHAM","Fine-loamy, mixed, semiactive, thermic Typic Hapludults","Ultisols","Udults","Hapludults","Typic Hapludults","fine-loamy",-77.3291778999999,36.5477486,1611325,"VPI02943",3,69,104,"Bt2","Sandy clay loam",66707,64,13.3999996,22.6000004,NA,"5YR",4,8
363529,"Wickham","WICKHAM","Fine-loamy, mixed, semiactive, thermic Typic Hapludults","Ultisols","Udults","Hapludults","Typic Hapludults","fine-loamy",-77.3291778999999,36.5477486,1611327,"VPI02945",5,122,178,"C1","Loamy coarse sand",66709,84.3000031,7.6999998,8,NA,"7.5YR",5,6
363529,"Wickham","WICKHAM","Fine-loamy, mixed, semiactive, thermic Typic Hapludults","Ultisols","Udults","Hapludults","Typic Hapludults","fine-loamy",-77.3291778999999,36.5477486,1611327,"VPI02948",5,122,178,"C1","Loamy coarse sand",66712,86.1999969,4.8000002,9,NA,"7.5YR",5,6
363529,"Wickham","WICKHAM","Fine-loamy, mixed, semiactive, thermic Typic Hapludults","Ultisols","Udults","Hapludults","Typic Hapludults","fine-loamy",-77.3291778999999,36.5477486,1611329,"VPI0294d",7,201,264,"2C3","Coarse sand",66717,95.5,2.5,2,NA,"10YR",6,6
363529,"Wickham","WICKHAM","Fine-loamy, mixed, semiactive, thermic Typic Hapludults","Ultisols","Udults","Hapludults","Typic Hapludults","fine-loamy",-77.3291778999999,36.5477486,1611324,"VPI02942",2,18,69,"Bt1","Clay loam",66706,42.4000015,24,33.5999985,NA,"5YR",4,8
363529,"Wickham","WICKHAM","Fine-loamy, mixed, semiactive, thermic Typic Hapludults","Ultisols","Udults","Hapludults","Typic Hapludults","fine-loamy",-77.3291778999999,36.5477486,1611329,"VPI0294c",7,201,264,"2C3","Loamy coarse sand",66716,79.8000031,12.1999998,8,NA,"10YR",6,6
363529,"Wickham","WICKHAM","Fine-loamy, mixed, semiactive, thermic Typic Hapludults","Ultisols","Udults","Hapludults","Typic Hapludults","fine-loamy",-77.3291778999999,36.5477486,1611328,"VPI0294a",6,178,201,"2C2","Sand",66714,95.8000031,2.7,1.5,NA,"10YR",6,6
363529,"Wickham","WICKHAM","Fine-loamy, mixed, semiactive, thermic Typic Hapludults","Ultisols","Udults","Hapludults","Typic Hapludults","fine-loamy",-77.3291778999999,36.5477486,1611327,"VPI02946",5,122,178,"C1","Coarse sandy loam",66710,78,10.5,11.5,NA,"7.5YR",5,6
363529,"Wickham","WICKHAM","Fine-loamy, mixed, semiactive, thermic Typic Hapludults","Ultisols","Udults","Hapludults","Typic Hapludults","fine-loamy",-77.3291778999999,36.5477486,1611327,"VPI02947",5,122,178,"C1","Coarse sand",66711,93.1999969,0.8,6,NA,"7.5YR",5,6
363529,"Wickham","WICKHAM","Fine-loamy, mixed, semiactive, thermic Typic Hapludults","Ultisols","Udults","Hapludults","Typic Hapludults","fine-loamy",-77.3291778999999,36.5477486,1611329,"VPI0294b",7,201,264,"2C3","Sand",66715,96.8000031,1.7,1.5,NA,"10YR",6,6
363529,"Wickham","WICKHAM","Fine-loamy, mixed, semiactive, thermic Typic Hapludults","Ultisols","Udults","Hapludults","Typic Hapludults","fine-loamy",-77.3291778999999,36.5477486,1611327,"VPI02949",5,122,178,"C1","Coarse sand",66713,96.9000015,0.6,2.5,NA,"7.5YR",5,6
363529,"Wickham","WICKHAM","Fine-loamy, mixed, semiactive, thermic Typic Hapludults","Ultisols","Udults","Hapludults","Typic Hapludults","fine-loamy",-77.3291778999999,36.5477486,1611326,"VPI02944",4,104,122,"Bt3","Loamy coarse sand",66708,81.1999969,9.1999998,9.6000004,NA,"7.5YR",5,6
363530,"Wickham","WICKHAM","Fine-loamy, mixed, semiactive, thermic Typic Hapludults","Ultisols","Udults","Hapludults","Typic Hapludults","fine-loamy",-77.5605773999999,36.5751648,1611332,"VPI02953",3,33,48,"Bt1","Coarse sandy loam",66720,72.9000015,12.6999998,14.3999996,NA,"10YR",5,6
363530,"Wickham","WICKHAM","Fine-loamy, mixed, semiactive, thermic Typic Hapludults","Ultisols","Udults","Hapludults","Typic Hapludults","fine-loamy",-77.5605773999999,36.5751648,1611330,"VPI02951",1,0,15,"Ap","Coarse sandy loam",66718,72.8000031,21.5,5.6999998,NA,"10YR",5,3
363530,"Wickham","WICKHAM","Fine-loamy, mixed, semiactive, thermic Typic Hapludults","Ultisols","Udults","Hapludults","Typic Hapludults","fine-loamy",-77.5605773999999,36.5751648,1611335,"VPI02956",6,140,185,"C","Sandy clay loam",66723,66.6999969,9.8999996,23.3999996,NA,"N",7,NA
363530,"Wickham","WICKHAM","Fine-loamy, mixed, semiactive, thermic Typic Hapludults","Ultisols","Udults","Hapludults","Typic Hapludults","fine-loamy",-77.5605773999999,36.5751648,1611331,"VPI02952",2,15,33,"E","Coarse sandy loam",66719,69.9000015,22.3999996,7.6999998,NA,"10YR",6,4
363530,"Wickham","WICKHAM","Fine-loamy, mixed, semiactive, thermic Typic Hapludults","Ultisols","Udults","Hapludults","Typic Hapludults","fine-loamy",-77.5605773999999,36.5751648,1611333,"VPI02954",4,48,104,"Bt2","Sandy clay loam",66721,51.7000008,17.8999996,30.3999996,NA,"2.5YR",4,8
363530,"Wickham","WICKHAM","Fine-loamy, mixed, semiactive, thermic Typic Hapludults","Ultisols","Udults","Hapludults","Typic Hapludults","fine-loamy",-77.5605773999999,36.5751648,1611334,"VPI02955",5,104,140,"Bt3","Sandy clay loam",66722,62.2999992,9.3000002,28.3999996,NA,"5YR",4,8
363531,"Wickham","WICKHAM","Fine-loamy, mixed, semiactive, thermic Typic Hapludults","Ultisols","Udults","Hapludults","Typic Hapludults","fine-loamy",-77.5505524,36.5844574000001,1611338,"VPI02963",3,48,64,"Bt2","Loam",66726,49.9000015,29.8999996,20.2000008,NA,"7.5YR",5,6
363531,"Wickham","WICKHAM","Fine-loamy, mixed, semiactive, thermic Typic Hapludults","Ultisols","Udults","Hapludults","Typic Hapludults","fine-loamy",-77.5505524,36.5844574000001,1611336,"VPI02961",1,0,23,"Ap","Coarse sandy loam",66724,66.8000031,23.6000004,9.6000004,NA,"10YR",4,3
363531,"Wickham","WICKHAM","Fine-loamy, mixed, semiactive, thermic Typic Hapludults","Ultisols","Udults","Hapludults","Typic Hapludults","fine-loamy",-77.5505524,36.5844574000001,1611337,"VPI02962",2,23,48,"Bt1","Coarse sandy loam",66725,56.2999992,30.1000004,13.6000004,NA,"10YR",5,8
363531,"Wickham","WICKHAM","Fine-loamy, mixed, semiactive, thermic Typic Hapludults","Ultisols","Udults","Hapludults","Typic Hapludults","fine-loamy",-77.5505524,36.5844574000001,1611339,"VPI02964",4,64,94,"Bt3","Loam",66727,49,28.7999992,22.2000008,NA,"5YR",4,8
363531,"Wickham","WICKHAM","Fine-loamy, mixed, semiactive, thermic Typic Hapludults","Ultisols","Udults","Hapludults","Typic Hapludults","fine-loamy",-77.5505524,36.5844574000001,1611340,"VPI02965",5,94,112,"Bt4","Coarse sandy loam",66728,61.9000015,19.8999996,18.2000008,NA,"5YR",5,8
363531,"Wickham","WICKHAM","Fine-loamy, mixed, semiactive, thermic Typic Hapludults","Ultisols","Udults","Hapludults","Typic Hapludults","fine-loamy",-77.5505524,36.5844574000001,1611341,"VPI02966",6,112,191,"C","Coarse sandy loam",66729,81.5,6.3000002,12.1999998,NA,"10YR",5,6
363532,"Wickham","WICKHAM","Fine-loamy, mixed, semiactive, thermic Typic Hapludults","Ultisols","Udults","Hapludults","Typic Hapludults","fine-loamy",-77.5014725,36.6219101,1611345,"VPI02974",5,77,112,"Bt3","",66733,76.6999969,10.8999996,12.3999996,NA,"5YR",5,8
363532,"Wickham","WICKHAM","Fine-loamy, mixed, semiactive, thermic Typic Hapludults","Ultisols","Udults","Hapludults","Typic Hapludults","fine-loamy",-77.5014725,36.6219101,1611344,"VPI02973",4,34,77,"Bt2","",66732,52,21.3999996,26.6000004,NA,"5YR",4,8
363532,"Wickham","WICKHAM","Fine-loamy, mixed, semiactive, thermic Typic Hapludults","Ultisols","Udults","Hapludults","Typic Hapludults","fine-loamy",-77.5014725,36.6219101,1611346,"VPI02975",6,112,138,"C1","Sand",66734,91.5999985,2.2,6.1999998,NA,"5YR",5,6
363532,"Wickham","WICKHAM","Fine-loamy, mixed, semiactive, thermic Typic Hapludults","Ultisols","Udults","Hapludults","Typic Hapludults","fine-loamy",-77.5014725,36.6219101,1611347,"VPI02976",7,138,148,"2C2","Sand",66735,92.0999985,2.0999999,5.8000002,NA,"7.5YR",4,4
363532,"Wickham","WICKHAM","Fine-loamy, mixed, semiactive, thermic Typic Hapludults","Ultisols","Udults","Hapludults","Typic Hapludults","fine-loamy",-77.5014725,36.6219101,1611343,"VPI02972",3,18,34,"Bt1","",66731,32.5999985,41.7000008,25.7000008,NA,"5YR",5,6
363532,"Wickham","WICKHAM","Fine-loamy, mixed, semiactive, thermic Typic Hapludults","Ultisols","Udults","Hapludults","Typic Hapludults","fine-loamy",-77.5014725,36.6219101,1611348,"VPI02977",8,148,186,"2C3","Sand",66736,92.4000015,2.0999999,5.5,NA,"7.5YR",5,6
363532,"Wickham","WICKHAM","Fine-loamy, mixed, semiactive, thermic Typic Hapludults","Ultisols","Udults","Hapludults","Typic Hapludults","fine-loamy",-77.5014725,36.6219101,1611342,"VPI02971",2,3,18,"Ap","",66730,57.5,26.6000004,15.8999996,NA,"10YR",5,2
363533,"Wickham","WICKHAM","Fine-loamy, mixed, semiactive, thermic Typic Hapludults","Ultisols","Udults","Hapludults","Typic Hapludults","fine-loamy",-77.5378342,36.5561676,1611351,"VPI02983",4,66,112,"Bt","Coarse sandy loam",66739,65.3000031,16.7999992,17.8999996,NA,"10YR",5,8
363533,"Wickham","WICKHAM","Fine-loamy, mixed, semiactive, thermic Typic Hapludults","Ultisols","Udults","Hapludults","Typic Hapludults","fine-loamy",-77.5378342,36.5561676,1611350,"VPI02982",3,25,66,"E","Coarse sandy loam",66738,76.0999985,16.2000008,7.6999998,NA,"2.5Y",6,4
363533,"Wickham","WICKHAM","Fine-loamy, mixed, semiactive, thermic Typic Hapludults","Ultisols","Udults","Hapludults","Typic Hapludults","fine-loamy",-77.5378342,36.5561676,1611349,"VPI02981",2,5,25,"Ap","Loamy coarse sand",66737,82.8000031,12.8999996,4.3000002,NA,"2.5Y",5,3
363533,"Wickham","WICKHAM","Fine-loamy, mixed, semiactive, thermic Typic Hapludults","Ultisols","Udults","Hapludults","Typic Hapludults","fine-loamy",-77.5378342,36.5561676,1611352,"VPI02984",5,112,198,"C","Coarse sand",66740,94.6999969,4.5,0.8,NA,"2.5Y",8,4
363534,"Woodington","WOODINGTON","Coarse-loamy, siliceous, semiactive, thermic Typic Paleaquults","Ultisols","Aquults","Paleaquults","Typic Paleaquults","coarse-loamy",-77.6151505,36.5684738,1611356,"VPI03044",5,79,114,"Btg2","",66776,78.1999969,13.1000004,8.6999998,NA,"5Y",5,1
363534,"Woodington","WOODINGTON","Coarse-loamy, siliceous, semiactive, thermic Typic Paleaquults","Ultisols","Aquults","Paleaquults","Typic Paleaquults","coarse-loamy",-77.6151505,36.5684738,1611353,"VPI03041",2,5,23,"A","",66773,47.9000015,42.5999985,9.5,NA,"10YR",3,2
363534,"Woodington","WOODINGTON","Coarse-loamy, siliceous, semiactive, thermic Typic Paleaquults","Ultisols","Aquults","Paleaquults","Typic Paleaquults","coarse-loamy",-77.6151505,36.5684738,1611354,"VPI03042",3,23,48,"E","",66774,67.9000015,27.2000008,4.9000001,NA,"10YR",4,1
363534,"Woodington","WOODINGTON","Coarse-loamy, siliceous, semiactive, thermic Typic Paleaquults","Ultisols","Aquults","Paleaquults","Typic Paleaquults","coarse-loamy",-77.6151505,36.5684738,1611357,"VPI03045",6,114,163,"Btg3","",66777,77.9000015,12.8000002,9.3000002,NA,"7.5YR",5,6
363534,"Woodington","WOODINGTON","Coarse-loamy, siliceous, semiactive, thermic Typic Paleaquults","Ultisols","Aquults","Paleaquults","Typic Paleaquults","coarse-loamy",-77.6151505,36.5684738,1611358,"VPI03046",7,163,198,"Btg4","",66778,77,13.6000004,9.3999996,NA,"7.5YR",5,6
363534,"Woodington","WOODINGTON","Coarse-loamy, siliceous, semiactive, thermic Typic Paleaquults","Ultisols","Aquults","Paleaquults","Typic Paleaquults","coarse-loamy",-77.6151505,36.5684738,1611355,"VPI03043",4,48,79,"Btg1","",66775,69,18.7000008,12.3000002,NA,"5Y",5,2
363535,"Woodington","WOODINGTON","Coarse-loamy, siliceous, semiactive, thermic Typic Paleaquults","Ultisols","Aquults","Paleaquults","Typic Paleaquults","coarse-loamy",-77.6027450999999,36.5973816000001,1611361,"VPI03003",4,31,54,"Btg1","Sandy clay loam",66749,54.4000015,14.3999996,31.2000008,NA,"5Y",5,2
363535,"Woodington","WOODINGTON","Coarse-loamy, siliceous, semiactive, thermic Typic Paleaquults","Ultisols","Aquults","Paleaquults","Typic Paleaquults","coarse-loamy",-77.6027450999999,36.5973816000001,1611359,"VPI03001",2,3,21,"A","Coarse sandy loam",66747,59.4000015,23.5,17.1000004,NA,"2.5Y",4,2
363535,"Woodington","WOODINGTON","Coarse-loamy, siliceous, semiactive, thermic Typic Paleaquults","Ultisols","Aquults","Paleaquults","Typic Paleaquults","coarse-loamy",-77.6027450999999,36.5973816000001,1611364,"VPI03006",7,145,194,"Cg","Sandy clay loam",66752,64.1999969,8.6000004,27.2000008,NA,"10YR",6,1
363535,"Woodington","WOODINGTON","Coarse-loamy, siliceous, semiactive, thermic Typic Paleaquults","Ultisols","Aquults","Paleaquults","Typic Paleaquults","coarse-loamy",-77.6027450999999,36.5973816000001,1611363,"VPI03005",6,89,145,"Btg3","Sandy clay loam",66751,65,13.8000002,21.2000008,NA,"N",7,NA
363535,"Woodington","WOODINGTON","Coarse-loamy, siliceous, semiactive, thermic Typic Paleaquults","Ultisols","Aquults","Paleaquults","Typic Paleaquults","coarse-loamy",-77.6027450999999,36.5973816000001,1611360,"VPI03002",3,21,31,"Bt","Sandy clay loam",66748,56.7999992,19,24.2000008,NA,"5Y",5,3
363535,"Woodington","WOODINGTON","Coarse-loamy, siliceous, semiactive, thermic Typic Paleaquults","Ultisols","Aquults","Paleaquults","Typic Paleaquults","coarse-loamy",-77.6027450999999,36.5973816000001,1611365,"VPI03007",8,194,249,"C","Coarse sandy loam",66753,80.6999969,7.1999998,12.1000004,NA,"7.5YR",5,8
363535,"Woodington","WOODINGTON","Coarse-loamy, siliceous, semiactive, thermic Typic Paleaquults","Ultisols","Aquults","Paleaquults","Typic Paleaquults","coarse-loamy",-77.6027450999999,36.5973816000001,1611362,"VPI03004",5,54,89,"Btg2","Sandy clay loam",66750,57.4000015,16.2000008,26.3999996,NA,"5Y",6,1
363536,"Woodington","WOODINGTON","Coarse-loamy, siliceous, semiactive, thermic Typic Paleaquults","Ultisols","Aquults","Paleaquults","Typic Paleaquults","coarse-loamy",-77.612114,36.5662155000001,1611366,"VPI03011",2,8,16,"A","",66754,NA,NA,NA,NA,"10YR",2,1
363536,"Woodington","WOODINGTON","Coarse-loamy, siliceous, semiactive, thermic Typic Paleaquults","Ultisols","Aquults","Paleaquults","Typic Paleaquults","coarse-loamy",-77.612114,36.5662155000001,1611369,"VPI03014",5,46,105,"Btg2","",66757,37.2000008,46.5999985,16.2000008,NA,"5Y",6,1
363536,"Woodington","WOODINGTON","Coarse-loamy, siliceous, semiactive, thermic Typic Paleaquults","Ultisols","Aquults","Paleaquults","Typic Paleaquults","coarse-loamy",-77.612114,36.5662155000001,1611367,"VPI03012",3,16,26,"E","",66755,25.1000004,65.9000015,9,NA,"5Y",5,1
363536,"Woodington","WOODINGTON","Coarse-loamy, siliceous, semiactive, thermic Typic Paleaquults","Ultisols","Aquults","Paleaquults","Typic Paleaquults","coarse-loamy",-77.612114,36.5662155000001,1611370,"VPI03015",6,105,135,"Btgx1","",66758,36.0999985,53,10.8999996,NA,"10YR",5,2
363536,"Woodington","WOODINGTON","Coarse-loamy, siliceous, semiactive, thermic Typic Paleaquults","Ultisols","Aquults","Paleaquults","Typic Paleaquults","coarse-loamy",-77.612114,36.5662155000001,1611368,"VPI03013",4,26,46,"Btg1","",66756,38.7000008,48.4000015,12.8999996,NA,"5Y",6,2
363536,"Woodington","WOODINGTON","Coarse-loamy, siliceous, semiactive, thermic Typic Paleaquults","Ultisols","Aquults","Paleaquults","Typic Paleaquults","coarse-loamy",-77.612114,36.5662155000001,1611371,"VPI03016",7,135,204,"Btgx2","",66759,31.5,53.2999992,15.1999998,NA,"10YR",6,1
363537,"Iredell","IREDELL","Fine, mixed, active, thermic Oxyaquic Vertic Hapludalfs","Alfisols","Udalfs","Hapludalfs","Oxyaquic Vertic Hapludalfs","fine",-77.5819473,36.6119347000001,1611085,"VPI02555",6,64,92,"3Bt4","Clay",52772,17.1000004,19.7000008,63.2000008,NA,"10YR",5,6
363537,"Iredell","IREDELL","Fine, mixed, active, thermic Oxyaquic Vertic Hapludalfs","Alfisols","Udalfs","Hapludalfs","Oxyaquic Vertic Hapludalfs","fine",-77.5819473,36.6119347000001,1611088,"VPI02558",9,143,176,"3Btg3","Clay",52775,23,30.6000004,46.4000015,NA,"5YR",6,2
363537,"Iredell","IREDELL","Fine, mixed, active, thermic Oxyaquic Vertic Hapludalfs","Alfisols","Udalfs","Hapludalfs","Oxyaquic Vertic Hapludalfs","fine",-77.5819473,36.6119347000001,1611083,"VPI02553",4,36,51,"2Bt2","Clay",52770,27.7999992,18,54.2000008,NA,"10YR",5,8
363537,"Iredell","IREDELL","Fine, mixed, active, thermic Oxyaquic Vertic Hapludalfs","Alfisols","Udalfs","Hapludalfs","Oxyaquic Vertic Hapludalfs","fine",-77.5819473,36.6119347000001,1611082,"VPI02552",3,18,36,"Bt1","Clay loam",52769,39.2999992,28.5,32.2000008,NA,"10YR",5,8
363537,"Iredell","IREDELL","Fine, mixed, active, thermic Oxyaquic Vertic Hapludalfs","Alfisols","Udalfs","Hapludalfs","Oxyaquic Vertic Hapludalfs","fine",-77.5819473,36.6119347000001,1611081,"VPI02551",2,3,18,"Ap","Coarse sandy loam",52768,70.1999969,23.6000004,6.1999998,NA,"10YR",5,4
363537,"Iredell","IREDELL","Fine, mixed, active, thermic Oxyaquic Vertic Hapludalfs","Alfisols","Udalfs","Hapludalfs","Oxyaquic Vertic Hapludalfs","fine",-77.5819473,36.6119347000001,1611086,"VPI02556",7,92,120,"3Btg1","Clay",52773,21.2999992,18.5,60.2000008,NA,"5Y",6,2
363537,"Iredell","IREDELL","Fine, mixed, active, thermic Oxyaquic Vertic Hapludalfs","Alfisols","Udalfs","Hapludalfs","Oxyaquic Vertic Hapludalfs","fine",-77.5819473,36.6119347000001,1611084,"VPI02554",5,51,64,"2Bt3","Clay",52771,31.7999992,19,49.2000008,NA,"10YR",5,8
363537,"Iredell","IREDELL","Fine, mixed, active, thermic Oxyaquic Vertic Hapludalfs","Alfisols","Udalfs","Hapludalfs","Oxyaquic Vertic Hapludalfs","fine",-77.5819473,36.6119347000001,1611087,"VPI02557",8,120,143,"3Btg2","Clay",52774,21.8999996,21.7000008,56.4000015,NA,"5Y",6,2
363540,"Mattaponi","MATTAPONI","Fine, mixed, subactive, thermic Oxyaquic Hapludults","Ultisols","Udults","Hapludults","Oxyaquic Hapludults","fine",-77.5290527,36.6177902000001,1611105,"VPI02624",5,76,109,"Bt2","Clay",57213,36.7999992,17.6000004,45.5999985,NA,"10YR",5,6
363540,"Mattaponi","MATTAPONI","Fine, mixed, subactive, thermic Oxyaquic Hapludults","Ultisols","Udults","Hapludults","Oxyaquic Hapludults","fine",-77.5290527,36.6177902000001,1611103,"VPI02622",3,15,43,"E","Coarse sandy loam",57211,57,31.3999996,11.6000004,NA,"2.5Y",6,4
363540,"Mattaponi","MATTAPONI","Fine, mixed, subactive, thermic Oxyaquic Hapludults","Ultisols","Udults","Hapludults","Oxyaquic Hapludults","fine",-77.5290527,36.6177902000001,1611102,"VPI02621",2,5,15,"A","Coarse sandy loam",57210,61.7000008,29.7000008,8.6000004,NA,"10YR",4,2
363540,"Mattaponi","MATTAPONI","Fine, mixed, subactive, thermic Oxyaquic Hapludults","Ultisols","Udults","Hapludults","Oxyaquic Hapludults","fine",-77.5290527,36.6177902000001,1611104,"VPI02623",4,43,76,"Bt1","Clay loam",57212,41.2999992,23.1000004,35.5999985,NA,"10YR",5,6
363540,"Mattaponi","MATTAPONI","Fine, mixed, subactive, thermic Oxyaquic Hapludults","Ultisols","Udults","Hapludults","Oxyaquic Hapludults","fine",-77.5290527,36.6177902000001,1611106,"VPI02625",6,109,135,"Bt3","Clay",57214,44.2000008,13.8000002,42,NA,"10YR",5,6
363540,"Mattaponi","MATTAPONI","Fine, mixed, subactive, thermic Oxyaquic Hapludults","Ultisols","Udults","Hapludults","Oxyaquic Hapludults","fine",-77.5290527,36.6177902000001,1611108,"VPI02627",8,157,180,"C","Sandy clay loam",57216,69.5,7.0999999,23.3999996,NA,"10YR",6,6
363540,"Mattaponi","MATTAPONI","Fine, mixed, subactive, thermic Oxyaquic Hapludults","Ultisols","Udults","Hapludults","Oxyaquic Hapludults","fine",-77.5290527,36.6177902000001,1611107,"VPI02626",7,130,157,"Bt4","Sandy clay",57215,47.2000008,14.1999998,38.5999985,NA,"2.5YR",4,8
363541,"Mattaponi","MATTAPONI","Fine, mixed, subactive, thermic Oxyaquic Hapludults","Ultisols","Udults","Hapludults","Oxyaquic Hapludults","fine",-77.3139343,37.0998268000001,1611111,"VPI02592",4,48,63,"Bt1","Sandy clay loam",52794,55.2999992,17.7000008,27,NA,"10YR",5,6
363541,"Mattaponi","MATTAPONI","Fine, mixed, subactive, thermic Oxyaquic Hapludults","Ultisols","Udults","Hapludults","Oxyaquic Hapludults","fine",-77.3139343,37.0998268000001,1611113,"VPI02594",6,94,127,"Bt3","Clay",52796,40.7999992,13.1999998,46,NA,"5YR",5,6
363541,"Mattaponi","MATTAPONI","Fine, mixed, subactive, thermic Oxyaquic Hapludults","Ultisols","Udults","Hapludults","Oxyaquic Hapludults","fine",-77.3139343,37.0998268000001,1611110,"VPI02591",3,10,48,"E","Coarse sandy loam",52793,69.3000031,20.7000008,10,NA,"10YR",6,4
363541,"Mattaponi","MATTAPONI","Fine, mixed, subactive, thermic Oxyaquic Hapludults","Ultisols","Udults","Hapludults","Oxyaquic Hapludults","fine",-77.3139343,37.0998268000001,1611112,"VPI02593",5,63,94,"Bt2","Clay",52795,43.4000015,14.6000004,42,NA,"5YR",5,6
363541,"Mattaponi","MATTAPONI","Fine, mixed, subactive, thermic Oxyaquic Hapludults","Ultisols","Udults","Hapludults","Oxyaquic Hapludults","fine",-77.3139343,37.0998268000001,1611115,"VPI02596",8,153,196,"2C2","Sandy clay loam",52798,61.5,8.5,30,NA,"5YR",4,8
363541,"Mattaponi","MATTAPONI","Fine, mixed, subactive, thermic Oxyaquic Hapludults","Ultisols","Udults","Hapludults","Oxyaquic Hapludults","fine",-77.3139343,37.0998268000001,1611114,"VPI02595",7,127,163,"2C1","Sandy clay",52797,55.0999985,8.8999996,36,NA,"5YR",4,8
363542,"Mattaponi","MATTAPONI","Fine, mixed, subactive, thermic Oxyaquic Hapludults","Ultisols","Udults","Hapludults","Oxyaquic Hapludults","fine",-77.6189803999999,36.6406097,1611119,"VPI02604",4,102,183,"C","Sandy clay loam",57202,73.8000031,6.1999998,20,NA,"5YR",5,8
363542,"Mattaponi","MATTAPONI","Fine, mixed, subactive, thermic Oxyaquic Hapludults","Ultisols","Udults","Hapludults","Oxyaquic Hapludults","fine",-77.6189803999999,36.6406097,1611118,"VPI02603",3,69,102,"Bt2","Sandy clay",57201,48.7000008,10.3000002,41,NA,"5YR",4,8
363542,"Mattaponi","MATTAPONI","Fine, mixed, subactive, thermic Oxyaquic Hapludults","Ultisols","Udults","Hapludults","Oxyaquic Hapludults","fine",-77.6189803999999,36.6406097,1611117,"VPI02602",2,20,69,"Bt1","Clay",57200,37.0999985,14.8999996,48,NA,"5YR",4,6
363542,"Mattaponi","MATTAPONI","Fine, mixed, subactive, thermic Oxyaquic Hapludults","Ultisols","Udults","Hapludults","Oxyaquic Hapludults","fine",-77.6189803999999,36.6406097,1611116,"VPI02601",1,0,20,"Ap","Coarse sandy loam",52799,78.8000031,10.1999998,11,NA,"10YR",5,3
363543,"Mattaponi","MATTAPONI","Fine, mixed, subactive, thermic Oxyaquic Hapludults","Ultisols","Udults","Hapludults","Oxyaquic Hapludults","fine",-77.658226,36.5529137,1611124,"VPI02615",6,77,100,"Bt3","",57207,57.2999992,3.4000001,39.2999992,NA,"2.5YR",4,8
363543,"Mattaponi","MATTAPONI","Fine, mixed, subactive, thermic Oxyaquic Hapludults","Ultisols","Udults","Hapludults","Oxyaquic Hapludults","fine",-77.658226,36.5529137,1611122,"VPI02613",4,39,59,"Bt1","",57205,43.7999992,8,48.2000008,NA,"10YR",5,6
363543,"Mattaponi","MATTAPONI","Fine, mixed, subactive, thermic Oxyaquic Hapludults","Ultisols","Udults","Hapludults","Oxyaquic Hapludults","fine",-77.658226,36.5529137,1611121,"VPI02612",3,18,39,"E","",57204,75.3000031,18.7000008,6,NA,"2.5Y",6,4
363543,"Mattaponi","MATTAPONI","Fine, mixed, subactive, thermic Oxyaquic Hapludults","Ultisols","Udults","Hapludults","Oxyaquic Hapludults","fine",-77.658226,36.5529137,1611123,"VPI02614",5,59,77,"Bt2","",57206,46.5999985,4.4000001,49,NA,"7.5YR",5,6
363543,"Mattaponi","MATTAPONI","Fine, mixed, subactive, thermic Oxyaquic Hapludults","Ultisols","Udults","Hapludults","Oxyaquic Hapludults","fine",-77.658226,36.5529137,1611125,"VPI02616",7,100,135,"C1","",57208,66.0999985,3.0999999,30.7999992,NA,"2.5YR",4,8
363543,"Mattaponi","MATTAPONI","Fine, mixed, subactive, thermic Oxyaquic Hapludults","Ultisols","Udults","Hapludults","Oxyaquic Hapludults","fine",-77.658226,36.5529137,1611120,"VPI02611",2,3,18,"Ap","",57203,76.1999969,17.7999992,6,NA,"2.5Y",5,4
363543,"Mattaponi","MATTAPONI","Fine, mixed, subactive, thermic Oxyaquic Hapludults","Ultisols","Udults","Hapludults","Oxyaquic Hapludults","fine",-77.658226,36.5529137,1611126,"VPI02617",8,135,168,"C2","",57209,77,2.2,20.7999992,NA,"2.5YR",4,8
363544,"Orangeburg","ORANGEBURG","Fine-loamy, kaolinitic, thermic Typic Kandiudults","Ultisols","Udults","Kandiudults","Typic Kandiudults","fine-loamy",-77.6221466,36.6424179000001,1611130,"VPI02654",4,94,145,"Bt2","Sandy clay loam",57231,66.6999969,NA,34.5999985,NA,"2.5YR",4,6
363544,"Orangeburg","ORANGEBURG","Fine-loamy, kaolinitic, thermic Typic Kandiudults","Ultisols","Udults","Kandiudults","Typic Kandiudults","fine-loamy",-77.6221466,36.6424179000001,1611128,"VPI02652",2,25,41,"E","Coarse sandy loam",57229,72.9000015,17.5,9.6000004,NA,"10YR",5,6
363544,"Orangeburg","ORANGEBURG","Fine-loamy, kaolinitic, thermic Typic Kandiudults","Ultisols","Udults","Kandiudults","Typic Kandiudults","fine-loamy",-77.6221466,36.6424179000001,1611131,"VPI02655",5,145,180,"Bt3","Sandy clay",57232,47.9000015,9.5,42.5999985,NA,"2.5YR",4,6
363544,"Orangeburg","ORANGEBURG","Fine-loamy, kaolinitic, thermic Typic Kandiudults","Ultisols","Udults","Kandiudults","Typic Kandiudults","fine-loamy",-77.6221466,36.6424179000001,1611127,"VPI02651",1,0,25,"Ap","Loamy coarse sand",57228,83.5,11.6999998,4.8000002,NA,"10YR",5,3
363544,"Orangeburg","ORANGEBURG","Fine-loamy, kaolinitic, thermic Typic Kandiudults","Ultisols","Udults","Kandiudults","Typic Kandiudults","fine-loamy",-77.6221466,36.6424179000001,1611129,"VPI02653",3,41,94,"Bt1","Sandy clay loam",57230,57.7999992,9.1999998,33,NA,"5YR",4,8
363545,"Orangeburg","ORANGEBURG","Fine-loamy, kaolinitic, thermic Typic Kandiudults","Ultisols","Udults","Kandiudults","Typic Kandiudults","fine-loamy",-77.6217041,36.6406593,1611135,"VPI02634",4,84,122,"Bt3","Sandy clay loam",57220,57.2000008,8.8000002,34,NA,"2.5YR",4,6
363545,"Orangeburg","ORANGEBURG","Fine-loamy, kaolinitic, thermic Typic Kandiudults","Ultisols","Udults","Kandiudults","Typic Kandiudults","fine-loamy",-77.6217041,36.6406593,1611134,"VPI02633",3,43,84,"Bt2","Sandy clay loam",57219,58.2999992,10.6999998,31,NA,"5YR",5,6
363545,"Orangeburg","ORANGEBURG","Fine-loamy, kaolinitic, thermic Typic Kandiudults","Ultisols","Udults","Kandiudults","Typic Kandiudults","fine-loamy",-77.6217041,36.6406593,1611136,"VPI02635",5,122,183,"Bt4","Sandy clay",57221,51.2000008,9.8000002,39,NA,"2.5YR",4,6
363545,"Orangeburg","ORANGEBURG","Fine-loamy, kaolinitic, thermic Typic Kandiudults","Ultisols","Udults","Kandiudults","Typic Kandiudults","fine-loamy",-77.6217041,36.6406593,1611133,"VPI02632",2,25,43,"Bt1","Coarse sandy loam",57218,74.0999985,14.8999996,11,NA,"7.5YR",5,6
363545,"Orangeburg","ORANGEBURG","Fine-loamy, kaolinitic, thermic Typic Kandiudults","Ultisols","Udults","Kandiudults","Typic Kandiudults","fine-loamy",-77.6217041,36.6406593,1611132,"VPI02631",1,0,25,"Ap","Coarse sand",57217,88.3000031,8.1999998,3.5,NA,"10YR",5,3
363546,"Orangeburg","ORANGEBURG","Fine-loamy, kaolinitic, thermic Typic Kandiudults","Ultisols","Udults","Kandiudults","Typic Kandiudults","fine-loamy",-77.6209029999999,36.6460342,1611141,"VPI02645",5,102,152,"Bt2","Sandy clay loam",57226,61.2000008,9.8000002,29,NA,"2.5YR",4,6
363546,"Orangeburg","ORANGEBURG","Fine-loamy, kaolinitic, thermic Typic Kandiudults","Ultisols","Udults","Kandiudults","Typic Kandiudults","fine-loamy",-77.6209029999999,36.6460342,1611138,"VPI02642",2,13,25,"E1","Loamy coarse sand",57223,87,7.6999998,5.3000002,NA,"10YR",5,4
363546,"Orangeburg","ORANGEBURG","Fine-loamy, kaolinitic, thermic Typic Kandiudults","Ultisols","Udults","Kandiudults","Typic Kandiudults","fine-loamy",-77.6209029999999,36.6460342,1611139,"VPI02643",3,25,51,"E2","Loamy coarse sand",57224,86.4000015,8.3000002,5.3000002,NA,"10YR",5,4
363546,"Orangeburg","ORANGEBURG","Fine-loamy, kaolinitic, thermic Typic Kandiudults","Ultisols","Udults","Kandiudults","Typic Kandiudults","fine-loamy",-77.6209029999999,36.6460342,1611142,"VPI02646",6,152,208,"Bt3","Sandy clay",57227,52.7999992,9.1999998,38,NA,"2.5YR",4,6
363546,"Orangeburg","ORANGEBURG","Fine-loamy, kaolinitic, thermic Typic Kandiudults","Ultisols","Udults","Kandiudults","Typic Kandiudults","fine-loamy",-77.6209029999999,36.6460342,1611140,"VPI02644",4,51,102,"Bt1","Sandy clay",57225,58.0999985,6.3000002,35.5999985,NA,"2.5YR",4,6
363546,"Orangeburg","ORANGEBURG","Fine-loamy, kaolinitic, thermic Typic Kandiudults","Ultisols","Udults","Kandiudults","Typic Kandiudults","fine-loamy",-77.6209029999999,36.6460342,1611137,"VPI02641",1,0,13,"Ap","Loamy coarse sand",57222,87,8.1999998,4.8000002,NA,"10YR",4,3
363547,"Peawick","PEAWICK","Fine, mixed, active, thermic Aquic Hapludults","Ultisols","Udults","Hapludults","Aquic Hapludults","fine",-77.4567565999999,36.5839157,1611144,"VPI02682",3,15,30,"Bt1","Clay",57246,21.7999992,36.5999985,41.5999985,NA,"7.5YR",5,6
363547,"Peawick","PEAWICK","Fine, mixed, active, thermic Aquic Hapludults","Ultisols","Udults","Hapludults","Aquic Hapludults","fine",-77.4567565999999,36.5839157,1611143,"VPI02681",2,5,15,"Ap","Loam",57245,44.7000008,43.7000008,11.6000004,NA,"10YR",5,4
363547,"Peawick","PEAWICK","Fine, mixed, active, thermic Aquic Hapludults","Ultisols","Udults","Hapludults","Aquic Hapludults","fine",-77.4567565999999,36.5839157,1611147,"VPI02685",6,89,127,"Bt4","Clay",57249,11.1000004,35.2999992,53.5999985,NA,"5Y",7,2
363547,"Peawick","PEAWICK","Fine, mixed, active, thermic Aquic Hapludults","Ultisols","Udults","Hapludults","Aquic Hapludults","fine",-77.4567565999999,36.5839157,1611145,"VPI02683",4,30,48,"Bt2","Clay",57247,16.6000004,34.7999992,48.5999985,NA,"10YR",5,8
363547,"Peawick","PEAWICK","Fine, mixed, active, thermic Aquic Hapludults","Ultisols","Udults","Hapludults","Aquic Hapludults","fine",-77.4567565999999,36.5839157,1611148,"VPI02686",7,127,170,"Bt5","Clay",57250,23.7000008,28.7000008,47.5999985,NA,"10YR",5,6
363547,"Peawick","PEAWICK","Fine, mixed, active, thermic Aquic Hapludults","Ultisols","Udults","Hapludults","Aquic Hapludults","fine",-77.4567565999999,36.5839157,1611146,"VPI02684",5,48,89,"Bt3","Clay",57248,9.1999998,35.2000008,55.5999985,NA,"10YR",5,6
363548,"Peawick","PEAWICK","Fine, mixed, active, thermic Aquic Hapludults","Ultisols","Udults","Hapludults","Aquic Hapludults","fine",-77.4343262,36.5950241,1611153,"VPI02665",5,104,157,"Bt4","Clay loam",57237,43.5999985,28.7999992,27.6000004,NA,"2.5YR",4,8
363548,"Peawick","PEAWICK","Fine, mixed, active, thermic Aquic Hapludults","Ultisols","Udults","Hapludults","Aquic Hapludults","fine",-77.4343262,36.5950241,1611149,"VPI02661",1,0,20,"Ap","Coarse sandy loam",57233,67.8000031,26.8999996,5.3000002,NA,"2.5Y",6,4
363548,"Peawick","PEAWICK","Fine, mixed, active, thermic Aquic Hapludults","Ultisols","Udults","Hapludults","Aquic Hapludults","fine",-77.4343262,36.5950241,1611151,"VPI02663",3,36,71,"Bt2","Clay",57235,23.1000004,30.2999992,46.5999985,NA,"10YR",5,6
363548,"Peawick","PEAWICK","Fine, mixed, active, thermic Aquic Hapludults","Ultisols","Udults","Hapludults","Aquic Hapludults","fine",-77.4343262,36.5950241,1611150,"VPI02662",2,20,36,"Bt1","Clay loam",57234,36.7999992,31.6000004,31.6000004,NA,"10YR",5,6
363548,"Peawick","PEAWICK","Fine, mixed, active, thermic Aquic Hapludults","Ultisols","Udults","Hapludults","Aquic Hapludults","fine",-77.4343262,36.5950241,1611152,"VPI02664",4,71,104,"Bt3","Clay",57236,27.7000008,28.7000008,43.5999985,NA,"2.5YR",4,8
363549,"Peawick","PEAWICK","Fine, mixed, active, thermic Aquic Hapludults","Ultisols","Udults","Hapludults","Aquic Hapludults","fine",-77.5356445,36.5636063000001,1611155,"VPI02672",3,10,41,"E","Coarse sandy loam",57239,65.5999985,23,11.3999996,NA,"2.5Y",6,4
363549,"Peawick","PEAWICK","Fine, mixed, active, thermic Aquic Hapludults","Ultisols","Udults","Hapludults","Aquic Hapludults","fine",-77.5356445,36.5636063000001,1611159,"VPI02676",7,135,173,"Bt4","Silty clay loam",57243,18.1000004,45.9000015,36,NA,"10YR",5,8
363549,"Peawick","PEAWICK","Fine, mixed, active, thermic Aquic Hapludults","Ultisols","Udults","Hapludults","Aquic Hapludults","fine",-77.5356445,36.5636063000001,1611154,"VPI02671",2,5,10,"A","Coarse sandy loam",57238,68.0999985,24.5,7.4000001,NA,"10YR",3,2
363549,"Peawick","PEAWICK","Fine, mixed, active, thermic Aquic Hapludults","Ultisols","Udults","Hapludults","Aquic Hapludults","fine",-77.5356445,36.5636063000001,1611157,"VPI02674",5,74,104,"Bt2","Clay",57241,23.8999996,36.0999985,40,NA,"10YR",5,6
363549,"Peawick","PEAWICK","Fine, mixed, active, thermic Aquic Hapludults","Ultisols","Udults","Hapludults","Aquic Hapludults","fine",-77.5356445,36.5636063000001,1611158,"VPI02675",6,104,135,"Bt3","Silty clay loam",57242,17.6000004,46.7999992,35.5999985,NA,"10YR",7,1
363549,"Peawick","PEAWICK","Fine, mixed, active, thermic Aquic Hapludults","Ultisols","Udults","Hapludults","Aquic Hapludults","fine",-77.5356445,36.5636063000001,1611160,"VPI02677",8,173,193,"C","Loam",57244,40.4000015,34.2000008,25.3999996,NA,"10YR",5,6
363549,"Peawick","PEAWICK","Fine, mixed, active, thermic Aquic Hapludults","Ultisols","Udults","Hapludults","Aquic Hapludults","fine",-77.5356445,36.5636063000001,1611156,"VPI02673",4,41,74,"Bt1","Clay loam",57240,38,26.6000004,35.4000015,NA,"10YR",5,6
363550,"Riverview","RIVERVIEW","Fine-loamy, mixed, active, thermic Fluventic Dystrudepts","Inceptisols","Udepts","Dystrudepts","Fluventic Dystrudepts","fine-loamy",-77.4054871,36.5987930000001,1611165,"VPI02714",5,102,147,"C1","Coarse sand",57267,95.9000015,3.5,0.6,NA,"10YR",7,4
363550,"Riverview","RIVERVIEW","Fine-loamy, mixed, active, thermic Fluventic Dystrudepts","Inceptisols","Udepts","Dystrudepts","Fluventic Dystrudepts","fine-loamy",-77.4054871,36.5987930000001,1611162,"VPI02711",2,5,20,"A","Silt loam",57264,9.3000002,64.9000015,25.7999992,NA,"10YR",4,3
363550,"Riverview","RIVERVIEW","Fine-loamy, mixed, active, thermic Fluventic Dystrudepts","Inceptisols","Udepts","Dystrudepts","Fluventic Dystrudepts","fine-loamy",-77.4054871,36.5987930000001,1611164,"VPI02713",4,58,102,"Bw2","Loam",57266,46.4000015,33.2000008,20.3999996,NA,"10YR",4,4
363550,"Riverview","RIVERVIEW","Fine-loamy, mixed, active, thermic Fluventic Dystrudepts","Inceptisols","Udepts","Dystrudepts","Fluventic Dystrudepts","fine-loamy",-77.4054871,36.5987930000001,1611163,"VPI02712",3,20,58,"Bw1","Silty clay loam",57265,14.5,47.7000008,37.7999992,NA,"10YR",4,4
363550,"Riverview","RIVERVIEW","Fine-loamy, mixed, active, thermic Fluventic Dystrudepts","Inceptisols","Udepts","Dystrudepts","Fluventic Dystrudepts","fine-loamy",-77.4054871,36.5987930000001,1611167,"VPI02716",7,180,211,"C3","Coarse sand",57269,90.9000015,4.5,4.5999999,NA,"10YR",7,3
363550,"Riverview","RIVERVIEW","Fine-loamy, mixed, active, thermic Fluventic Dystrudepts","Inceptisols","Udepts","Dystrudepts","Fluventic Dystrudepts","fine-loamy",-77.4054871,36.5987930000001,1611166,"VPI02715",6,147,180,"C2","Coarse sandy loam",57268,67,23.7999992,9.1999998,NA,"10YR",4,4
363551,"Riverview","RIVERVIEW","Fine-loamy, mixed, active, thermic Fluventic Dystrudepts","Inceptisols","Udepts","Dystrudepts","Fluventic Dystrudepts","fine-loamy",-77.3353499999999,36.5519371,1611168,"VPI02691",1,0,15,"A","Coarse sandy loam",57251,63.7999992,18.2000008,18,NA,"10YR",4,3
363551,"Riverview","RIVERVIEW","Fine-loamy, mixed, active, thermic Fluventic Dystrudepts","Inceptisols","Udepts","Dystrudepts","Fluventic Dystrudepts","fine-loamy",-77.3353499999999,36.5519371,1611170,"VPI02693",3,43,66,"Bw2","Coarse sandy loam",57253,75.5999985,12.8999996,11.5,NA,"7.5YR",5,6
363551,"Riverview","RIVERVIEW","Fine-loamy, mixed, active, thermic Fluventic Dystrudepts","Inceptisols","Udepts","Dystrudepts","Fluventic Dystrudepts","fine-loamy",-77.3353499999999,36.5519371,1611171,"VPI02694",4,66,112,"Bw3","Coarse sandy loam",57254,56.9000015,26.1000004,17,NA,"7.5YR",4,4
363551,"Riverview","RIVERVIEW","Fine-loamy, mixed, active, thermic Fluventic Dystrudepts","Inceptisols","Udepts","Dystrudepts","Fluventic Dystrudepts","fine-loamy",-77.3353499999999,36.5519371,1611169,"VPI02692",2,15,43,"Bw1","Coarse sandy loam",57252,68.5999985,14.8999996,16.5,NA,"7.5YR",4,4
363551,"Riverview","RIVERVIEW","Fine-loamy, mixed, active, thermic Fluventic Dystrudepts","Inceptisols","Udepts","Dystrudepts","Fluventic Dystrudepts","fine-loamy",-77.3353499999999,36.5519371,1611172,"VPI02695",5,112,178,"C","Coarse sand",57255,90.4000015,5.5999999,4,NA,"10YR",5,6
363552,"Riverview","RIVERVIEW","Fine-loamy, mixed, active, thermic Fluventic Dystrudepts","Inceptisols","Udepts","Dystrudepts","Fluventic Dystrudepts","fine-loamy",-77.515213,36.6698723000001,1611173,"VPI02701",1,0,28,"Ap","Coarse sandy loam",57256,54.5,29.1000004,16.3999996,NA,"10YR",4,4
363552,"Riverview","RIVERVIEW","Fine-loamy, mixed, active, thermic Fluventic Dystrudepts","Inceptisols","Udepts","Dystrudepts","Fluventic Dystrudepts","fine-loamy",-77.515213,36.6698723000001,1611174,"VPI02702",2,28,41,"Bw1","Loam",57257,51.5999985,34.7999992,13.6000004,NA,"10YR",3,3
363552,"Riverview","RIVERVIEW","Fine-loamy, mixed, active, thermic Fluventic Dystrudepts","Inceptisols","Udepts","Dystrudepts","Fluventic Dystrudepts","fine-loamy",-77.515213,36.6698723000001,1611180,"VPI02708",8,211,241,"C4","Coarse sand",57263,89.6999969,7.5,2.8,NA,"10YR",4,4
363552,"Riverview","RIVERVIEW","Fine-loamy, mixed, active, thermic Fluventic Dystrudepts","Inceptisols","Udepts","Dystrudepts","Fluventic Dystrudepts","fine-loamy",-77.515213,36.6698723000001,1611177,"VPI02705",5,102,109,"C1","Coarse sandy loam",57260,69.1999969,21.2000008,9.6000004,NA,"10YR",5,4
363552,"Riverview","RIVERVIEW","Fine-loamy, mixed, active, thermic Fluventic Dystrudepts","Inceptisols","Udepts","Dystrudepts","Fluventic Dystrudepts","fine-loamy",-77.515213,36.6698723000001,1611176,"VPI02704",4,56,102,"Bw3","Coarse sandy loam",57259,53.7000008,31.7000008,14.6000004,NA,"10YR",4,4
363552,"Riverview","RIVERVIEW","Fine-loamy, mixed, active, thermic Fluventic Dystrudepts","Inceptisols","Udepts","Dystrudepts","Fluventic Dystrudepts","fine-loamy",-77.515213,36.6698723000001,1611178,"VPI02706",6,109,160,"C2","Coarse sandy loam",57261,56.2999992,31.1000004,12.6000004,NA,"10YR",4,4
363552,"Riverview","RIVERVIEW","Fine-loamy, mixed, active, thermic Fluventic Dystrudepts","Inceptisols","Udepts","Dystrudepts","Fluventic Dystrudepts","fine-loamy",-77.515213,36.6698723000001,1611175,"VPI02703",3,41,56,"Bw2","Loam",57258,49.4000015,36,14.6000004,NA,"10YR",4,4
363552,"Riverview","RIVERVIEW","Fine-loamy, mixed, active, thermic Fluventic Dystrudepts","Inceptisols","Udepts","Dystrudepts","Fluventic Dystrudepts","fine-loamy",-77.515213,36.6698723000001,1611179,"VPI02707",7,160,211,"C3","Coarse sandy loam",57262,75.4000015,17,7.5999999,NA,"10YR",4,4
363553,"Roanoke","ROANOKE","Fine, mixed, semiactive, thermic Typic Endoaquults","Ultisols","Aquults","Endoaquults","Typic Endoaquults","fine",-77.539238,36.5673409,1611185,"VPI02735",5,109,188,"Cg","Clay",57280,14.1000004,32.5,53.4000015,NA,"10YR",5,1
363553,"Roanoke","ROANOKE","Fine, mixed, semiactive, thermic Typic Endoaquults","Ultisols","Aquults","Endoaquults","Typic Endoaquults","fine",-77.539238,36.5673409,1611181,"VPI02731",1,0,13,"Ap","Loam",57276,46.9000015,34.0999985,19,NA,"2.5Y",5,2
363553,"Roanoke","ROANOKE","Fine, mixed, semiactive, thermic Typic Endoaquults","Ultisols","Aquults","Endoaquults","Typic Endoaquults","fine",-77.539238,36.5673409,1611183,"VPI02733",3,41,66,"Btg2","Clay loam",57278,39.5999985,21.3999996,39,NA,"5YR",4,8
363553,"Roanoke","ROANOKE","Fine, mixed, semiactive, thermic Typic Endoaquults","Ultisols","Aquults","Endoaquults","Typic Endoaquults","fine",-77.539238,36.5673409,1611184,"VPI02734",4,66,109,"Btg3","Clay",57279,38.9000015,19.1000004,42,NA,"5Y",6,1
363553,"Roanoke","ROANOKE","Fine, mixed, semiactive, thermic Typic Endoaquults","Ultisols","Aquults","Endoaquults","Typic Endoaquults","fine",-77.539238,36.5673409,1611182,"VPI02732",2,13,41,"Btg1","Clay loam",57277,37.9000015,25.1000004,37,NA,"2.5Y",6,2
363554,"Roanoke","ROANOKE","Fine, mixed, semiactive, thermic Typic Endoaquults","Ultisols","Aquults","Endoaquults","Typic Endoaquults","fine",-77.433197,36.6357918,1611188,"VPI02722",3,21,56,"Btg1","",57271,NA,NA,42.4000015,NA,"5Y",5,1
363554,"Roanoke","ROANOKE","Fine, mixed, semiactive, thermic Typic Endoaquults","Ultisols","Aquults","Endoaquults","Typic Endoaquults","fine",-77.433197,36.6357918,1611190,"VPI02724",5,94,138,"Btg3","",57273,NA,NA,45.4000015,NA,"7.5YR",4,4
363554,"Roanoke","ROANOKE","Fine, mixed, semiactive, thermic Typic Endoaquults","Ultisols","Aquults","Endoaquults","Typic Endoaquults","fine",-77.433197,36.6357918,1611192,"VPI02726",7,153,186,"Cg","",57275,NA,NA,10.3999996,NA,"5Y",6,1
363554,"Roanoke","ROANOKE","Fine, mixed, semiactive, thermic Typic Endoaquults","Ultisols","Aquults","Endoaquults","Typic Endoaquults","fine",-77.433197,36.6357918,1611189,"VPI02723",4,56,94,"Btg2","",57272,NA,NA,43.4000015,NA,"5Y",5,1
363554,"Roanoke","ROANOKE","Fine, mixed, semiactive, thermic Typic Endoaquults","Ultisols","Aquults","Endoaquults","Typic Endoaquults","fine",-77.433197,36.6357918,1611191,"VPI02725",6,138,153,"Btg4","",57274,NA,NA,31.3999996,NA,"N",5,NA
363554,"Roanoke","ROANOKE","Fine, mixed, semiactive, thermic Typic Endoaquults","Ultisols","Aquults","Endoaquults","Typic Endoaquults","fine",-77.433197,36.6357918,1611187,"VPI02721",2,3,21,"A","",57270,NA,NA,51.2000008,NA,"2.5Y",5,2
363555,"Slagle","SLAGLE","Fine-loamy, siliceous, subactive, thermic Aquic Hapludults","Ultisols","Udults","Hapludults","Aquic Hapludults","fine-loamy",-77.5728989,36.5591736000001,1611198,"VPI02776",6,140,168,"C","Sandy clay loam",61706,60.2000008,15.8000002,24,NA,"N",7,NA
363555,"Slagle","SLAGLE","Fine-loamy, siliceous, subactive, thermic Aquic Hapludults","Ultisols","Udults","Hapludults","Aquic Hapludults","fine-loamy",-77.5728989,36.5591736000001,1611195,"VPI02773",3,36,51,"Bt2","Clay loam",61703,42.2999992,29.8999996,27.7999992,NA,"10YR",5,6
363555,"Slagle","SLAGLE","Fine-loamy, siliceous, subactive, thermic Aquic Hapludults","Ultisols","Udults","Hapludults","Aquic Hapludults","fine-loamy",-77.5728989,36.5591736000001,1611196,"VPI02774",4,51,76,"Bt3","Clay loam",61704,36.7000008,24.1000004,39.2000008,NA,"10YR",5,8
363555,"Slagle","SLAGLE","Fine-loamy, siliceous, subactive, thermic Aquic Hapludults","Ultisols","Udults","Hapludults","Aquic Hapludults","fine-loamy",-77.5728989,36.5591736000001,1611197,"VPI02775",5,76,140,"Bt4","Sandy clay loam",61705,48.7000008,19.2999992,32,NA,"N",7,NA
363555,"Slagle","SLAGLE","Fine-loamy, siliceous, subactive, thermic Aquic Hapludults","Ultisols","Udults","Hapludults","Aquic Hapludults","fine-loamy",-77.5728989,36.5591736000001,1611194,"VPI02772",2,23,36,"Bt1","Loam",61702,48.7000008,31.5,19.7999992,NA,"10YR",5,6
363555,"Slagle","SLAGLE","Fine-loamy, siliceous, subactive, thermic Aquic Hapludults","Ultisols","Udults","Hapludults","Aquic Hapludults","fine-loamy",-77.5728989,36.5591736000001,1611193,"VPI02771",1,0,23,"Ap","Coarse sandy loam",61701,58.7000008,30.7999992,10.5,NA,"10YR",6,3
363556,"Slagle","SLAGLE","Fine-loamy, siliceous, subactive, thermic Aquic Hapludults","Ultisols","Udults","Hapludults","Aquic Hapludults","fine-loamy",-77.6123123,36.5659065,1611199,"VPI02741",2,5,13,"A","",57281,NA,NA,NA,NA,"10YR",3,2
363556,"Slagle","SLAGLE","Fine-loamy, siliceous, subactive, thermic Aquic Hapludults","Ultisols","Udults","Hapludults","Aquic Hapludults","fine-loamy",-77.6123123,36.5659065,1611200,"VPI02742",3,13,38,"E","",57282,63.0999985,26.7000008,10.1999998,NA,"2.5Y",5,3
363556,"Slagle","SLAGLE","Fine-loamy, siliceous, subactive, thermic Aquic Hapludults","Ultisols","Udults","Hapludults","Aquic Hapludults","fine-loamy",-77.6123123,36.5659065,1611202,"VPI02744",5,76,132,"Bt2","",57284,49.2999992,24,26.7000008,NA,"10YR",5,6
363556,"Slagle","SLAGLE","Fine-loamy, siliceous, subactive, thermic Aquic Hapludults","Ultisols","Udults","Hapludults","Aquic Hapludults","fine-loamy",-77.6123123,36.5659065,1611201,"VPI02743",4,38,76,"Bt1","",57283,51.4000015,23.5,25.1000004,NA,"10YR",5,6
363556,"Slagle","SLAGLE","Fine-loamy, siliceous, subactive, thermic Aquic Hapludults","Ultisols","Udults","Hapludults","Aquic Hapludults","fine-loamy",-77.6123123,36.5659065,1611203,"VPI02745",6,132,178,"Cg","",57285,58.5999985,16.7999992,24.6000004,NA,"5Y",5,1
363557,"Slagle","SLAGLE","Fine-loamy, siliceous, subactive, thermic Aquic Hapludults","Ultisols","Udults","Hapludults","Aquic Hapludults","fine-loamy",-77.5359573,36.5719566000001,1611210,"VPI02757",8,132,152,"C1","Coarse sandy loam",57292,63.2999992,18.1000004,18.6000004,NA,"5YR",5,8
363557,"Slagle","SLAGLE","Fine-loamy, siliceous, subactive, thermic Aquic Hapludults","Ultisols","Udults","Hapludults","Aquic Hapludults","fine-loamy",-77.5359573,36.5719566000001,1611205,"VPI02753",3,18,35,"Bt1","Clay loam",57288,34.7000008,26.7000008,38.5999985,NA,"10YR",5,6
363557,"Slagle","SLAGLE","Fine-loamy, siliceous, subactive, thermic Aquic Hapludults","Ultisols","Udults","Hapludults","Aquic Hapludults","fine-loamy",-77.5359573,36.5719566000001,1611206,"VPI02753",3,18,35,"Bt1","Clay loam",57288,34.7000008,26.7000008,38.5999985,NA,"10YR",5,6
363557,"Slagle","SLAGLE","Fine-loamy, siliceous, subactive, thermic Aquic Hapludults","Ultisols","Udults","Hapludults","Aquic Hapludults","fine-loamy",-77.5359573,36.5719566000001,1611205,"VPI02753",3,18,35,"Bt1","Clay loam",57288,34.7000008,26.7000008,38.5999985,NA,"10YR",5,6
363557,"Slagle","SLAGLE","Fine-loamy, siliceous, subactive, thermic Aquic Hapludults","Ultisols","Udults","Hapludults","Aquic Hapludults","fine-loamy",-77.5359573,36.5719566000001,1611206,"VPI02753",3,18,35,"Bt1","Clay loam",57288,34.7000008,26.7000008,38.5999985,NA,"10YR",5,6
363557,"Slagle","SLAGLE","Fine-loamy, siliceous, subactive, thermic Aquic Hapludults","Ultisols","Udults","Hapludults","Aquic Hapludults","fine-loamy",-77.5359573,36.5719566000001,1611211,"VPI02758",9,152,175,"C2","Coarse sandy loam",57293,80.8000031,5.5999999,13.6000004,NA,"10YR",5,8
363557,"Slagle","SLAGLE","Fine-loamy, siliceous, subactive, thermic Aquic Hapludults","Ultisols","Udults","Hapludults","Aquic Hapludults","fine-loamy",-77.5359573,36.5719566000001,1611208,"VPI02755",6,96,112,"Bt4","Sandy clay loam",57290,55.2000008,22.2000008,22.6000004,NA,"N",7,NA
363557,"Slagle","SLAGLE","Fine-loamy, siliceous, subactive, thermic Aquic Hapludults","Ultisols","Udults","Hapludults","Aquic Hapludults","fine-loamy",-77.5359573,36.5719566000001,1611204,"VPI02751",2,5,18,"Ap","Loamy coarse sand",57286,82.5999985,14.3999996,3,NA,"5Y",6,4
363557,"Slagle","SLAGLE","Fine-loamy, siliceous, subactive, thermic Aquic Hapludults","Ultisols","Udults","Hapludults","Aquic Hapludults","fine-loamy",-77.5359573,36.5719566000001,1611205,"VPI02752",3,18,35,"Bt1","Sandy loam",57287,57.5999985,25.3999996,17,NA,"10YR",5,6
363557,"Slagle","SLAGLE","Fine-loamy, siliceous, subactive, thermic Aquic Hapludults","Ultisols","Udults","Hapludults","Aquic Hapludults","fine-loamy",-77.5359573,36.5719566000001,1611209,"VPI02756",7,112,132,"Bt5","Clay loam",57291,34.2999992,35.0999985,30.6000004,NA,"10YR",5,6
363557,"Slagle","SLAGLE","Fine-loamy, siliceous, subactive, thermic Aquic Hapludults","Ultisols","Udults","Hapludults","Aquic Hapludults","fine-loamy",-77.5359573,36.5719566000001,1611207,"VPI02754",5,71,96,"Bt3","Clay loam",57289,43.2000008,24.2000008,32.5999985,NA,"10YR",5,6
363559,"State","STATE","Fine-loamy, mixed, semiactive, thermic Typic Hapludults","Ultisols","Udults","Hapludults","Typic Hapludults","fine-loamy",-77.4915543,36.5757179,1611222,"VPI02804",4,71,122,"Bt2","Sandy clay loam",61724,52.7999992,16.2000008,31,NA,"10YR",5,6
363559,"State","STATE","Fine-loamy, mixed, semiactive, thermic Typic Hapludults","Ultisols","Udults","Hapludults","Typic Hapludults","fine-loamy",-77.4915543,36.5757179,1611223,"VPI02805",5,122,160,"C","Sandy loam",61725,73,10,17,NA,"10YR",5,8
363559,"State","STATE","Fine-loamy, mixed, semiactive, thermic Typic Hapludults","Ultisols","Udults","Hapludults","Typic Hapludults","fine-loamy",-77.4915543,36.5757179,1611219,"VPI02801",1,0,28,"Ap","Sandy clay loam",61721,78,19,3,NA,"10YR",5,2
363559,"State","STATE","Fine-loamy, mixed, semiactive, thermic Typic Hapludults","Ultisols","Udults","Hapludults","Typic Hapludults","fine-loamy",-77.4915543,36.5757179,1611220,"VPI02802",2,28,51,"E","Coarse sandy loam",61722,68.3000031,24.7000008,7,NA,"10YR",6,4
363559,"State","STATE","Fine-loamy, mixed, semiactive, thermic Typic Hapludults","Ultisols","Udults","Hapludults","Typic Hapludults","fine-loamy",-77.4915543,36.5757179,1611221,"VPI02803",3,51,71,"Bt1","Sandy clay loam",61723,54.5,22.5,23,NA,"10YR",5,6
512925,"Dothan","DOTHAN","Fine-loamy, siliceous, thermic Plinthic Kandiudults","Ultisols","Udults","Kandiudults","Plinthic Kandiudults","fine-loamy",-85.1431499999999,31.0626556,3424966,"12N03117",16,0,20,"Ap1","Sandy loam",386796,72.0999985,12.6999998,15.1999998,NA,"10YR",3,3
512925,"Dothan","DOTHAN","Fine-loamy, siliceous, thermic Plinthic Kandiudults","Ultisols","Udults","Kandiudults","Plinthic Kandiudults","fine-loamy",-85.1431499999999,31.0626556,3424967,"12N03118",17,20,36,"Ap2","Sandy loam",386797,72.0999985,13.1999998,14.6999998,NA,"10YR",3,2
512925,"Dothan","DOTHAN","Fine-loamy, siliceous, thermic Plinthic Kandiudults","Ultisols","Udults","Kandiudults","Plinthic Kandiudults","fine-loamy",-85.1431499999999,31.0626556,3424968,"12N03119",18,36,56,"BE","Sandy clay loam",386798,60.2000008,14.1000004,25.7000008,NA,NA,NA,NA
512925,"Dothan","DOTHAN","Fine-loamy, siliceous, thermic Plinthic Kandiudults","Ultisols","Udults","Kandiudults","Plinthic Kandiudults","fine-loamy",-85.1431499999999,31.0626556,3424969,"12N03120",19,56,94,"Bt","Sandy clay",386799,55.4000015,9.1999998,35.4000015,NA,"2.5Y",7,4
512925,"Dothan","DOTHAN","Fine-loamy, siliceous, thermic Plinthic Kandiudults","Ultisols","Udults","Kandiudults","Plinthic Kandiudults","fine-loamy",-85.1431499999999,31.0626556,3424970,"12N03121",20,94,183,"Btv1","Sandy clay loam",386800,59,7.8000002,33.2000008,NA,"7.5YR",5,6
512925,"Dothan","DOTHAN","Fine-loamy, siliceous, thermic Plinthic Kandiudults","Ultisols","Udults","Kandiudults","Plinthic Kandiudults","fine-loamy",-85.1431499999999,31.0626556,3424971,"12N03122",21,183,220,"Btv2","Sandy clay loam",386801,67,4.3000002,28.7000008,NA,"7.5YR",5,6
584153,"Orangeburg","ORANGEBURG","Fine-loamy, kaolinitic, thermic Typic Kandiudults","Ultisols","Udults","Kandiudults","Typic Kandiudults","fine-loamy",-85.1283582999999,31.3948722000001,2646539,"12N03108",7,0,25,"Ap","Loamy sand",386787,87.3000031,6.1999998,6.5,NA,"5YR",4,4
584153,"Orangeburg","ORANGEBURG","Fine-loamy, kaolinitic, thermic Typic Kandiudults","Ultisols","Udults","Kandiudults","Typic Kandiudults","fine-loamy",-85.1283582999999,31.3948722000001,2646545,"12N03109",8,25,59,"Bt1","Sandy loam",386788,75.0999985,7.1999998,17.7000008,NA,"2.5YR",4,6
584153,"Orangeburg","ORANGEBURG","Fine-loamy, kaolinitic, thermic Typic Kandiudults","Ultisols","Udults","Kandiudults","Typic Kandiudults","fine-loamy",-85.1283582999999,31.3948722000001,2646546,"12N03110",9,59,150,"Bt2","Sandy clay",386789,58.5,3.9000001,37.5999985,NA,"2.5YR",4,6
584153,"Orangeburg","ORANGEBURG","Fine-loamy, kaolinitic, thermic Typic Kandiudults","Ultisols","Udults","Kandiudults","Typic Kandiudults","fine-loamy",-85.1283582999999,31.3948722000001,2646547,"12N03111",10,150,200,"Bt3","Sandy clay loam",386790,64.1999969,2.8,33,NA,"2.5YR",4,6
725293,"Kenansville","KENANSVILLE","Loamy, siliceous, subactive, thermic Arenic Hapludults","Ultisols","Udults","Hapludults","Arenic Hapludults","loamy",-85.1156,31.2634,3424960,"12N03112",11,0,32,"Ap","Fine sand",386791,88.0999985,7.1999998,4.6999998,NA,"10YR",3,4
725293,"Kenansville","KENANSVILLE","Loamy, siliceous, subactive, thermic Arenic Hapludults","Ultisols","Udults","Hapludults","Arenic Hapludults","loamy",-85.1156,31.2634,3424961,"12N03113",12,32,59,"E1","Fine sand",386792,88.1999969,6.3000002,5.5,NA,"10YR",5,4
725293,"Kenansville","KENANSVILLE","Loamy, siliceous, subactive, thermic Arenic Hapludults","Ultisols","Udults","Hapludults","Arenic Hapludults","loamy",-85.1156,31.2634,3424962,"12N03114",13,59,100,"E2","Loamy fine sand",386793,87.3000031,7,5.6999998,NA,"10YR",5,6
725293,"Kenansville","KENANSVILLE","Loamy, siliceous, subactive, thermic Arenic Hapludults","Ultisols","Udults","Hapludults","Arenic Hapludults","loamy",-85.1156,31.2634,3424963,"12N03115",14,100,160,"EB","Loamy fine sand",386794,82.6999969,5.3000002,12,NA,"10YR",6,4
725293,"Kenansville","KENANSVILLE","Loamy, siliceous, subactive, thermic Arenic Hapludults","Ultisols","Udults","Hapludults","Arenic Hapludults","loamy",-85.1156,31.2634,3424965,"12N03116",15,160,200,"C","Sand",386795,93.5999985,1,5.4000001,NA,"10YR",6,6
725295,"Orangeburg","ORANGEBURG","Fine-loamy, siliceous, thermic Typic Kandiudults","Ultisols","Udults","Kandiudults","Typic Kandiudults","fine-loamy",-85.3522472,31.2322194000001,3424972,"12N03123",22,0,23,"Ap","Fine sandy loam",386802,79.5,10.3000002,10.1999998,NA,"7.5YR",4,4
725295,"Orangeburg","ORANGEBURG","Fine-loamy, siliceous, thermic Typic Kandiudults","Ultisols","Udults","Kandiudults","Typic Kandiudults","fine-loamy",-85.3522472,31.2322194000001,3424973,"12N03124",23,23,68,"Bt1","Sandy clay loam",386803,57.0999985,10.8000002,32.0999985,NA,"2.5YR",4,6
725295,"Orangeburg","ORANGEBURG","Fine-loamy, siliceous, thermic Typic Kandiudults","Ultisols","Udults","Kandiudults","Typic Kandiudults","fine-loamy",-85.3522472,31.2322194000001,3424974,"12N03125",24,68,105,"Bt2","Sandy clay loam",386804,57.0999985,10,32.9000015,NA,"2.5YR",5,6
725295,"Orangeburg","ORANGEBURG","Fine-loamy, siliceous, thermic Typic Kandiudults","Ultisols","Udults","Kandiudults","Typic Kandiudults","fine-loamy",-85.3522472,31.2322194000001,3424975,"12N03126",25,105,153,"Bt3","Sandy clay",386805,48.7999992,9.5,41.7000008,NA,"7.5YR",5,6
725295,"Orangeburg","ORANGEBURG","Fine-loamy, siliceous, thermic Typic Kandiudults","Ultisols","Udults","Kandiudults","Typic Kandiudults","fine-loamy",-85.3522472,31.2322194000001,3424976,"12N03127",26,153,200,"Bt4","Clay",386806,30.3999996,9.5,60.0999985,NA,"10YR",6,6
802249,"Norfolk","NORFOLK","Fine-loamy, kaolinitic, thermic Typic Kandiudults","Ultisols","Udults","Kandiudults","Typic Kandiudults","fine-loamy",-80.2133330999999,34.1177788000001,3848930,"11N03800",1,0,20,"Ap","Loamy sand",386287,81.0999985,15.6000004,3.3,NA,"10YR",4,2
802249,"Norfolk","NORFOLK","Fine-loamy, kaolinitic, thermic Typic Kandiudults","Ultisols","Udults","Kandiudults","Typic Kandiudults","fine-loamy",-80.2133330999999,34.1177788000001,3848931,"11N03801",2,20,71,"Bt1","Coarse sandy loam",386288,68.0999985,14.5,17.3999996,NA,"10YR",5,3
802249,"Norfolk","NORFOLK","Fine-loamy, kaolinitic, thermic Typic Kandiudults","Ultisols","Udults","Kandiudults","Typic Kandiudults","fine-loamy",-80.2133330999999,34.1177788000001,3848932,"11N03802",3,71,112,"Bt2","Coarse sandy loam",386289,67.8000031,12.5,19.7000008,NA,"10YR",5,6
802249,"Norfolk","NORFOLK","Fine-loamy, kaolinitic, thermic Typic Kandiudults","Ultisols","Udults","Kandiudults","Typic Kandiudults","fine-loamy",-80.2133330999999,34.1177788000001,3848933,"11N03803",4,112,122,"Bt3","Sandy clay loam",386290,70.9000015,8,21.1000004,NA,"10YR",5,4
802250,"Rains","RAINS","Fine-loamy, siliceous, subactive, thermic Typic Paleaquults","Ultisols","Aquults","Paleaquults","Typic Paleaquults","fine-loamy",-80.1944427,34.1147232000001,3848935,"11N03805",6,20,58,"Btg1","Sandy loam",386292,52.7999992,28.8999996,18.2999992,NA,"5YR",4,1
802250,"Rains","RAINS","Fine-loamy, siliceous, subactive, thermic Typic Paleaquults","Ultisols","Aquults","Paleaquults","Typic Paleaquults","fine-loamy",-80.1944427,34.1147232000001,3848936,"11N03806",7,58,79,"Btg2","Coarse sandy loam",386293,74.5999985,13.5,11.8999996,NA,NA,NA,NA
802251,"Goldsboro","GOLDSBORO","Fine-loamy, siliceous, subactive, thermic Aquic Paleudults","Ultisols","Udults","Paleudults","Aquic Paleudults","fine-loamy",-80.2077788999999,34.1136093000001,3848937,"11N03807",8,0,23,"Ap","Sandy loam",386294,73.8000031,20.3999996,5.8000002,NA,"10YR",3,2
802251,"Goldsboro","GOLDSBORO","Fine-loamy, siliceous, subactive, thermic Aquic Paleudults","Ultisols","Udults","Paleudults","Aquic Paleudults","fine-loamy",-80.2077788999999,34.1136093000001,3848938,"11N03808",9,23,56,"Bt1","Sandy clay loam",386295,54.9000015,25.1000004,20,NA,"10YR",4,6
802251,"Goldsboro","GOLDSBORO","Fine-loamy, siliceous, subactive, thermic Aquic Paleudults","Ultisols","Udults","Paleudults","Aquic Paleudults","fine-loamy",-80.2077788999999,34.1136093000001,3848939,"11N03810",11,69,102,"Bt3","Coarse sandy loam",386297,61.5999985,24.7000008,13.6999998,NA,"10YR",5,6
802251,"Goldsboro","GOLDSBORO","Fine-loamy, siliceous, subactive, thermic Aquic Paleudults","Ultisols","Udults","Paleudults","Aquic Paleudults","fine-loamy",-80.2077788999999,34.1136093000001,3848940,"11N03809",10,56,69,"Bt2","Coarse sandy loam",386296,60.5999985,23.3999996,16,NA,"10YR",5,3
802252,"Noboco","NOBOCO","Fine-loamy, subactive, thermic Oxyaquic Paleudults","Ultisols","Udults","Paleudults","Oxyaquic Paleudults","fine-loamy",-80.1994476,34.1102791000001,3848941,"11N03811",12,0,23,"Ap","Loamy sand",386298,76.4000015,19.1000004,4.5,NA,"10YR",4,2
802252,"Noboco","NOBOCO","Fine-loamy, subactive, thermic Oxyaquic Paleudults","Ultisols","Udults","Paleudults","Oxyaquic Paleudults","fine-loamy",-80.1994476,34.1102791000001,3848942,"11N03812",13,23,53,"Bt1","Sandy clay loam",386299,54.5999985,19.6000004,25.7999992,NA,"10YR",4,6
802252,"Noboco","NOBOCO","Fine-loamy, subactive, thermic Oxyaquic Paleudults","Ultisols","Udults","Paleudults","Oxyaquic Paleudults","fine-loamy",-80.1994476,34.1102791000001,3848943,"11N03813",14,53,86,"Bt2","Sandy clay loam",386300,54.5999985,19.5,25.8999996,NA,"10YR",4,6
802252,"Noboco","NOBOCO","Fine-loamy, subactive, thermic Oxyaquic Paleudults","Ultisols","Udults","Paleudults","Oxyaquic Paleudults","fine-loamy",-80.1994476,34.1102791000001,3848944,"11N03814",15,86,122,"Bt3","Sandy clay loam",386301,56.9000015,16.7999992,26.2999992,NA,"10YR",5,4
1266199,"Orangeburg","ORANGEBURG","Fine-loamy, kaolinitic, thermic Typic Kandiudults","Ultisols","Udults","Kandiudults","Typic Kandiudults","fine-loamy",-85.0568694,31.0190194,6362209,"12N03129",28,26,40,"Bt1","Sandy loam",386808,76,7.6999998,16.2999992,NA,"5YR",4,4
1266199,"Orangeburg","ORANGEBURG","Fine-loamy, kaolinitic, thermic Typic Kandiudults","Ultisols","Udults","Kandiudults","Typic Kandiudults","fine-loamy",-85.0568694,31.0190194,6362210,"12N03132",31,170,200,"Bt4","Sandy clay loam",386811,61.5,4.3000002,34.2000008,NA,"2.5YR",5,6
1266199,"Orangeburg","ORANGEBURG","Fine-loamy, kaolinitic, thermic Typic Kandiudults","Ultisols","Udults","Kandiudults","Typic Kandiudults","fine-loamy",-85.0568694,31.0190194,6362211,"12N03130",29,40,75,"Bt2","Sandy loam",386809,78.5,7.5,14,NA,"5YR",4,6
1266199,"Orangeburg","ORANGEBURG","Fine-loamy, kaolinitic, thermic Typic Kandiudults","Ultisols","Udults","Kandiudults","Typic Kandiudults","fine-loamy",-85.0568694,31.0190194,6362212,"12N03128",27,0,26,"Ap1","Sand",386807,88.4000015,6.8000002,4.8000002,NA,"10YR",4,3
1266199,"Orangeburg","ORANGEBURG","Fine-loamy, kaolinitic, thermic Typic Kandiudults","Ultisols","Udults","Kandiudults","Typic Kandiudults","fine-loamy",-85.0568694,31.0190194,6362213,"12N03131",30,75,170,"Bt3","Sandy clay loam",386810,67.6999969,4.8000002,27.5,NA,"2.5YR",4,6
871708,"Tifton","TIFTON","Fine-loamy, kaolinitic, thermic Plinthic Kandiudults","Ultisols","Udults","Kandiudults","Plinthic Kandiudults","fine-loamy",-83.5789417,32.2019611000001,4378366,"12N03313",37,0,21,"Ap","Loamy sand",426783,78.9000015,14.1999998,6.9000001,NA,"10YR",3,2
871708,"Tifton","TIFTON","Fine-loamy, kaolinitic, thermic Plinthic Kandiudults","Ultisols","Udults","Kandiudults","Plinthic Kandiudults","fine-loamy",-83.5789417,32.2019611000001,4378367,"12N03314",38,21,54,"Bt","Sandy clay loam",426784,59.2000008,11.1000004,29.7000008,NA,"10YR",5,6
871708,"Tifton","TIFTON","Fine-loamy, kaolinitic, thermic Plinthic Kandiudults","Ultisols","Udults","Kandiudults","Plinthic Kandiudults","fine-loamy",-83.5789417,32.2019611000001,4378368,"12N03315",39,54,113,"Btv1","Sandy clay",426785,51.5,8.8000002,39.7000008,NA,"10YR",6,6
871708,"Tifton","TIFTON","Fine-loamy, kaolinitic, thermic Plinthic Kandiudults","Ultisols","Udults","Kandiudults","Plinthic Kandiudults","fine-loamy",-83.5789417,32.2019611000001,4378369,"12N03316",40,113,175,"Btv2","Clay",426786,38.5,6.8000002,54.7000008,NA,"10YR",6,6
871708,"Tifton","TIFTON","Fine-loamy, kaolinitic, thermic Plinthic Kandiudults","Ultisols","Udults","Kandiudults","Plinthic Kandiudults","fine-loamy",-83.5789417,32.2019611000001,4378370,"12N03317",41,175,175,"BC","Clay",426787,36.5999985,6.1999998,57.2000008,NA,"5Y",7,1
871711,"Tifton","TIFTON","Fine-loamy, kaolinitic, thermic Plinthic Kandiudults","Ultisols","Udults","Paleudults","Plinthic Kandiudults","fine-loamy",-83.6607417,30.8302167000001,4378386,"12N03283",7,0,21,"Ap","Loamy fine sand",426753,86,9.3000002,4.6999998,NA,"10YR",4,2
871711,"Tifton","TIFTON","Fine-loamy, kaolinitic, thermic Plinthic Kandiudults","Ultisols","Udults","Paleudults","Plinthic Kandiudults","fine-loamy",-83.6607417,30.8302167000001,4378387,"12N03284",8,21,63,"Bt","Fine sandy loam",426754,69.6999969,10.6000004,19.7000008,NA,"10YR",6,6
871711,"Tifton","TIFTON","Fine-loamy, kaolinitic, thermic Plinthic Kandiudults","Ultisols","Udults","Paleudults","Plinthic Kandiudults","fine-loamy",-83.6607417,30.8302167000001,4378388,"12N03285",9,63,102,"Btv","Sandy clay loam",426755,68.5999985,8.8999996,22.5,NA,"10YR",6,8
871711,"Tifton","TIFTON","Fine-loamy, kaolinitic, thermic Plinthic Kandiudults","Ultisols","Udults","Paleudults","Plinthic Kandiudults","fine-loamy",-83.6607417,30.8302167000001,4378389,"12N03286",10,102,121,"B''t","Fine sandy loam",426756,72.8000031,8.6000004,18.6000004,NA,"10YR",7,4
871711,"Tifton","TIFTON","Fine-loamy, kaolinitic, thermic Plinthic Kandiudults","Ultisols","Udults","Paleudults","Plinthic Kandiudults","fine-loamy",-83.6607417,30.8302167000001,4378390,"12N03287",11,121,175,"BC","Sandy clay loam",426757,60.5,9,30.5,NA,"10YR",6,6
871712,"Cowarts","COWARTS","Fine-loamy, kaolinitic, thermic Typic Kanhapludults","Ultisols","Udults","Kanhapludults","Typic Kanhapludults","fine-loamy",-83.385125,31.2542361000001,4378391,"12N03288",12,0,15,"Ap","Loamy sand",426758,86.5999985,7.5,5.9000001,NA,"10YR",4,2
871712,"Cowarts","COWARTS","Fine-loamy, kaolinitic, thermic Typic Kanhapludults","Ultisols","Udults","Kanhapludults","Typic Kanhapludults","fine-loamy",-83.385125,31.2542361000001,4378392,"12N03289",13,15,38,"Bt1","Fine sandy loam",426759,74.6999969,8.6000004,16.7000008,NA,"5YR",4,4
871712,"Cowarts","COWARTS","Fine-loamy, kaolinitic, thermic Typic Kanhapludults","Ultisols","Udults","Kanhapludults","Typic Kanhapludults","fine-loamy",-83.385125,31.2542361000001,4378393,"12N03290",14,38,86,"Bt2","Sandy clay",426760,58,6.4000001,35.5999985,NA,"5YR",5,4
871712,"Cowarts","COWARTS","Fine-loamy, kaolinitic, thermic Typic Kanhapludults","Ultisols","Udults","Kanhapludults","Typic Kanhapludults","fine-loamy",-83.385125,31.2542361000001,4378394,"12N03291",15,86,105,"BC","Clay",426761,39.2000008,12.1000004,48.7000008,NA,"5YR",5,4
871712,"Cowarts","COWARTS","Fine-loamy, kaolinitic, thermic Typic Kanhapludults","Ultisols","Udults","Kanhapludults","Typic Kanhapludults","fine-loamy",-83.385125,31.2542361000001,4378395,"12N03292",16,105,123,"C1","Clay",426762,26.7000008,17.7999992,55.5,NA,"5Y",7,1
871712,"Cowarts","COWARTS","Fine-loamy, kaolinitic, thermic Typic Kanhapludults","Ultisols","Udults","Kanhapludults","Typic Kanhapludults","fine-loamy",-83.385125,31.2542361000001,4378396,"12N03293",17,123,166,"C2","Clay",426763,17.7000008,21.5,60.7999992,NA,"10R",3,2
871713,"Dothan","DOTHAN","Fine-loamy, kaolinitic, thermic Plinthic Kandiudults","Ultisols","Udults","Kandiudults","Plinthic Kandiudults","fine-loamy",-84.6815806,31.1950639,4378397,"12N03294",18,0,23,"Ap","Fine sandy loam",426764,78.8000031,11.3000002,9.8999996,NA,"10YR",4,3
871713,"Dothan","DOTHAN","Fine-loamy, kaolinitic, thermic Plinthic Kandiudults","Ultisols","Udults","Kandiudults","Plinthic Kandiudults","fine-loamy",-84.6815806,31.1950639,4378398,"12N03295",19,23,35,"Bt1","Sandy clay loam",426765,57.5999985,11.5,30.8999996,NA,"10YR",5,4
871713,"Dothan","DOTHAN","Fine-loamy, kaolinitic, thermic Plinthic Kandiudults","Ultisols","Udults","Kandiudults","Plinthic Kandiudults","fine-loamy",-84.6815806,31.1950639,4378399,"12N03296",20,35,132,"Bt2","Sandy clay loam",426766,57.5,8.1000004,34.4000015,NA,"10YR",6,6
871713,"Dothan","DOTHAN","Fine-loamy, kaolinitic, thermic Plinthic Kandiudults","Ultisols","Udults","Kandiudults","Plinthic Kandiudults","fine-loamy",-84.6815806,31.1950639,4378400,"12N03297",21,132,154,"Btv","Sandy clay",426767,50.2999992,6.9000001,42.7999992,NA,"10YR",6,6
871768,"Uchee","UCHEE","Loamy, kaolinitic, thermic Arenic Kanhapludults","Ultisols","Udults","Kanhapludults","Arenic Kanhapludults","loamy",-84.4977221999999,31.1582778000001,4378578,"12N03277",1,0,33,"Ap","Sand",426747,89.1999969,9.3000002,1.5,NA,"10YR",5,3
871768,"Uchee","UCHEE","Loamy, kaolinitic, thermic Arenic Kanhapludults","Ultisols","Udults","Kanhapludults","Arenic Kanhapludults","loamy",-84.4977221999999,31.1582778000001,4378579,"12N03278",2,33,62,"E1","Loamy sand",426748,86.0999985,9.6000004,4.3000002,NA,"10YR",5,4
871768,"Uchee","UCHEE","Loamy, kaolinitic, thermic Arenic Kanhapludults","Ultisols","Udults","Kanhapludults","Arenic Kanhapludults","loamy",-84.4977221999999,31.1582778000001,4378580,"12N03279",3,62,76,"E2","Coarse sand",426749,88.1999969,9.3000002,2.5,NA,"10YR",6,4
871768,"Uchee","UCHEE","Loamy, kaolinitic, thermic Arenic Kanhapludults","Ultisols","Udults","Kanhapludults","Arenic Kanhapludults","loamy",-84.4977221999999,31.1582778000001,4378581,"12N03280",4,76,92,"Bt","Coarse sandy loam",426750,81.0999985,7,11.8999996,NA,"10YR",6,4
871768,"Uchee","UCHEE","Loamy, kaolinitic, thermic Arenic Kanhapludults","Ultisols","Udults","Kanhapludults","Arenic Kanhapludults","loamy",-84.4977221999999,31.1582778000001,4378582,"12N03281",5,92,118,"BC","Sandy clay loam",426751,71.5999985,3.3,25.1000004,NA,"10YR",7,4
871768,"Uchee","UCHEE","Loamy, kaolinitic, thermic Arenic Kanhapludults","Ultisols","Udults","Kanhapludults","Arenic Kanhapludults","loamy",-84.4977221999999,31.1582778000001,4378583,"12N03282",6,118,203,"C","Sandy clay loam",426752,73.3000031,2.9000001,23.7999992,NA,"10YR",7,4
575595,"Vaucluse","VAUCLUSE","Fine-loamy, siliceous, thermic Typic Kandiudults","Ultisols","Udults","Kandiudults","Typic Kandiudults","fine-loamy",-80.7978649,33.6473624000001,2634672,"CL0571",2,0,15,"Ap","Loamy coarse sand",437760,86.9000015,8,5.0999999,3.2,NA,NA,NA
575595,"Vaucluse","VAUCLUSE","Fine-loamy, siliceous, thermic Typic Kandiudults","Ultisols","Udults","Kandiudults","Typic Kandiudults","fine-loamy",-80.7978649,33.6473624000001,2634673,"CL0572",1,15,36,"E","Loamy coarse sand",437759,87.4000015,7.9000001,4.6999998,1,NA,NA,NA
575595,"Vaucluse","VAUCLUSE","Fine-loamy, siliceous, thermic Typic Kandiudults","Ultisols","Udults","Kandiudults","Typic Kandiudults","fine-loamy",-80.7978649,33.6473624000001,2634674,"CL0573",3,36,79,"Bt1","Sandy clay loam",437761,62.7000008,7.9000001,29.3999996,4.5,NA,NA,NA
575595,"Vaucluse","VAUCLUSE","Fine-loamy, siliceous, thermic Typic Kandiudults","Ultisols","Udults","Kandiudults","Typic Kandiudults","fine-loamy",-80.7978649,33.6473624000001,2634675,"CL0574",5,79,99,"Bt2","Sandy clay loam",437763,54.4000015,12.3000002,33.2999992,2.7,NA,NA,NA
575595,"Vaucluse","VAUCLUSE","Fine-loamy, siliceous, thermic Typic Kandiudults","Ultisols","Udults","Kandiudults","Typic Kandiudults","fine-loamy",-80.7978649,33.6473624000001,2634676,"CL0575",4,99,132,"Bt3","Sandy clay loam",437762,51.4000015,13.6999998,34.9000015,4.3000002,NA,NA,NA
575595,"Vaucluse","VAUCLUSE","Fine-loamy, siliceous, thermic Typic Kandiudults","Ultisols","Udults","Kandiudults","Typic Kandiudults","fine-loamy",-80.7978649,33.6473624000001,2634677,"CL0576",6,132,165,"BC","Sandy clay loam",437764,57.4000015,11.1000004,31.5,2.2,NA,NA,NA
575600,"Troup","TROUP","Loamy, siliceous, thermic Grossarenic Kandiudults","Ultisols","Udults","Kandiudults","Grossarenic Kandiudults","loamy",-80.8731448999999,33.6356961000001,2634697,"CL0680",4,0,15,"A","Coarse sand",437749,92.4000015,2.5,5.0999999,3,NA,NA,NA
575600,"Troup","TROUP","Loamy, siliceous, thermic Grossarenic Kandiudults","Ultisols","Udults","Kandiudults","Grossarenic Kandiudults","loamy",-80.8731448999999,33.6356961000001,2634698,"CL0681",5,15,81,"E","Coarse sand",437750,92.0999985,2.5,5.4000001,1,NA,NA,NA
575600,"Troup","TROUP","Loamy, siliceous, thermic Grossarenic Kandiudults","Ultisols","Udults","Kandiudults","Grossarenic Kandiudults","loamy",-80.8731448999999,33.6356961000001,2634699,"CL0682",1,81,104,"Bt","Coarse sand",437746,91.6999969,1.4,6.9000001,2,NA,NA,NA
575600,"Troup","TROUP","Loamy, siliceous, thermic Grossarenic Kandiudults","Ultisols","Udults","Kandiudults","Grossarenic Kandiudults","loamy",-80.8731448999999,33.6356961000001,2634700,"CL0683",2,104,127,"E","Coarse sand",437747,91.8000031,2,6.1999998,1,NA,NA,NA
575600,"Troup","TROUP","Loamy, siliceous, thermic Grossarenic Kandiudults","Ultisols","Udults","Kandiudults","Grossarenic Kandiudults","loamy",-80.8731448999999,33.6356961000001,2634701,"CL0684",3,127,155,"Bt1","Loamy coarse sand",437748,87.4000015,2.5999999,10,1,NA,NA,NA
575600,"Troup","TROUP","Loamy, siliceous, thermic Grossarenic Kandiudults","Ultisols","Udults","Kandiudults","Grossarenic Kandiudults","loamy",-80.8731448999999,33.6356961000001,2634702,"CL0685",6,155,203,"Bt2","Sandy clay loam",437751,72.9000015,3.9000001,23.2000008,2,NA,NA,NA
575601,"Suffolk","SUFFOLK","Fine-loamy, siliceous, thermic Typic Hapludults","Ultisols","Udults","Hapludults","Typic Hapludults","fine-loamy",-80.6125815999999,33.6140295000001,2634703,"CL0835",4,0,8,"A","Loamy sand",437787,84.3000031,10.3000002,5.4000001,6,NA,NA,NA
575601,"Suffolk","SUFFOLK","Fine-loamy, siliceous, thermic Typic Hapludults","Ultisols","Udults","Hapludults","Typic Hapludults","fine-loamy",-80.6125815999999,33.6140295000001,2634704,"CL0836",6,8,25,"E","Loamy sand",437789,88.4000015,4.3000002,7.3000002,3.8,NA,NA,NA
575601,"Suffolk","SUFFOLK","Fine-loamy, siliceous, thermic Typic Hapludults","Ultisols","Udults","Hapludults","Typic Hapludults","fine-loamy",-80.6125815999999,33.6140295000001,2634705,"CL0837",7,25,43,"Bt1","Sandy clay loam",437790,64.4000015,5.8000002,29.7999992,5.3000002,NA,NA,NA
575601,"Suffolk","SUFFOLK","Fine-loamy, siliceous, thermic Typic Hapludults","Ultisols","Udults","Hapludults","Typic Hapludults","fine-loamy",-80.6125815999999,33.6140295000001,2634706,"CL0838",2,43,84,"Bt2","Sandy clay loam",437785,67.0999985,3.8,29.1000004,5.6999998,NA,NA,NA
575601,"Suffolk","SUFFOLK","Fine-loamy, siliceous, thermic Typic Hapludults","Ultisols","Udults","Hapludults","Typic Hapludults","fine-loamy",-80.6125815999999,33.6140295000001,2634707,"CL0839",1,84,127,"BC","Fine sandy loam",437784,79.4000015,3.2,17.3999996,2.7,NA,NA,NA
575601,"Suffolk","SUFFOLK","Fine-loamy, siliceous, thermic Typic Hapludults","Ultisols","Udults","Hapludults","Typic Hapludults","fine-loamy",-80.6125815999999,33.6140295000001,2634708,"CL0840",3,127,152,"C1","Sand",437786,91,2.9000001,6.0999999,3.3,NA,NA,NA
575601,"Suffolk","SUFFOLK","Fine-loamy, siliceous, thermic Typic Hapludults","Ultisols","Udults","Hapludults","Typic Hapludults","fine-loamy",-80.6125815999999,33.6140295000001,2634709,"CL0841",5,152,178,"C2","Coarse sand",437788,94,2.0999999,3.9000001,1.7,NA,NA,NA
575606,"Wahee","WAHEE","Clayey, mixed, thermic Aeric Ochraquults","Ultisols","Aquults","Ochraquults","Aeric Ochraquults","clayey",-81.4453857,32.9190476000001,2634727,"CL0442",2,0,18,"A","Coarse sandy loam",437706,73.8000031,21.3999996,4.5999999,2.0999999,"2.5Y",5,2
575606,"Wahee","WAHEE","Clayey, mixed, thermic Aeric Ochraquults","Ultisols","Aquults","Ochraquults","Aeric Ochraquults","clayey",-81.4453857,32.9190476000001,2634728,"CL0443",5,18,48,"Bt","Clay",437709,30.7000008,21.3999996,47.7000008,13.3000002,"10YR",5,8
575606,"Wahee","WAHEE","Clayey, mixed, thermic Aeric Ochraquults","Ultisols","Aquults","Ochraquults","Aeric Ochraquults","clayey",-81.4453857,32.9190476000001,2634729,"CL0444",3,48,89,"Btg1","Clay",437707,33.7999992,19.7000008,46.4000015,14.3999996,"5Y",6,2
575606,"Wahee","WAHEE","Clayey, mixed, thermic Aeric Ochraquults","Ultisols","Aquults","Ochraquults","Aeric Ochraquults","clayey",-81.4453857,32.9190476000001,2634730,"CL0445",1,89,124,"Btg2","Clay",437705,36.9000015,20,42.9000015,12.6999998,"5Y",7,2
575606,"Wahee","WAHEE","Clayey, mixed, thermic Aeric Ochraquults","Ultisols","Aquults","Ochraquults","Aeric Ochraquults","clayey",-81.4453857,32.9190476000001,2634731,"CL0446",4,124,178,"2Cg","Coarse sand",437708,93.6999969,1.6,4.5999999,1.1,"10YR",7,2
575607,"Cahaba","CAHABA","Fine-loamy, siliceous, thermic Typic Hapludults","Ultisols","Udults","Hapludults","Typic Hapludults","fine-loamy",-81.4445522999999,32.9121033000001,2634732,"CL0025",1,0,20,"Ap","Loamy fine sand",437618,80.5999985,11.8000002,7.5,3.4000001,"10YR",5,4
575607,"Cahaba","CAHABA","Fine-loamy, siliceous, thermic Typic Hapludults","Ultisols","Udults","Hapludults","Typic Hapludults","fine-loamy",-81.4445522999999,32.9121033000001,2634733,"CL0026",2,20,36,"E","Fine sandy loam",437619,76.0999985,13.5,10.1999998,2.3,"7.5YR",5,8
575607,"Cahaba","CAHABA","Fine-loamy, siliceous, thermic Typic Hapludults","Ultisols","Udults","Hapludults","Typic Hapludults","fine-loamy",-81.4445522999999,32.9121033000001,2634734,"CL0027",3,36,46,"Bt1","Fine sandy loam",437620,66,16.6000004,17.2000008,4.5999999,"5YR",5,8
575607,"Cahaba","CAHABA","Fine-loamy, siliceous, thermic Typic Hapludults","Ultisols","Udults","Hapludults","Typic Hapludults","fine-loamy",-81.4445522999999,32.9121033000001,2634735,"CL0028",4,46,76,"Bt2","Sandy clay loam",437621,53.7000008,14.8999996,31.2000008,3.4000001,"2.5YR",4,8
575607,"Cahaba","CAHABA","Fine-loamy, siliceous, thermic Typic Hapludults","Ultisols","Udults","Hapludults","Typic Hapludults","fine-loamy",-81.4445522999999,32.9121033000001,2634736,"CL0029",5,76,135,"Bt3","Sandy clay loam",437622,52.2000008,15.1999998,32.5,6,"10R",4,8
575607,"Cahaba","CAHABA","Fine-loamy, siliceous, thermic Typic Hapludults","Ultisols","Udults","Hapludults","Typic Hapludults","fine-loamy",-81.4445522999999,32.9121033000001,2634737,"CL0030",6,135,165,"C","Sandy clay loam",437623,60.2000008,13.8999996,25.7000008,8.1999998,"10R",4,8
575608,"Orangeburg","ORANGEBURG","Fine-loamy, siliceous, thermic Typic Kandiudults","Ultisols","Udults","Kandiudults","Typic Kandiudults","fine-loamy",-81.4787198,33.0465445,2634738,"CL0437",2,0,13,"Ap","",437701,NA,NA,NA,1.7,"10YR",5,4
575608,"Orangeburg","ORANGEBURG","Fine-loamy, siliceous, thermic Typic Kandiudults","Ultisols","Udults","Kandiudults","Typic Kandiudults","fine-loamy",-81.4787198,33.0465445,2634739,"CL0438",5,13,28,"E","",437704,NA,NA,NA,1.6,"10YR",6,4
575608,"Orangeburg","ORANGEBURG","Fine-loamy, siliceous, thermic Typic Kandiudults","Ultisols","Udults","Kandiudults","Typic Kandiudults","fine-loamy",-81.4787198,33.0465445,2634740,"CL0439",3,28,71,"Bt1","",437702,NA,NA,NA,3.8,"5YR",5,8
575608,"Orangeburg","ORANGEBURG","Fine-loamy, siliceous, thermic Typic Kandiudults","Ultisols","Udults","Kandiudults","Typic Kandiudults","fine-loamy",-81.4787198,33.0465445,2634741,"CL0440",1,71,147,"Bt2","",437700,NA,NA,NA,4.4000001,"2.5YR",5,8
575608,"Orangeburg","ORANGEBURG","Fine-loamy, siliceous, thermic Typic Kandiudults","Ultisols","Udults","Kandiudults","Typic Kandiudults","fine-loamy",-81.4787198,33.0465445,2634742,"CL0441",4,147,178,"Bt3","",437703,NA,NA,NA,4.1999998,"5YR",6,8
575610,"Coxville","COXVILLE","Clayey, kaolinitic, thermic Typic Paleaquults","Ultisols","Aquults","Paleaquults","Typic Paleaquults","clayey",-81.2648245,33.0487664,2634749,"CL0353",4,0,15,"A","Clay loam",437692,36.7000008,27.7000008,35.4000015,18.8999996,"10YR",3,1
575610,"Coxville","COXVILLE","Clayey, kaolinitic, thermic Typic Paleaquults","Ultisols","Aquults","Paleaquults","Typic Paleaquults","clayey",-81.2648245,33.0487664,2634750,"CL0354",5,15,51,"Btg1","Clay",437693,22.8999996,16.2999992,60.5999985,10,"10YR",6,1
575610,"Coxville","COXVILLE","Clayey, kaolinitic, thermic Typic Paleaquults","Ultisols","Aquults","Paleaquults","Typic Paleaquults","clayey",-81.2648245,33.0487664,2634751,"CL0355",1,51,102,"Btg2","Clay",437689,44,13.3000002,42.5999985,6.6999998,"10YR",6,2
575610,"Coxville","COXVILLE","Clayey, kaolinitic, thermic Typic Paleaquults","Ultisols","Aquults","Paleaquults","Typic Paleaquults","clayey",-81.2648245,33.0487664,2634752,"CL0356",2,102,127,"Btg3","Sandy clay",437690,52.9000015,10.6999998,36.2000008,5.8000002,"10YR",6,1
575610,"Coxville","COXVILLE","Clayey, kaolinitic, thermic Typic Paleaquults","Ultisols","Aquults","Paleaquults","Typic Paleaquults","clayey",-81.2648245,33.0487664,2634753,"CL0357",3,127,165,"Btg4","Clay",437691,37.0999985,10.5,52.2999992,8.3999996,"10YR",6,1
575614,"Chastain","CHASTAIN","Fine, mixed, acid, thermic Typic Fluvaquents","Entisols","Aquents","Fluvaquents","Typic Fluvaquents","fine",-81.4495525,32.8929372000001,2634762,"CL0358",4,0,18,"A","Sandy clay",437687,48.4000015,16.2000008,35.2000008,8.5,"10YR",5,6
575614,"Chastain","CHASTAIN","Fine, mixed, acid, thermic Typic Fluvaquents","Entisols","Aquents","Fluvaquents","Typic Fluvaquents","fine",-81.4495525,32.8929372000001,2634763,"CL0359",3,18,51,"Bg1","Clay",437686,29.3999996,17.2999992,53.0999985,18.5,"N",6,NA
575614,"Chastain","CHASTAIN","Fine, mixed, acid, thermic Typic Fluvaquents","Entisols","Aquents","Fluvaquents","Typic Fluvaquents","fine",-81.4495525,32.8929372000001,2634764,"CL0360",5,51,102,"Bg2","Clay",437688,38.4000015,14.6999998,46.7999992,16.6000004,"N",4,1
575614,"Chastain","CHASTAIN","Fine, mixed, acid, thermic Typic Fluvaquents","Entisols","Aquents","Fluvaquents","Typic Fluvaquents","fine",-81.4495525,32.8929372000001,2634765,"CL0361",2,102,127,"Bg3","Clay",437685,33.9000015,14.1999998,51.7999992,18.1000004,"N",5,NA
575614,"Chastain","CHASTAIN","Fine, mixed, acid, thermic Typic Fluvaquents","Entisols","Aquents","Fluvaquents","Typic Fluvaquents","fine",-81.4495525,32.8929372000001,2634766,"CL0362",1,127,452,"Bg4","Sandy clay loam",437684,47.4000015,20.2999992,32.2000008,9.6999998,"N",6,NA
1118043,"Byars","BYARS","Fine, kaolinitic, thermic Umbric Paleaquults","Ultisols","Aquults","Paleaquults","Umbric Paleaquults","clayey",-79.60268,34.3668029,5476250,"CL1110",1,0,48,"A","Loam",437881,45.5,46.0999985,8.3999996,18,NA,NA,NA
1118043,"Byars","BYARS","Fine, kaolinitic, thermic Umbric Paleaquults","Ultisols","Aquults","Paleaquults","Umbric Paleaquults","clayey",-79.60268,34.3668029,5476251,"CL1111",2,48,58,"Btg1","Clay",437882,22.3999996,26.1000004,51.5,9.3999996,NA,NA,NA
1118043,"Byars","BYARS","Fine, kaolinitic, thermic Umbric Paleaquults","Ultisols","Aquults","Paleaquults","Umbric Paleaquults","clayey",-79.60268,34.3668029,5476252,"CL1112",3,58,81,"Btg2","Clay loam",437883,38.0999985,34.5,27.3999996,12.6999998,NA,NA,NA
1118043,"Byars","BYARS","Fine, kaolinitic, thermic Umbric Paleaquults","Ultisols","Aquults","Paleaquults","Umbric Paleaquults","clayey",-79.60268,34.3668029,5476253,"CL1113",4,81,122,"Btg3","Silty clay",437884,9.1000004,49.5999985,41.2999992,12.6999998,NA,NA,NA
1118043,"Byars","BYARS","Fine, kaolinitic, thermic Umbric Paleaquults","Ultisols","Aquults","Paleaquults","Umbric Paleaquults","clayey",-79.60268,34.3668029,5476254,"CL1114",5,122,152,"Btg4","Clay",437885,17.2000008,33.9000015,48.9000015,9.6000004,NA,NA,NA
1118045,"Chastain","CHASTAIN","Fine, mixed, semiactive, acid, thermic Fluvaquentic Endoaquepts","Entisols","Aquents","Fluvaquents","Typic Fluvaquents","fine",-79.7970081,34.5543286000001,5476261,"CL0950",1,0,13,"A1","Clay loam",437886,40.9000015,26.2000008,32.9000015,14.8999996,NA,NA,NA
1118045,"Chastain","CHASTAIN","Fine, mixed, semiactive, acid, thermic Fluvaquentic Endoaquepts","Entisols","Aquents","Fluvaquents","Typic Fluvaquents","fine",-79.7970081,34.5543286000001,5476262,"CL0951",2,13,31,"A2","Clay loam",437887,40,27.8999996,32.0999985,11.8999996,NA,NA,NA
1118045,"Chastain","CHASTAIN","Fine, mixed, semiactive, acid, thermic Fluvaquentic Endoaquepts","Entisols","Aquents","Fluvaquents","Typic Fluvaquents","fine",-79.7970081,34.5543286000001,5476263,"CL0952",3,31,66,"Bg1","Loam",437888,44.2000008,38.9000015,16.8999996,9.6000004,NA,NA,NA
1118045,"Chastain","CHASTAIN","Fine, mixed, semiactive, acid, thermic Fluvaquentic Endoaquepts","Entisols","Aquents","Fluvaquents","Typic Fluvaquents","fine",-79.7970081,34.5543286000001,5476264,"CL0953",4,66,137,"Bg2","Clay",437889,9.6000004,39,51.4000015,9,NA,NA,NA
1118045,"Chastain","CHASTAIN","Fine, mixed, semiactive, acid, thermic Fluvaquentic Endoaquepts","Entisols","Aquents","Fluvaquents","Typic Fluvaquents","fine",-79.7970081,34.5543286000001,5476265,"CL0954",5,137,191,"2Cg","Loamy sand",437890,78.5,13.1999998,8.3000002,2.5,NA,NA,NA
1118046,"Chenneby","CHENNEBY","Fine-silty, mixed, active, thermic Fluvaquentic Dystrudepts","Inceptisols","Ochrepts","Dystrochrepts","Fluvaquentic Dystrochrepts","fine-silty",-79.7773568,34.551518,5476266,"CL0959",1,0,5,"A","Silt loam",437891,18.8999996,56.7000008,24.3999996,15.3000002,"10YR",4,3
1118046,"Chenneby","CHENNEBY","Fine-silty, mixed, active, thermic Fluvaquentic Dystrudepts","Inceptisols","Ochrepts","Dystrochrepts","Fluvaquentic Dystrochrepts","fine-silty",-79.7773568,34.551518,5476267,"CL0960",2,5,31,"Bw1","Silt loam",437892,13.5,71.9000015,14.6000004,7.9000001,"10YR",5,6
1118046,"Chenneby","CHENNEBY","Fine-silty, mixed, active, thermic Fluvaquentic Dystrudepts","Inceptisols","Ochrepts","Dystrochrepts","Fluvaquentic Dystrochrepts","fine-silty",-79.7773568,34.551518,5476268,"CL0961",3,31,53,"Bw2","Silt loam",437893,8.3999996,67.0999985,24.5,10.8000002,"2.5Y",6,4
1118046,"Chenneby","CHENNEBY","Fine-silty, mixed, active, thermic Fluvaquentic Dystrudepts","Inceptisols","Ochrepts","Dystrochrepts","Fluvaquentic Dystrochrepts","fine-silty",-79.7773568,34.551518,5476269,"CL0962",4,53,99,"Bg1","Silty clay",437894,9.1000004,50.9000015,40,9,"2.5Y",6,2
1118046,"Chenneby","CHENNEBY","Fine-silty, mixed, active, thermic Fluvaquentic Dystrudepts","Inceptisols","Ochrepts","Dystrochrepts","Fluvaquentic Dystrochrepts","fine-silty",-79.7773568,34.551518,5476270,"CL0963",5,99,137,"Bg2","Silty clay loam",437895,8.8999996,51.4000015,39.7000008,11.1000004,"2.5Y",6,2
1118046,"Chenneby","CHENNEBY","Fine-silty, mixed, active, thermic Fluvaquentic Dystrudepts","Inceptisols","Ochrepts","Dystrochrepts","Fluvaquentic Dystrochrepts","fine-silty",-79.7773568,34.551518,5476271,"CL0964",6,137,183,"BCg","Silt loam",437896,29.6000004,50.2999992,20.1000004,6.9000001,"2.5Y",6,2
1118049,"Coxville","COXVILLE","Fine, kaolinitic, thermic Typic Paleaquults","Ultisols","Aquults","Paleaquults","Typic Paleaquults","clayey",-79.6727409,34.5851064,5476284,"CL0965",1,0,15,"A","Loam",437897,40.4000015,39.9000015,19.7000008,15.5,"10YR",3,1
1118049,"Coxville","COXVILLE","Fine, kaolinitic, thermic Typic Paleaquults","Ultisols","Aquults","Paleaquults","Typic Paleaquults","clayey",-79.6727409,34.5851064,5476285,"CL0966",2,15,28,"Btg1","Clay loam",437898,40.9000015,26.2000008,32.9000015,7.9000001,"10YR",4,1
1118049,"Coxville","COXVILLE","Fine, kaolinitic, thermic Typic Paleaquults","Ultisols","Aquults","Paleaquults","Typic Paleaquults","clayey",-79.6727409,34.5851064,5476286,"CL0967",3,28,48,"Btg2","Clay loam",437899,40,27.8999996,32.0999985,7.4000001,"10YR",6,1
1118049,"Coxville","COXVILLE","Fine, kaolinitic, thermic Typic Paleaquults","Ultisols","Aquults","Paleaquults","Typic Paleaquults","clayey",-79.6727409,34.5851064,5476287,"CL0968",4,48,114,"Btg3","Clay",437900,33.9000015,24.7000008,41.4000015,8.8999996,"10YR",6,1
1118049,"Coxville","COXVILLE","Fine, kaolinitic, thermic Typic Paleaquults","Ultisols","Aquults","Paleaquults","Typic Paleaquults","clayey",-79.6727409,34.5851064,5476288,"CL0969",5,114,183,"Btg4","Clay",437901,9.6000004,39,51.4000015,15.5,"10YR",7,1
1118052,"Faceville","FACEVILLE","Fine, kaolinitic, thermic Typic Kandiudults","Ultisols","Udults","Kandiudults","Typic Kandiudults","clayey",-79.6476036,34.6528355,5476301,"CL0710",1,0,5,"Ap","Sandy loam",437902,71.5,10.5,18,3.7,"5YR",4,6
1118052,"Faceville","FACEVILLE","Fine, kaolinitic, thermic Typic Kandiudults","Ultisols","Udults","Kandiudults","Typic Kandiudults","clayey",-79.6476036,34.6528355,5476302,"CL0711",2,5,76,"Bt1","Clay",437903,37.0999985,9.1000004,53.7999992,5.0999999,"2.5YR",4,8
1118052,"Faceville","FACEVILLE","Fine, kaolinitic, thermic Typic Kandiudults","Ultisols","Udults","Kandiudults","Typic Kandiudults","clayey",-79.6476036,34.6528355,5476303,"CL0712",3,76,107,"Bt2","Clay",437904,35,8.1999998,56.7999992,5.6999998,"2.5YR",4,8
1118052,"Faceville","FACEVILLE","Fine, kaolinitic, thermic Typic Kandiudults","Ultisols","Udults","Kandiudults","Typic Kandiudults","clayey",-79.6476036,34.6528355,5476304,"CL0713",4,107,132,"Bt3","Clay",437905,36.5999985,7.8000002,55.5999985,4.8000002,"2.5YR",4,8
1118052,"Faceville","FACEVILLE","Fine, kaolinitic, thermic Typic Kandiudults","Ultisols","Udults","Kandiudults","Typic Kandiudults","clayey",-79.6476036,34.6528355,5476305,"CL0714",5,132,165,"Bt4","Clay",437906,39.9000015,6,54.0999985,4.1999998,"2.5YR",4,8
1118053,"Foxworth","FOXWORTH","Thermic, coated Typic Quartzipsamments","Entisols","Psamments","Quartzipsamments","Typic Quartzipsamments","sandy",-79.5995454,34.3973936,5476306,"CL0721",1,0,23,"A","Sand",437907,92.9000015,3.7,3.4000001,2.7,"10YR",4,3
1118053,"Foxworth","FOXWORTH","Thermic, coated Typic Quartzipsamments","Entisols","Psamments","Quartzipsamments","Typic Quartzipsamments","sandy",-79.5995454,34.3973936,5476307,"CL0722",2,23,69,"C1","Sand",437908,91.8000031,3.5999999,4.5999999,1.7,"7.5YR",6,6
1118053,"Foxworth","FOXWORTH","Thermic, coated Typic Quartzipsamments","Entisols","Psamments","Quartzipsamments","Typic Quartzipsamments","sandy",-79.5995454,34.3973936,5476308,"CL0723",3,69,102,"C2","Sand",437909,90.5,4.3000002,5.1999998,1.6,"7.5YR",5,8
1118053,"Foxworth","FOXWORTH","Thermic, coated Typic Quartzipsamments","Entisols","Psamments","Quartzipsamments","Typic Quartzipsamments","sandy",-79.5995454,34.3973936,5476309,"CL0724",4,102,147,"C3","Sand",437910,95.4000015,2.0999999,2.5,0.9,"10YR",7,4
1118053,"Foxworth","FOXWORTH","Thermic, coated Typic Quartzipsamments","Entisols","Psamments","Quartzipsamments","Typic Quartzipsamments","sandy",-79.5995454,34.3973936,5476310,"CL0725",5,147,178,"C4","Sand",437911,94.9000015,3.0999999,2,0.6,"10YR",7,3
1118053,"Foxworth","FOXWORTH","Thermic, coated Typic Quartzipsamments","Entisols","Psamments","Quartzipsamments","Typic Quartzipsamments","sandy",-79.5995454,34.3973936,5476311,"CL0726",6,178,203,"C5","Sand",437912,96.0999985,2.4000001,1.5,0.5,"10YR",7,2
1118056,"Johnston","JOHNSTON","Coarse-loamy, siliceous, active, acid, thermic Cumulic Humaquepts","Inceptisols","Aquepts","Humaquepts","Cumulic Humaquepts","coarse-loamy",-79.5952364999999,34.3680549000001,5476323,"CL1115",1,0,58,"A1","Sandy loam",437913,57.9000015,32.9000015,9.1999998,21.2999992,"10YR",2,1
1118056,"Johnston","JOHNSTON","Coarse-loamy, siliceous, active, acid, thermic Cumulic Humaquepts","Inceptisols","Aquepts","Humaquepts","Cumulic Humaquepts","coarse-loamy",-79.5952364999999,34.3680549000001,5476324,"CL1116",2,58,102,"A2","Coarse sandy loam",437914,78.0999985,13.3999996,8.5,9.1000004,"10YR",2,1
1118056,"Johnston","JOHNSTON","Coarse-loamy, siliceous, active, acid, thermic Cumulic Humaquepts","Inceptisols","Aquepts","Humaquepts","Cumulic Humaquepts","coarse-loamy",-79.5952364999999,34.3680549000001,5476325,"CL1117",3,102,132,"Cg1","Loamy coarse sand",437915,83.3000031,10.6999998,6,3.9000001,"10YR",4,1
1118056,"Johnston","JOHNSTON","Coarse-loamy, siliceous, active, acid, thermic Cumulic Humaquepts","Inceptisols","Aquepts","Humaquepts","Cumulic Humaquepts","coarse-loamy",-79.5952364999999,34.3680549000001,5476326,"CL1118",4,132,152,"Cg2","Loamy coarse sand",437916,81.0999985,11.3999996,7.5,3.8,"10YR",5,1
1118069,"Pamlico","PAMLICO","Sandy or sandy-skeletal, siliceous, dysic, thermic Terric Haplosaprists","Histosols","Saprists","Haplosaprists","Terric Haplosaprists","sandy or sandy-skeletal",-79.6006886,34.3657663000001,5476404,"CL0818",1,0,51,"Oa1","",437917,NA,NA,NA,42.5999985,"10YR",2,1
1118069,"Pamlico","PAMLICO","Sandy or sandy-skeletal, siliceous, dysic, thermic Terric Haplosaprists","Histosols","Saprists","Haplosaprists","Terric Haplosaprists","sandy or sandy-skeletal",-79.6006886,34.3657663000001,5476405,"CL0819",2,51,107,"Oa2","",437918,NA,NA,NA,44.4000015,"10YR",3,2
1118069,"Pamlico","PAMLICO","Sandy or sandy-skeletal, siliceous, dysic, thermic Terric Haplosaprists","Histosols","Saprists","Haplosaprists","Terric Haplosaprists","sandy or sandy-skeletal",-79.6006886,34.3657663000001,5476406,"CL0820",3,107,152,"2Cg","Sand",437919,95.0999985,3.5,1.4,3.3,"10YR",6,1
1118074,"Riverview","RIVERVIEW","Fine-loamy, mixed, active, thermic Fluventic Dystrudepts","Inceptisols","Ochrepts","Dystrochrepts","Fluventic Dystrochrepts","fine-loamy",-79.8242506,34.5444553,5476427,"CL0769",1,0,28,"Ap","Fine sandy loam",437920,68.5999985,20.7999992,10.6000004,3.5,"10YR",5,3
1118074,"Riverview","RIVERVIEW","Fine-loamy, mixed, active, thermic Fluventic Dystrudepts","Inceptisols","Ochrepts","Dystrochrepts","Fluventic Dystrochrepts","fine-loamy",-79.8242506,34.5444553,5476428,"CL0770",2,28,66,"Bw1","Fine sandy loam",437921,62,21,17,4.0999999,"10YR",5,6
1118074,"Riverview","RIVERVIEW","Fine-loamy, mixed, active, thermic Fluventic Dystrudepts","Inceptisols","Ochrepts","Dystrochrepts","Fluventic Dystrochrepts","fine-loamy",-79.8242506,34.5444553,5476429,"CL0771",3,66,91,"Bw2","Loam",437922,51.2999992,28.7999992,19.8999996,4.9000001,"7.5YR",5,6
1118074,"Riverview","RIVERVIEW","Fine-loamy, mixed, active, thermic Fluventic Dystrudepts","Inceptisols","Ochrepts","Dystrochrepts","Fluventic Dystrochrepts","fine-loamy",-79.8242506,34.5444553,5476430,"CL0772",4,91,125,"C1","Fine sandy loam",437923,71,15.1999998,13.8000002,3.8,"7.5YR",5,4
1118074,"Riverview","RIVERVIEW","Fine-loamy, mixed, active, thermic Fluventic Dystrudepts","Inceptisols","Ochrepts","Dystrochrepts","Fluventic Dystrochrepts","fine-loamy",-79.8242506,34.5444553,5476431,"CL0773",5,125,183,"C2","",437924,74.1999969,15.1999998,10.6000004,2.8,"7.5YR",5,6
1118079,"Ailey","AILEY","Loamy, siliceous, thermic Arenic Kanhapludults","Ultisols","Udults","Kanhapludults","Arenic Kanhapludults","loamy",-81.1846877,33.3766726000001,NA,NA,NA,NA,NA,NA,NA,NA,NA,NA,NA,NA,NA,NA,NA
1118080,"Ailey","AILEY","Loamy, kaolinitic, thermic Arenic Kanhapludults","Ultisols","Udults","Kanhapludults","Arenic Kanhapludults","loamy",-80.9395444,33.6736722000001,5476465,"CL0514",1,0,18,"A","Sand",437816,91.9000015,4.5999999,3.5,0.9,"10YR",5,3
1118080,"Ailey","AILEY","Loamy, kaolinitic, thermic Arenic Kanhapludults","Ultisols","Udults","Kanhapludults","Arenic Kanhapludults","loamy",-80.9395444,33.6736722000001,5476466,"CL0515",2,18,74,"E","Sand",437817,88.6999969,7.9000001,3.4000001,1.7,"10YR",6,4
1118080,"Ailey","AILEY","Loamy, kaolinitic, thermic Arenic Kanhapludults","Ultisols","Udults","Kanhapludults","Arenic Kanhapludults","loamy",-80.9395444,33.6736722000001,5476467,"CL0516",3,74,102,"Bt","Sandy loam",437818,75.5999985,7.0999999,17.2999992,3.2,"7.5YR",6,6
1118080,"Ailey","AILEY","Loamy, kaolinitic, thermic Arenic Kanhapludults","Ultisols","Udults","Kanhapludults","Arenic Kanhapludults","loamy",-80.9395444,33.6736722000001,5476468,"CL0517",4,102,132,"Btx","Sandy clay",437819,59.4000015,5.1999998,35.4000015,2.2,"7.5YR",6,6
1118080,"Ailey","AILEY","Loamy, kaolinitic, thermic Arenic Kanhapludults","Ultisols","Udults","Kanhapludults","Arenic Kanhapludults","loamy",-80.9395444,33.6736722000001,5476469,"CL0518",5,132,173,"C","Sandy clay loam",437820,72.6999969,2.0999999,25.2000008,5,"2.5YR",4,8
1118082,"Congaree","CONGAREE","Fine-loamy, mixed, active, nonacid, thermic Oxyaquic Udifluvents","Entisols","Fluvents","Udifluvents","Typic Udifluvents","fine-loamy",-80.9038070999999,33.8085675,5476475,"CL0603",1,0,23,"A","Sandy loam",437826,53.2000008,29,17.7999992,6.5,"7.5YR",4,4
1118082,"Congaree","CONGAREE","Fine-loamy, mixed, active, nonacid, thermic Oxyaquic Udifluvents","Entisols","Fluvents","Udifluvents","Typic Udifluvents","fine-loamy",-80.9038070999999,33.8085675,5476476,"CL0604",2,23,74,"C1","Loam",437827,43.7000008,36.5999985,19.7000008,5.9000001,"7.5YR",4,3
1118082,"Congaree","CONGAREE","Fine-loamy, mixed, active, nonacid, thermic Oxyaquic Udifluvents","Entisols","Fluvents","Udifluvents","Typic Udifluvents","fine-loamy",-80.9038070999999,33.8085675,5476477,"CL0605",3,74,102,"C2","Loam",437828,43.2000008,37.0999985,19.7000008,6.5,"7.5YR",4,4
1118082,"Congaree","CONGAREE","Fine-loamy, mixed, active, nonacid, thermic Oxyaquic Udifluvents","Entisols","Fluvents","Udifluvents","Typic Udifluvents","fine-loamy",-80.9038070999999,33.8085675,5476478,"CL0606",4,102,127,"C3","Sandy clay loam",437829,52.0999985,27.7000008,20.2000008,7.3000002,"7.5YR",4,4
1118082,"Congaree","CONGAREE","Fine-loamy, mixed, active, nonacid, thermic Oxyaquic Udifluvents","Entisols","Fluvents","Udifluvents","Typic Udifluvents","fine-loamy",-80.9038070999999,33.8085675,5476479,"CL0607",5,127,203,"C4","Fine sandy loam",437830,67.8000031,18.5,13.6999998,3.8,"2.5Y",5,4
1118083,"Coxville","COXVILLE","Fine, kaolinitic, thermic Typic Paleaquults","Ultisols","Aquults","Paleaquults","Typic Paleaquults","clayey",-80.6555645,33.5446622000001,5476480,"CL0540",1,0,15,"A","Sandy loam",437831,66.3000031,19.7000008,14,4.8000002,"10YR",3,1
1118083,"Coxville","COXVILLE","Fine, kaolinitic, thermic Typic Paleaquults","Ultisols","Aquults","Paleaquults","Typic Paleaquults","clayey",-80.6555645,33.5446622000001,5476481,"CL0541",2,15,25,"Btg1","Sandy clay loam",437832,53.5999985,21.1000004,25.2999992,3.4000001,"10YR",5,1
1118083,"Coxville","COXVILLE","Fine, kaolinitic, thermic Typic Paleaquults","Ultisols","Aquults","Paleaquults","Typic Paleaquults","clayey",-80.6555645,33.5446622000001,5476482,"CL0542",3,25,79,"Btg2","Clay loam",437833,41.9000015,18.2999992,39.7999992,6.5999999,"10YR",5,1
1118083,"Coxville","COXVILLE","Fine, kaolinitic, thermic Typic Paleaquults","Ultisols","Aquults","Paleaquults","Typic Paleaquults","clayey",-80.6555645,33.5446622000001,5476483,"CL0543",4,79,112,"Btg3","Clay",437834,38.7000008,12.1999998,49.0999985,7.8000002,"10YR",5,1
1118083,"Coxville","COXVILLE","Fine, kaolinitic, thermic Typic Paleaquults","Ultisols","Aquults","Paleaquults","Typic Paleaquults","clayey",-80.6555645,33.5446622000001,5476484,"CL0544",5,112,158,"Btg4","Sandy clay",437835,47,9.3999996,43.5999985,6.3000002,"10YR",6,1
1118085,"Elloree","ELLOREE","Loamy, siliceous, active, thermic Arenic Endoaqualfs","Alfisols","Aqualfs","Endoaqualfs","Arenic Endoaqualfs","loamy",-80.6725192,33.4850924,5476491,"CL0646",1,0,23,"A","Loamy sand",437836,83.4000015,13.1999998,3.4000001,10.3999996,"10YR",3,1
1118085,"Elloree","ELLOREE","Loamy, siliceous, active, thermic Arenic Endoaqualfs","Alfisols","Aqualfs","Endoaqualfs","Arenic Endoaqualfs","loamy",-80.6725192,33.4850924,5476492,"CL0647",2,23,74,"E","Sand",437837,90.5,8.3999996,1.1,0.1,"10YR",7,2
1118085,"Elloree","ELLOREE","Loamy, siliceous, active, thermic Arenic Endoaqualfs","Alfisols","Aqualfs","Endoaqualfs","Arenic Endoaqualfs","loamy",-80.6725192,33.4850924,5476493,"CL0648",3,74,102,"Btg1","Fine sandy loam",437838,76.3000031,12.6999998,11,3.7,"10YR",7,2
1118085,"Elloree","ELLOREE","Loamy, siliceous, active, thermic Arenic Endoaqualfs","Alfisols","Aqualfs","Endoaqualfs","Arenic Endoaqualfs","loamy",-80.6725192,33.4850924,5476494,"CL0649",4,102,122,"Btg2","Sandy clay loam",437839,67.5,12.1000004,20.3999996,5.9000001,"N",6,NA
1118085,"Elloree","ELLOREE","Loamy, siliceous, active, thermic Arenic Endoaqualfs","Alfisols","Aqualfs","Endoaqualfs","Arenic Endoaqualfs","loamy",-80.6725192,33.4850924,5476495,"CL0650",5,122,158,"Cg","Fine sandy loam",437840,75.5,12.3000002,12.1999998,35,"10YR",6,1
1118087,"Faceville","FACEVILLE","Fine, kaolinitic, thermic Typic Kandiudults","Ultisols","Udults","Kandiudults","Typic Kandiudults","clayey",-80.7392138,33.6616982,5476504,"CL0509",2,0,13,"Ap","Fine sandy loam",437850,73.4000015,14.3000002,12.3000002,2.3,"7.5YR",5,4
1118087,"Faceville","FACEVILLE","Fine, kaolinitic, thermic Typic Kandiudults","Ultisols","Udults","Kandiudults","Typic Kandiudults","clayey",-80.7392138,33.6616982,5476505,"CL0511",3,23,86,"Bt1","Clay",437851,38.5999985,9.5,51.9000015,4.6999998,"2.5YR",4,6
1118087,"Faceville","FACEVILLE","Fine, kaolinitic, thermic Typic Kandiudults","Ultisols","Udults","Kandiudults","Typic Kandiudults","clayey",-80.7392138,33.6616982,5476506,"CL0512",4,86,122,"Bt2","Clay",437852,40.5,10.3000002,49.2000008,3.7,"2.5YR",4,6
1118087,"Faceville","FACEVILLE","Fine, kaolinitic, thermic Typic Kandiudults","Ultisols","Udults","Kandiudults","Typic Kandiudults","clayey",-80.7392138,33.6616982,5476507,"CL0513",5,122,155,"Bt3","Clay",437853,43.4000015,12.3999996,44.2000008,1.7,"2.5YR",4,6
1118087,"Faceville","FACEVILLE","Fine, kaolinitic, thermic Typic Kandiudults","Ultisols","Udults","Kandiudults","Typic Kandiudults","clayey",-80.7392138,33.6616982,5785412,"CL0510",1,13,23,"AB","Fine sandy loam",437849,67.6999969,13.1999998,19.1000004,2.2,"7.5YR",5,4
1118088,"Fuquay","FUQUAY","Loamy, kaolinitic, thermic Arenic Plinthic Kandiudults","Ultisols","Udults","Kandiudults","Arenic Plinthic Kandiudults","loamy",-80.6579417999999,33.4825796000001,5476508,"CL0651",1,0,18,"Ap","Sand",437854,90.4000015,7.5,2.0999999,1.4,"10YR",4,2
1118088,"Fuquay","FUQUAY","Loamy, kaolinitic, thermic Arenic Plinthic Kandiudults","Ultisols","Udults","Kandiudults","Arenic Plinthic Kandiudults","loamy",-80.6579417999999,33.4825796000001,5476509,"CL0652",2,18,58,"E","Sand",437855,88.5999985,9.3999996,2,0.5,"10YR",6,4
1118088,"Fuquay","FUQUAY","Loamy, kaolinitic, thermic Arenic Plinthic Kandiudults","Ultisols","Udults","Kandiudults","Arenic Plinthic Kandiudults","loamy",-80.6579417999999,33.4825796000001,5476510,"CL0653",3,58,105,"Bt","Sandy clay loam",437856,60.2000008,8.1999998,31.6000004,4.3000002,"7.5YR",5,6
1118088,"Fuquay","FUQUAY","Loamy, kaolinitic, thermic Arenic Plinthic Kandiudults","Ultisols","Udults","Kandiudults","Arenic Plinthic Kandiudults","loamy",-80.6579417999999,33.4825796000001,5476511,"CL0654",4,105,135,"Btv1","Sandy clay loam",437857,59.4000015,10.8000002,29.7999992,3.3,"7.5YR",5,8
1118088,"Fuquay","FUQUAY","Loamy, kaolinitic, thermic Arenic Plinthic Kandiudults","Ultisols","Udults","Kandiudults","Arenic Plinthic Kandiudults","loamy",-80.6579417999999,33.4825796000001,5476512,"CL0655",5,135,160,"Btv2","Sandy clay",437858,51.9000015,8.8000002,39.2999992,4.9000001,"7.5YR",5,8
1118090,"Greenville","GREENVILLE","Fine, kaolinitic, thermic Rhodic Kandiudults","Ultisols","Udults","Kandiudults","Rhodic Kandiudults","fine",-80.6654823,33.7103856000001,5476519,"CL0567",1,0,18,"Ap","Fine sandy loam",437859,78.1999969,9.8999996,11.8999996,1.5,"5YR",5,6
1118090,"Greenville","GREENVILLE","Fine, kaolinitic, thermic Rhodic Kandiudults","Ultisols","Udults","Kandiudults","Rhodic Kandiudults","fine",-80.6654823,33.7103856000001,5476520,"CL0568",2,18,31,"Bt1","Sandy clay",437860,49.2000008,11.1000004,39.7000008,2.5999999,"2.5YR",3,6
1118090,"Greenville","GREENVILLE","Fine, kaolinitic, thermic Rhodic Kandiudults","Ultisols","Udults","Kandiudults","Rhodic Kandiudults","fine",-80.6654823,33.7103856000001,5476521,"CL0569",3,31,79,"Bt2","Clay",437861,41.7000008,8.6000004,49.7000008,4,"2.5YR",3,6
1118090,"Greenville","GREENVILLE","Fine, kaolinitic, thermic Rhodic Kandiudults","Ultisols","Udults","Kandiudults","Rhodic Kandiudults","fine",-80.6654823,33.7103856000001,5476522,"CL0570",4,79,173,"Bt3","Clay",437862,43.2000008,9,47.7999992,3.7,"10R",3,6
1118092,"Johnston","JOHNSTON","Coarse-loamy, siliceous, active, acid, thermic Cumulic Humaquepts","Inceptisols","Aquepts","Humaquepts","Cumulic Humaquepts","coarse-loamy",-80.6679973,33.5688868,5476530,"CL0590",2,0,15,"A1","Loamy sand",437864,84.3000031,7.5,8.1999998,4.1999998,"10YR",2,1
1118092,"Johnston","JOHNSTON","Coarse-loamy, siliceous, active, acid, thermic Cumulic Humaquepts","Inceptisols","Aquepts","Humaquepts","Cumulic Humaquepts","coarse-loamy",-80.6679973,33.5688868,5476531,"CL0592",3,86,140,"Cg1","Loamy fine sand",437865,82.8000031,8.3000002,8.8999996,2.2,"2.5Y",5,2
1118092,"Johnston","JOHNSTON","Coarse-loamy, siliceous, active, acid, thermic Cumulic Humaquepts","Inceptisols","Aquepts","Humaquepts","Cumulic Humaquepts","coarse-loamy",-80.6679973,33.5688868,5476532,"CL0593",4,140,165,"Cg2","Sand",437866,93.9000015,3,3.0999999,1,"10YR",7,1
1118092,"Johnston","JOHNSTON","Coarse-loamy, siliceous, active, acid, thermic Cumulic Humaquepts","Inceptisols","Aquepts","Humaquepts","Cumulic Humaquepts","coarse-loamy",-80.6679973,33.5688868,5785409,"CL0591",1,15,86,"A2","Fine sandy loam",437863,77.0999985,14.3000002,8.6000004,6.1999998,"10YR",2,1
1118093,"Lucy","LUCY","Loamy, kaolinitic, thermic Arenic Kandiudults","Ultisols","Udults","Kandiudults","Arenic Kandiudults","loamy",-80.7663706,33.6727193,5476533,"CL0608",1,0,18,"Ap","Coarse sand",437867,91.5,6,2.5,1.5,"10YR",4,3
1118093,"Lucy","LUCY","Loamy, kaolinitic, thermic Arenic Kandiudults","Ultisols","Udults","Kandiudults","Arenic Kandiudults","loamy",-80.7663706,33.6727193,5476534,"CL0609",2,18,66,"E","Sand",437868,88.3000031,9.1000004,2.5999999,0.8,"10YR",6,4
1118093,"Lucy","LUCY","Loamy, kaolinitic, thermic Arenic Kandiudults","Ultisols","Udults","Kandiudults","Arenic Kandiudults","loamy",-80.7663706,33.6727193,5476535,"CL0610",3,66,117,"Bt1","Sandy clay loam",437869,60.2999992,8.3999996,31.2999992,2.7,"2.5YR",4,8
1118093,"Lucy","LUCY","Loamy, kaolinitic, thermic Arenic Kandiudults","Ultisols","Udults","Kandiudults","Arenic Kandiudults","loamy",-80.7663706,33.6727193,5476536,"CL0611",4,117,160,"Bt2","Sandy clay loam",437870,64.6999969,7.1999998,28.1000004,3,"2.5YR",5,8
1118097,"Norfolk","NORFOLK","Fine-loamy, kaolinitic, thermic Typic Kandiudults","Ultisols","Udults","Kandiudults","Typic Kandiudults","fine-loamy",-80.6953138,33.5430228000001,5476554,"CL0830",1,0,23,"Ap","Sand",437871,85.9000015,12.5,1.6,1.9,"10YR",5,2
1118097,"Norfolk","NORFOLK","Fine-loamy, kaolinitic, thermic Typic Kandiudults","Ultisols","Udults","Kandiudults","Typic Kandiudults","fine-loamy",-80.6953138,33.5430228000001,5476555,"CL0831",2,23,28,"E","Loamy sand",437872,81.3000031,16.3999996,2.3,7.5999999,"10YR",6,4
1118097,"Norfolk","NORFOLK","Fine-loamy, kaolinitic, thermic Typic Kandiudults","Ultisols","Udults","Kandiudults","Typic Kandiudults","fine-loamy",-80.6953138,33.5430228000001,5476556,"CL0832",3,28,91,"Bt1","Sandy clay loam",437873,60.9000015,14.6999998,24.3999996,1.7,"10YR",5,6
1118097,"Norfolk","NORFOLK","Fine-loamy, kaolinitic, thermic Typic Kandiudults","Ultisols","Udults","Kandiudults","Typic Kandiudults","fine-loamy",-80.6953138,33.5430228000001,5476557,"CL0833",4,91,130,"Bt2","Sandy clay loam",437874,62,11.5,26.5,2,"10YR",5,6
1118097,"Norfolk","NORFOLK","Fine-loamy, kaolinitic, thermic Typic Kandiudults","Ultisols","Udults","Kandiudults","Typic Kandiudults","fine-loamy",-80.6953138,33.5430228000001,5476558,"CL0834",5,130,158,"Bt3","Sandy clay loam",437875,63.2000008,12.6999998,24.1000004,4,"10YR",5,6
1118099,"Orangeburg","ORANGEBURG","Fine-loamy, kaolinitic, thermic Typic Kandiudults","Ultisols","Udults","Kandiudults","Typic Kandiudults","fine-loamy",-80.9329499,33.6751062000001,5476565,"CL0523",1,0,18,"Ap","Loamy sand",437876,84.6999969,10,5.3000002,2,"10YR",4,3
1118099,"Orangeburg","ORANGEBURG","Fine-loamy, kaolinitic, thermic Typic Kandiudults","Ultisols","Udults","Kandiudults","Typic Kandiudults","fine-loamy",-80.9329499,33.6751062000001,5476566,"CL0524",2,18,41,"E","Loamy sand",437877,81.4000015,12.1000004,6.5,3.5999999,"7.5YR",6,6
1118099,"Orangeburg","ORANGEBURG","Fine-loamy, kaolinitic, thermic Typic Kandiudults","Ultisols","Udults","Kandiudults","Typic Kandiudults","fine-loamy",-80.9329499,33.6751062000001,5476567,"CL0525",3,41,89,"Bt1","Sandy clay loam",437878,65.4000015,10.1999998,24.3999996,3.3,"5YR",5,6
1118099,"Orangeburg","ORANGEBURG","Fine-loamy, kaolinitic, thermic Typic Kandiudults","Ultisols","Udults","Kandiudults","Typic Kandiudults","fine-loamy",-80.9329499,33.6751062000001,5476568,"CL0526",4,89,147,"Bt2","Sandy clay loam",437879,66.5999985,8.5,24.8999996,3.2,"2.5YR",4,6
1118099,"Orangeburg","ORANGEBURG","Fine-loamy, kaolinitic, thermic Typic Kandiudults","Ultisols","Udults","Kandiudults","Typic Kandiudults","fine-loamy",-80.9329499,33.6751062000001,5476569,"CL0527",5,147,191,"Bt3","Sandy clay loam",437880,64.6999969,6.5999999,28.7000008,3.4000001,"2.5YR",5,8
1126207,"Dothan","DOTHAN","Fine-loamy, kaolinitic, thermic Plinthic Kandiudults","Ultisols","Udults","Kandiudults","Plinthic Kandiudults","fine-loamy",-80.6547399999999,33.4749400000001,5525038,"CL0641",1,18,33,"E","Fine sand",437810,87.8000031,9.6999998,2.5,0.7,"10YR",6,4
1126207,"Dothan","DOTHAN","Fine-loamy, kaolinitic, thermic Plinthic Kandiudults","Ultisols","Udults","Kandiudults","Plinthic Kandiudults","fine-loamy",-80.6547399999999,33.4749400000001,5525039,"CL0644",6,102,125,"Btv1","Sandy clay",437815,52,9.6000004,38.4000015,4,"10YR",6,8
1126207,"Dothan","DOTHAN","Fine-loamy, kaolinitic, thermic Plinthic Kandiudults","Ultisols","Udults","Kandiudults","Plinthic Kandiudults","fine-loamy",-80.6547399999999,33.4749400000001,5525040,"CL0642",4,33,74,"Bt1","Sandy clay loam",437813,67,10.6999998,22.2999992,3,"10YR",5,6
1126207,"Dothan","DOTHAN","Fine-loamy, kaolinitic, thermic Plinthic Kandiudults","Ultisols","Udults","Kandiudults","Plinthic Kandiudults","fine-loamy",-80.6547399999999,33.4749400000001,5525041,"CL0645",2,125,158,"Btv2","Sandy clay",437811,48.9000015,7.9000001,43.2000008,4.9000001,"10YR",6,6
1126207,"Dothan","DOTHAN","Fine-loamy, kaolinitic, thermic Plinthic Kandiudults","Ultisols","Udults","Kandiudults","Plinthic Kandiudults","fine-loamy",-80.6547399999999,33.4749400000001,5525042,"CL0643",3,74,102,"Bt2","Sandy clay loam",437812,55.4000015,10.1000004,34.5,3.3,"10YR",5,6
1126207,"Dothan","DOTHAN","Fine-loamy, kaolinitic, thermic Plinthic Kandiudults","Ultisols","Udults","Kandiudults","Plinthic Kandiudults","fine-loamy",-80.6547399999999,33.4749400000001,5525043,"CL0640",5,0,18,"Ap","Fine sand",437814,90.8000031,7.0999999,2.0999999,1,"10YR",4,3
1126215,"Troup","TROUP","Loamy, kaolinitic, thermic Grossarenic Kandiudults","Ultisols","Udults","Kandiudults","Grossarenic Kandiudults","loamy",-81.182,33.2370000000001,5525105,"CL0944",1,0,13,"A","Sand",437770,92.0999985,7.0999999,0.8,2.5,"10YR",5,3
1126215,"Troup","TROUP","Loamy, kaolinitic, thermic Grossarenic Kandiudults","Ultisols","Udults","Kandiudults","Grossarenic Kandiudults","loamy",-81.182,33.2370000000001,5525106,"CL0947",4,132,145,"BE","Loamy sand",437773,87.8000031,5.6999998,6.5,3.4000001,"10YR",6,6
1126215,"Troup","TROUP","Loamy, kaolinitic, thermic Grossarenic Kandiudults","Ultisols","Udults","Kandiudults","Grossarenic Kandiudults","loamy",-81.182,33.2370000000001,5525107,"CL0948",5,145,168,"Bt1","Sandy clay loam",437774,73.6999969,5.9000001,20.3999996,3.3,"7.5YR",5,8
1126215,"Troup","TROUP","Loamy, kaolinitic, thermic Grossarenic Kandiudults","Ultisols","Udults","Kandiudults","Grossarenic Kandiudults","loamy",-81.182,33.2370000000001,5525108,"CL0945",2,13,86,"E1","Sand",437771,91.3000031,8.1999998,0.5,9.1999998,"10YR",7,4
1126215,"Troup","TROUP","Loamy, kaolinitic, thermic Grossarenic Kandiudults","Ultisols","Udults","Kandiudults","Grossarenic Kandiudults","loamy",-81.182,33.2370000000001,5525109,"CL0949",6,168,203,"Bt2","Fine sandy loam",437775,78,5,17,2.3,"2.5YR",4,8
1126215,"Troup","TROUP","Loamy, kaolinitic, thermic Grossarenic Kandiudults","Ultisols","Udults","Kandiudults","Grossarenic Kandiudults","loamy",-81.182,33.2370000000001,5525110,"CL0946",3,86,132,"E2","Sand",437772,90.3000031,8.6000004,1.1,2.5999999,"10YR",7,4
979143,"","",NA,"Ultisols","Udults","Kandiudults","Arenic Kandiudults","loamy",-84.4664693999999,31.1960694000001,NA,NA,NA,NA,NA,NA,NA,NA,NA,NA,NA,NA,NA,NA,NA
830265,"Norfolk","NORFOLK","Fine-loamy, kaolinitic, thermic Typic Kandiudults","Ultisols","Udults","Kandiudults","Typic Kandiudults","fine-loamy",-84.4916056,31.1975139,4016958,"18N00982",13,0,7,"A","Loamy sand",444204,84.8000031,10.3999996,4.8000002,NA,"10YR",2,2
830265,"Norfolk","NORFOLK","Fine-loamy, kaolinitic, thermic Typic Kandiudults","Ultisols","Udults","Kandiudults","Typic Kandiudults","fine-loamy",-84.4916056,31.1975139,4016959,"18N00983",14,7,25,"E","Loamy sand",444205,84.1999969,10.8999996,4.9000001,NA,"10YR",4,3
830265,"Norfolk","NORFOLK","Fine-loamy, kaolinitic, thermic Typic Kandiudults","Ultisols","Udults","Kandiudults","Typic Kandiudults","fine-loamy",-84.4916056,31.1975139,4016960,"18N00984",15,25,40,"EB","Loamy sand",444206,82,11.5,6.5,NA,"10YR",4,6
830265,"Norfolk","NORFOLK","Fine-loamy, kaolinitic, thermic Typic Kandiudults","Ultisols","Udults","Kandiudults","Typic Kandiudults","fine-loamy",-84.4916056,31.1975139,4016961,"18N00985",16,40,100,"BE","Loamy sand",444207,81.4000015,9.1000004,9.5,NA,"10YR",5,6
830266,"Benevolence","BENEVOLENCE","Coarse-loamy, kaolinitic, thermic Typic Kandiudults","Ultisols","Udults","Kandiudults","Typic Kandiudults","coarse-loamy",-84.4685306,31.2103611000001,4016962,"18N00978",9,0,12,"A","Loamy sand",444200,85.5999985,8.6000004,5.8000002,NA,"10YR",3,2
830266,"Benevolence","BENEVOLENCE","Coarse-loamy, kaolinitic, thermic Typic Kandiudults","Ultisols","Udults","Kandiudults","Typic Kandiudults","coarse-loamy",-84.4685306,31.2103611000001,4016963,"18N00979",10,12,20,"E","Sand",444201,88.5,6.4000001,5.0999999,NA,"7.5YR",4,3
830266,"Benevolence","BENEVOLENCE","Coarse-loamy, kaolinitic, thermic Typic Kandiudults","Ultisols","Udults","Kandiudults","Typic Kandiudults","coarse-loamy",-84.4685306,31.2103611000001,4016964,"18N00980",11,20,66,"Bt1","Loamy sand",444202,81.5999985,7.0999999,11.3000002,NA,"2.5YR",4,6
830266,"Benevolence","BENEVOLENCE","Coarse-loamy, kaolinitic, thermic Typic Kandiudults","Ultisols","Udults","Kandiudults","Typic Kandiudults","coarse-loamy",-84.4685306,31.2103611000001,4016965,"18N00981",12,66,100,"Bt2","Fine sandy loam",444203,75.8000031,7.1999998,17,NA,"2.5YR",3,6
832856,"Wagram","WAGRAM","Loamy, kaolinitic, thermic Arenic Kandiudults","Ultisols","Udults","Kandiudults","Arenic Kandiudults","loamy",-84.4548222,31.1832278000001,4043433,"18N00986",17,0,17,"A","Coarse sand",444208,88.8000031,6.4000001,4.8000002,NA,"10YR",2,1
832856,"Wagram","WAGRAM","Loamy, kaolinitic, thermic Arenic Kandiudults","Ultisols","Udults","Kandiudults","Arenic Kandiudults","loamy",-84.4548222,31.1832278000001,4043434,"18N00987",18,17,56,"E1","Coarse sand",444209,89.6999969,5.5,4.8000002,NA,"10YR",4,2
832856,"Wagram","WAGRAM","Loamy, kaolinitic, thermic Arenic Kandiudults","Ultisols","Udults","Kandiudults","Arenic Kandiudults","loamy",-84.4548222,31.1832278000001,4043435,"18N00988",19,56,72,"E2","Coarse sand",444210,90.5,4.6999998,4.8000002,NA,"10YR",4,1
832856,"Wagram","WAGRAM","Loamy, kaolinitic, thermic Arenic Kandiudults","Ultisols","Udults","Kandiudults","Arenic Kandiudults","loamy",-84.4548222,31.1832278000001,4043436,"18N00989",20,72,100,"EBt","Loamy coarse sand",444211,87.4000015,1.1,11.5,NA,"10YR",7,6
1103919,"Bigbee","BIGBEE","Thermic, coated Typic Quartzipsamments","Entisols","Psamments","Quartzipsamments","Typic Quartzipsamments",NA,-84.4673999999999,31.1982400000001,5309535,"18N00993",24,0,11,"A","Fine sand",444022,91.5,5.9000001,2.5999999,NA,"10YR",4,2
1103919,"Bigbee","BIGBEE","Thermic, coated Typic Quartzipsamments","Entisols","Psamments","Quartzipsamments","Typic Quartzipsamments",NA,-84.4673999999999,31.1982400000001,5309536,"18N00994",25,11,72,"C1","Fine sand",444023,90.5,5,4.5,NA,NA,NA,NA
1103919,"Bigbee","BIGBEE","Thermic, coated Typic Quartzipsamments","Entisols","Psamments","Quartzipsamments","Typic Quartzipsamments",NA,-84.4673999999999,31.1982400000001,5309537,"18N00995",26,72,100,"C2","Fine sand",444024,90,4.6999998,5.3000002,NA,NA,NA,NA
1103920,"Bigbee","BIGBEE","Thermic, coated Typic Quartzipsamments","Entisols","Psamments","Quartzipsamments","Typic Quartzipsamments",NA,-84.472313,31.1804694,5309538,"18N01068",99,0,16,"A","Sand",444097,95.1999969,3.5,1.3,NA,"10YR",4,2
1103920,"Bigbee","BIGBEE","Thermic, coated Typic Quartzipsamments","Entisols","Psamments","Quartzipsamments","Typic Quartzipsamments",NA,-84.472313,31.1804694,5309539,"18N01069",100,16,38,"C1","Sand",444098,98.9000015,0.3,0.8,NA,"10YR",5,3
1103920,"Bigbee","BIGBEE","Thermic, coated Typic Quartzipsamments","Entisols","Psamments","Quartzipsamments","Typic Quartzipsamments",NA,-84.472313,31.1804694,5309540,"18N01070",101,38,60,"C2","Sand",444099,97.5,1.5,1,NA,"10YR",5,4
1103920,"Bigbee","BIGBEE","Thermic, coated Typic Quartzipsamments","Entisols","Psamments","Quartzipsamments","Typic Quartzipsamments",NA,-84.472313,31.1804694,5309541,"18N01071",102,60,86,"C3","Sand",444100,96.4000015,2.8,0.8,NA,"10YR",6,3
1103920,"Bigbee","BIGBEE","Thermic, coated Typic Quartzipsamments","Entisols","Psamments","Quartzipsamments","Typic Quartzipsamments",NA,-84.472313,31.1804694,5309542,"18N01072",103,86,100,"C4","Sand",444101,95.4000015,1.3,3.3,NA,"10YR",6,4
1103921,"Orangeburg","ORANGEBURG","Fine-loamy, kaolinitic, thermic Typic Kandiudults","Ultisols","Udults","Kandiudults","Typic Kandiudults","fine-loamy",-84.4562,31.1919500000001,5309543,"18N01037",68,0,10,"A","Loamy sand",444066,79.6999969,15.6000004,4.6999998,NA,"10YR",4,2
1103921,"Orangeburg","ORANGEBURG","Fine-loamy, kaolinitic, thermic Typic Kandiudults","Ultisols","Udults","Kandiudults","Typic Kandiudults","fine-loamy",-84.4562,31.1919500000001,5309544,"18N01038",69,10,31,"AE","Loamy sand",444067,80.4000015,15.8000002,3.8,NA,"10YR",4,4
1103921,"Orangeburg","ORANGEBURG","Fine-loamy, kaolinitic, thermic Typic Kandiudults","Ultisols","Udults","Kandiudults","Typic Kandiudults","fine-loamy",-84.4562,31.1919500000001,5309545,"18N01039",70,31,47,"E","Loamy sand",444068,77.1999969,16.7999992,6,NA,"10YR",5,4
1103921,"Orangeburg","ORANGEBURG","Fine-loamy, kaolinitic, thermic Typic Kandiudults","Ultisols","Udults","Kandiudults","Typic Kandiudults","fine-loamy",-84.4562,31.1919500000001,5309546,"18N01040",71,47,79,"Bt1","Fine sandy loam",444069,74,15.1999998,10.8000002,NA,"7.5YR",4,6
1103921,"Orangeburg","ORANGEBURG","Fine-loamy, kaolinitic, thermic Typic Kandiudults","Ultisols","Udults","Kandiudults","Typic Kandiudults","fine-loamy",-84.4562,31.1919500000001,5309547,"18N01041",72,79,100,"Bt2","Sandy loam",444070,74.9000015,13.8000002,11.3000002,NA,"7.5YR",5,8
1103922,"Orangeburg","ORANGEBURG","Fine-loamy, kaolinitic, thermic Typic Kandiudults","Ultisols","Udults","Kandiudults","Typic Kandiudults","fine-loamy",-84.4603,31.19437,5309548,"18N01004",35,0,16,"A","Loamy sand",444033,83.3000031,13.1000004,3.5999999,NA,"10YR",4,2
1103922,"Orangeburg","ORANGEBURG","Fine-loamy, kaolinitic, thermic Typic Kandiudults","Ultisols","Udults","Kandiudults","Typic Kandiudults","fine-loamy",-84.4603,31.19437,5309549,"18N01005",36,16,36,"E1","Loamy fine sand",444034,80.9000015,14,5.0999999,NA,"10YR",5,3
1103922,"Orangeburg","ORANGEBURG","Fine-loamy, kaolinitic, thermic Typic Kandiudults","Ultisols","Udults","Kandiudults","Typic Kandiudults","fine-loamy",-84.4603,31.19437,5309550,"18N01006",37,36,47,"E2","Loamy sand",444035,81.4000015,12.6999998,5.9000001,NA,"10YR",5,4
1103922,"Orangeburg","ORANGEBURG","Fine-loamy, kaolinitic, thermic Typic Kandiudults","Ultisols","Udults","Kandiudults","Typic Kandiudults","fine-loamy",-84.4603,31.19437,5309551,"18N01007",38,47,76,"Bt1","Sandy clay loam",444036,62,10.8000002,27.2000008,NA,"7.5YR",5,6
1103922,"Orangeburg","ORANGEBURG","Fine-loamy, kaolinitic, thermic Typic Kandiudults","Ultisols","Udults","Kandiudults","Typic Kandiudults","fine-loamy",-84.4603,31.19437,5309552,"18N01008",39,76,100,"Bt2","Fine sandy loam",444037,77.3000031,13.5,9.1999998,NA,"5YR",5,6
1103923,"Troup","TROUP","Loamy, kaolinitic, thermic Grossarenic Kandiudults","Ultisols","Udults","Kandiudults","Grossarenic Kandiudults","loamy",-84.4643,31.19627,5309553,"18N01000",31,0,40,"A","Loamy sand",444029,84.6999969,12.5,2.8,NA,"10YR",4,2
1103923,"Troup","TROUP","Loamy, kaolinitic, thermic Grossarenic Kandiudults","Ultisols","Udults","Kandiudults","Grossarenic Kandiudults","loamy",-84.4643,31.19627,5309554,"18N01001",32,40,65,"AE","Loamy sand",444030,83.5999985,10.8999996,5.5,NA,"10YR",4,3
1103923,"Troup","TROUP","Loamy, kaolinitic, thermic Grossarenic Kandiudults","Ultisols","Udults","Kandiudults","Grossarenic Kandiudults","loamy",-84.4643,31.19627,5309555,"18N01002",33,65,90,"E1","Loamy sand",444031,84.0999985,11.5,4.4000001,NA,"10YR",5,4
1103923,"Troup","TROUP","Loamy, kaolinitic, thermic Grossarenic Kandiudults","Ultisols","Udults","Kandiudults","Grossarenic Kandiudults","loamy",-84.4643,31.19627,5309556,"18N01003",34,90,100,"E2","Sand",444032,87.0999985,11.1999998,1.7,NA,"10YR",6,6
1103924,"Orangeburg","ORANGEBURG","Fine-loamy, kaolinitic, thermic Typic Kandiudults","Ultisols","Udults","Kandiudults","Typic Kandiudults","fine-loamy",-84.462,31.1963200000001,5309558,"18N00996",27,0,15,"A","Loamy sand",444025,82.8000031,12.8999996,4.3000002,NA,"10YR",4,3
1103924,"Orangeburg","ORANGEBURG","Fine-loamy, kaolinitic, thermic Typic Kandiudults","Ultisols","Udults","Kandiudults","Typic Kandiudults","fine-loamy",-84.462,31.1963200000001,5309559,"18N00997",28,15,39,"AE","Loamy sand",444026,81.6999969,12.1000004,6.1999998,NA,"10YR",4,4
1103924,"Orangeburg","ORANGEBURG","Fine-loamy, kaolinitic, thermic Typic Kandiudults","Ultisols","Udults","Kandiudults","Typic Kandiudults","fine-loamy",-84.462,31.1963200000001,5309560,"18N00998",29,39,80,"Bt1","Fine sandy loam",444027,77.8000031,13.6999998,8.5,NA,"10YR",6,3
1103924,"Orangeburg","ORANGEBURG","Fine-loamy, kaolinitic, thermic Typic Kandiudults","Ultisols","Udults","Kandiudults","Typic Kandiudults","fine-loamy",-84.462,31.1963200000001,5309561,"18N00999",30,80,100,"Bt2","Fine sandy loam",444028,75.0999985,9.8999996,15,NA,"7.5YR",5,8
1103925,"Orangeburg","ORANGEBURG","Fine-loamy, kaolinitic, thermic Typic Kandiudults","Ultisols","Udults","Kandiudults","Typic Kandiudults","fine-loamy",-84.4569999999999,31.1948600000001,5309562,"18N01026",57,0,6,"A","Loamy sand",444055,81.0999985,12.8999996,6,NA,"10YR",3,1
1103925,"Orangeburg","ORANGEBURG","Fine-loamy, kaolinitic, thermic Typic Kandiudults","Ultisols","Udults","Kandiudults","Typic Kandiudults","fine-loamy",-84.4569999999999,31.1948600000001,5309563,"18N01027",58,6,24,"E","Loamy sand",444056,80.6999969,12.6999998,6.5999999,NA,"10YR",4,2
1103925,"Orangeburg","ORANGEBURG","Fine-loamy, kaolinitic, thermic Typic Kandiudults","Ultisols","Udults","Kandiudults","Typic Kandiudults","fine-loamy",-84.4569999999999,31.1948600000001,5309564,"18N01028",59,24,39,"Bt1","Sandy loam",444057,72.5,13.8999996,13.6000004,NA,"7.5YR",4,4
1103925,"Orangeburg","ORANGEBURG","Fine-loamy, kaolinitic, thermic Typic Kandiudults","Ultisols","Udults","Kandiudults","Typic Kandiudults","fine-loamy",-84.4569999999999,31.1948600000001,5309565,"18N01029",60,39,64,"Bt2","Sandy loam",444058,70.8000031,12.8999996,16.2999992,NA,"7.5YR",4,6
1103925,"Orangeburg","ORANGEBURG","Fine-loamy, kaolinitic, thermic Typic Kandiudults","Ultisols","Udults","Kandiudults","Typic Kandiudults","fine-loamy",-84.4569999999999,31.1948600000001,5309566,"18N01030",61,64,100,"Bt3","Sandy loam",444059,69.5,13.8000002,16.7000008,NA,"7.5YR",5,8
1103926,"Troup","TROUP","Loamy, kaolinitic, thermic Grossarenic Kandiudults","Ultisols","Udults","Kandiudults","Grossarenic Kandiudults","loamy",-84.4646999999999,31.2022700000001,5309567,"18N00990",21,0,11,"A1","Loamy sand",444212,86.9000015,9.3999996,3.7,NA,"10YR",3,2
1103926,"Troup","TROUP","Loamy, kaolinitic, thermic Grossarenic Kandiudults","Ultisols","Udults","Kandiudults","Grossarenic Kandiudults","loamy",-84.4646999999999,31.2022700000001,5309568,"18N00991",22,11,30,"A2","Loamy sand",444213,84.3000031,10.6999998,5,NA,"7.5YR",5,6
1103926,"Troup","TROUP","Loamy, kaolinitic, thermic Grossarenic Kandiudults","Ultisols","Udults","Kandiudults","Grossarenic Kandiudults","loamy",-84.4646999999999,31.2022700000001,5309569,"18N00992",23,30,105,"E","Loamy sand",444214,84.4000015,9.5,6.0999999,NA,"7.5YR",5,4
1114059,"Troup","TROUP","Loamy, kaolinitic, thermic Grossarenic Kandiudults","Ultisols","Udults","Kandiudults","Grossarenic Kandiudults","loamy",-84.4697278,31.2080528000001,5454014,"18N00974",5,0,8,"A","Loamy sand",444196,86,10.6999998,3.3,NA,"10YR",2,2
1114059,"Troup","TROUP","Loamy, kaolinitic, thermic Grossarenic Kandiudults","Ultisols","Udults","Kandiudults","Grossarenic Kandiudults","loamy",-84.4697278,31.2080528000001,5454015,"18N00975",6,8,20,"AE","Sand",444197,86.9000015,9.5,3.5999999,NA,"10YR",2,2
1114059,"Troup","TROUP","Loamy, kaolinitic, thermic Grossarenic Kandiudults","Ultisols","Udults","Kandiudults","Grossarenic Kandiudults","loamy",-84.4697278,31.2080528000001,5454016,"18N00976",7,20,53,"E1","Coarse sand",444198,88.3000031,8.5,3.2,NA,"10YR",5,6
1114059,"Troup","TROUP","Loamy, kaolinitic, thermic Grossarenic Kandiudults","Ultisols","Udults","Kandiudults","Grossarenic Kandiudults","loamy",-84.4697278,31.2080528000001,5454017,"18N00977",8,53,100,"E2","Loamy sand",444199,86.5,10.1999998,3.3,NA,"10YR",4,6
1114061,"Hornsville","HORNSVILLE","Fine, kaolinitic, thermic Aquic Hapludults","Ultisols","Udults","Hapludults","Aquic Hapludults","fine",-84.470876,31.187257,5454018,"18N01042",73,0,8,"A","Fine sandy loam",444071,76.3000031,17.1000004,6.5999999,NA,NA,NA,NA
1114061,"Hornsville","HORNSVILLE","Fine, kaolinitic, thermic Aquic Hapludults","Ultisols","Udults","Hapludults","Aquic Hapludults","fine",-84.470876,31.187257,5454019,"18N01043",74,8,13,"BE","Fine sandy loam",444072,71.5999985,18.1000004,10.3000002,NA,NA,NA,NA
1114061,"Hornsville","HORNSVILLE","Fine, kaolinitic, thermic Aquic Hapludults","Ultisols","Udults","Hapludults","Aquic Hapludults","fine",-84.470876,31.187257,5454020,"18N01044",75,13,43,"Bt1","Sandy clay loam",444073,59.5999985,13.8999996,26.5,NA,NA,NA,NA
1114061,"Hornsville","HORNSVILLE","Fine, kaolinitic, thermic Aquic Hapludults","Ultisols","Udults","Hapludults","Aquic Hapludults","fine",-84.470876,31.187257,5454021,"18N01045",76,43,100,"Bt2","Sandy clay loam",444074,50.7999992,16.8999996,32.2999992,NA,NA,NA,NA
1147192,"Wicksburg","WICKSBURG","Clayey, kaolinitic, thermic Arenic Paleudults","Ultisols","Udults","Paleudults","Arenic Paleudults","clayey",-84.4733444,31.1960833000001,5634860,"18N00970",1,0,12,"A","Fine sandy loam",444192,76.1999969,17.2999992,6.5,NA,"10YR",3,3
1147192,"Wicksburg","WICKSBURG","Clayey, kaolinitic, thermic Arenic Paleudults","Ultisols","Udults","Paleudults","Arenic Paleudults","clayey",-84.4733444,31.1960833000001,5634861,"18N00971",2,12,35,"E1","Loamy fine sand",444193,80.4000015,15.3999996,4.1999998,NA,"10YR",4,3
1147192,"Wicksburg","WICKSBURG","Clayey, kaolinitic, thermic Arenic Paleudults","Ultisols","Udults","Paleudults","Arenic Paleudults","clayey",-84.4733444,31.1960833000001,5634862,"18N00972",3,35,62,"E2","Loamy fine sand",444194,78.1999969,16.2000008,5.5999999,NA,"10YR",5,4
1147192,"Wicksburg","WICKSBURG","Clayey, kaolinitic, thermic Arenic Paleudults","Ultisols","Udults","Paleudults","Arenic Paleudults","clayey",-84.4733444,31.1960833000001,5634863,"18N00973",4,62,100,"Bt","Sandy clay loam",444195,52.2999992,14.8999996,32.7999992,NA,"7.5YR",5,6
1162995,"Faceville","FACEVILLE","Fine, kaolinitic, thermic Typic Kandiudults","Ultisols","Udults","Kandiudults","Typic Kandiudults","fine",-84.46925,31.1755556000001,5742673,"18N01046",77,0,15,"Ap","Fine sandy loam",444075,69.0999985,22.2000008,8.6999998,NA,"10YR",4,2
1162995,"Faceville","FACEVILLE","Fine, kaolinitic, thermic Typic Kandiudults","Ultisols","Udults","Kandiudults","Typic Kandiudults","fine",-84.46925,31.1755556000001,5742674,"18N01047",78,15,32,"E","Fine sandy loam",444076,67,23.1000004,9.8999996,NA,"10YR",4,4
1162995,"Faceville","FACEVILLE","Fine, kaolinitic, thermic Typic Kandiudults","Ultisols","Udults","Kandiudults","Typic Kandiudults","fine",-84.46925,31.1755556000001,5742675,"18N01048",79,32,50,"BE","Fine sandy loam",444077,62.0999985,22.2000008,15.6999998,NA,"10YR",4,6
1162995,"Faceville","FACEVILLE","Fine, kaolinitic, thermic Typic Kandiudults","Ultisols","Udults","Kandiudults","Typic Kandiudults","fine",-84.46925,31.1755556000001,5742676,"18N01049",80,50,70,"Bt1","Sandy clay loam",444078,57.9000015,19.7999992,22.2999992,NA,"7.5YR",4,6
1162995,"Faceville","FACEVILLE","Fine, kaolinitic, thermic Typic Kandiudults","Ultisols","Udults","Kandiudults","Typic Kandiudults","fine",-84.46925,31.1755556000001,5742677,"18N01050",81,70,100,"Bt2","Sandy clay loam",444079,48.5999985,17.5,33.9000015,NA,"5YR",4,6
1162996,"Nankin","NANKIN","Fine, kaolinitic, thermic Typic Kanhapludults","Ultisols","Udults","Kanhapludults","Typic Kanhapludults","fine",-84.4782221999999,31.1825556000001,5795160,"18N01051",82,0,15,"A","Fine sandy loam",444080,62,28.7000008,9.3000002,NA,"10YR",3,2
1162996,"Nankin","NANKIN","Fine, kaolinitic, thermic Typic Kanhapludults","Ultisols","Udults","Kanhapludults","Typic Kanhapludults","fine",-84.4782221999999,31.1825556000001,5795161,"18N01052",83,15,47,"Bt1","Fine sandy loam",444081,59.9000015,27.7000008,12.3999996,NA,"10YR",6,4
1162996,"Nankin","NANKIN","Fine, kaolinitic, thermic Typic Kanhapludults","Ultisols","Udults","Kanhapludults","Typic Kanhapludults","fine",-84.4782221999999,31.1825556000001,5795162,"18N01053",84,47,100,"Bt2","Clay",444082,29.8999996,20.7000008,49.4000015,NA,"7.5YR",4,6
1162997,"Norfolk","NORFOLK","Fine-loamy, kaolinitic, thermic Typic Kandiudults","Ultisols","Udults","Kandiudults","Typic Kandiudults","fine-loamy",-84.4762777999999,31.1850278000001,5742678,"18N01058",89,0,15,"Ap","Fine sandy loam",444087,75.1999969,16.8999996,7.9000001,NA,"10YR",4,3
1162997,"Norfolk","NORFOLK","Fine-loamy, kaolinitic, thermic Typic Kandiudults","Ultisols","Udults","Kandiudults","Typic Kandiudults","fine-loamy",-84.4762777999999,31.1850278000001,5742679,"18N01059",90,15,32,"E","Fine sandy loam",444088,72.8000031,17.7000008,9.5,NA,"10YR",5,4
1162997,"Norfolk","NORFOLK","Fine-loamy, kaolinitic, thermic Typic Kandiudults","Ultisols","Udults","Kandiudults","Typic Kandiudults","fine-loamy",-84.4762777999999,31.1850278000001,5742680,"18N01060",91,32,62,"Bt1","Sandy clay loam",444089,61,17.2000008,21.7999992,NA,"10YR",4,6
1162997,"Norfolk","NORFOLK","Fine-loamy, kaolinitic, thermic Typic Kandiudults","Ultisols","Udults","Kandiudults","Typic Kandiudults","fine-loamy",-84.4762777999999,31.1850278000001,5742681,"18N01061",92,62,83,"Bt2","Sandy clay",444090,47.2999992,12,40.7000008,NA,"7.5YR",4,6
1162997,"Norfolk","NORFOLK","Fine-loamy, kaolinitic, thermic Typic Kandiudults","Ultisols","Udults","Kandiudults","Typic Kandiudults","fine-loamy",-84.4762777999999,31.1850278000001,5742682,"18N01062",93,83,100,"Bt3","Sandy clay",444091,46.4000015,14.5,39.0999985,NA,"7.5YR",4,6
1162998,"Nankin","NANKIN","Fine, kaolinitic, thermic Typic Kanhapludults","Ultisols","Udults","Kanhapludults","Typic Kanhapludults","fine",-84.4701666999999,31.1782778,5696488,"18N01063",94,0,4,"A","Fine sandy loam",444092,72.6999969,18.7000008,8.6000004,NA,"10YR",3,2
1162998,"Nankin","NANKIN","Fine, kaolinitic, thermic Typic Kanhapludults","Ultisols","Udults","Kanhapludults","Typic Kanhapludults","fine",-84.4701666999999,31.1782778,5696489,"18N01064",95,4,20,"AE","Fine sandy loam",444093,69.9000015,19.2999992,10.8000002,NA,"10YR",4,4
1162998,"Nankin","NANKIN","Fine, kaolinitic, thermic Typic Kanhapludults","Ultisols","Udults","Kanhapludults","Typic Kanhapludults","fine",-84.4701666999999,31.1782778,5696490,"18N01065",96,20,50,"Bt1","Clay",444094,43.7000008,13.6999998,42.5999985,NA,"5YR",5,6
1162998,"Nankin","NANKIN","Fine, kaolinitic, thermic Typic Kanhapludults","Ultisols","Udults","Kanhapludults","Typic Kanhapludults","fine",-84.4701666999999,31.1782778,5696491,"18N01066",97,50,65,"Bt2","Clay",444095,37.5,12.6000004,49.9000015,NA,"7.5YR",4,6
1162998,"Nankin","NANKIN","Fine, kaolinitic, thermic Typic Kanhapludults","Ultisols","Udults","Kanhapludults","Typic Kanhapludults","fine",-84.4701666999999,31.1782778,5696492,"18N01067",98,65,100,"Bt3","Sandy clay",444096,47.0999985,12.8000002,40.0999985,NA,"5YR",4,6
1162999,"Wagram","WAGRAM","Loamy, kaolinitic, thermic Arenic Kandiudults","Ultisols","Udults","Kandiudults","Arenic Kandiudults","loamy",-84.4646056,31.1867333000001,5742710,"18N01054",85,0,19,"Ap","Loamy sand",444083,84.6999969,11.5,3.8,NA,"10YR",3,2
1162999,"Wagram","WAGRAM","Loamy, kaolinitic, thermic Arenic Kandiudults","Ultisols","Udults","Kandiudults","Arenic Kandiudults","loamy",-84.4646056,31.1867333000001,5742711,"18N01055",86,19,40,"E1","Loamy sand",444084,81.4000015,13.3000002,5.3000002,NA,"10YR",4,4
1162999,"Wagram","WAGRAM","Loamy, kaolinitic, thermic Arenic Kandiudults","Ultisols","Udults","Kandiudults","Arenic Kandiudults","loamy",-84.4646056,31.1867333000001,5742712,"18N01056",87,40,70,"E2","Sandy loam",444085,79.0999985,11.6999998,9.1999998,NA,"10YR",6,8
1162999,"Wagram","WAGRAM","Loamy, kaolinitic, thermic Arenic Kandiudults","Ultisols","Udults","Kandiudults","Arenic Kandiudults","loamy",-84.4646056,31.1867333000001,5742713,"18N01057",88,70,100,"Bt","Sandy loam",444086,74.5,10.6999998,14.8000002,NA,"10YR",5,8
1176392,"Norfolk","NORFOLK","Fine-loamy, kaolinitic, thermic Typic Kandiudults","Ultisols","Udults","Kandiudults","Typic Kandiudults","fine-loamy",-84.4542777999999,31.1904833,5839078,"18N01031",62,0,6,"A","Loamy sand",444060,82.3000031,14.3000002,3.4000001,NA,NA,NA,NA
1176392,"Norfolk","NORFOLK","Fine-loamy, kaolinitic, thermic Typic Kandiudults","Ultisols","Udults","Kandiudults","Typic Kandiudults","fine-loamy",-84.4542777999999,31.1904833,5839079,"18N01032",63,6,12,"E1","Loamy sand",444061,83.6999969,13.6000004,2.7,NA,NA,NA,NA
1176392,"Norfolk","NORFOLK","Fine-loamy, kaolinitic, thermic Typic Kandiudults","Ultisols","Udults","Kandiudults","Typic Kandiudults","fine-loamy",-84.4542777999999,31.1904833,5839080,"18N01033",64,12,28,"E2","Loamy sand",444062,80.5999985,13.6999998,5.6999998,NA,NA,NA,NA
1176392,"Norfolk","NORFOLK","Fine-loamy, kaolinitic, thermic Typic Kandiudults","Ultisols","Udults","Kandiudults","Typic Kandiudults","fine-loamy",-84.4542777999999,31.1904833,5839081,"18N01034",65,28,43,"BE","Loamy sand",444063,81.9000015,11.8000002,6.3000002,NA,NA,NA,NA
1176392,"Norfolk","NORFOLK","Fine-loamy, kaolinitic, thermic Typic Kandiudults","Ultisols","Udults","Kandiudults","Typic Kandiudults","fine-loamy",-84.4542777999999,31.1904833,5839082,"18N01035",66,43,84,"Bt1","Sandy loam",444064,75.5999985,12.6999998,11.6999998,NA,NA,NA,NA
1176392,"Norfolk","NORFOLK","Fine-loamy, kaolinitic, thermic Typic Kandiudults","Ultisols","Udults","Kandiudults","Typic Kandiudults","fine-loamy",-84.4542777999999,31.1904833,5839083,"18N01036",67,84,100,"Bt2","Sandy clay loam",444065,67,8.5,24.5,NA,NA,NA,NA
1176393,"Bonneau","BONNEAU","Loamy, siliceous, subactive, thermic Arenic Paleudults","Ultisols","Udults","Paleudults","Arenic Paleudults","loamy",-84.451441,31.19579,5839084,"18N01010",41,10,26,"AE","Loamy sand",444039,86.0999985,9.3000002,4.5999999,NA,"10YR",4,3
1176393,"Bonneau","BONNEAU","Loamy, siliceous, subactive, thermic Arenic Paleudults","Ultisols","Udults","Paleudults","Arenic Paleudults","loamy",-84.451441,31.19579,5839085,"18N01009",40,0,10,"A","Loamy sand",444038,86.8000031,7.6999998,5.5,NA,"10YR",2,2
1176393,"Bonneau","BONNEAU","Loamy, siliceous, subactive, thermic Arenic Paleudults","Ultisols","Udults","Paleudults","Arenic Paleudults","loamy",-84.451441,31.19579,5839086,"18N01011",42,26,40,"E","Loamy sand",444040,83.5,9.1000004,7.4000001,NA,"2.5YR",4,3
1176393,"Bonneau","BONNEAU","Loamy, siliceous, subactive, thermic Arenic Paleudults","Ultisols","Udults","Paleudults","Arenic Paleudults","loamy",-84.451441,31.19579,5839087,"18N01012",43,40,58,"EB","Sandy loam",444041,78.5999985,8.3000002,13.1000004,NA,"10YR",5,6
1176393,"Bonneau","BONNEAU","Loamy, siliceous, subactive, thermic Arenic Paleudults","Ultisols","Udults","Paleudults","Arenic Paleudults","loamy",-84.451441,31.19579,5839088,"18N01013",44,58,84,"Bt","Sandy clay",444042,55.2000008,7.9000001,36.9000015,NA,"10YR",6,6
1176393,"Bonneau","BONNEAU","Loamy, siliceous, subactive, thermic Arenic Paleudults","Ultisols","Udults","Paleudults","Arenic Paleudults","loamy",-84.451441,31.19579,5839089,"18N01014",45,84,100,"Btx","Sandy clay",444043,47.5999985,7.3000002,45.0999985,NA,"10YR",5,6
1176394,"Benevolence","BENEVOLENCE","Coarse-loamy, kaolinitic, thermic Typic Kandiudults","Ultisols","Udults","Kandiudults","Typic Kandiudults","coarse-loamy",-84.4510832999999,31.1949833,5839091,"18N01020",51,0,9,"A","Loamy sand",444049,82.5999985,12.3999996,5,NA,"10YR",2,2
1176394,"Benevolence","BENEVOLENCE","Coarse-loamy, kaolinitic, thermic Typic Kandiudults","Ultisols","Udults","Kandiudults","Typic Kandiudults","coarse-loamy",-84.4510832999999,31.1949833,5839092,"18N01021",52,9,22,"E1","Loamy sand",444050,81.5999985,12.8999996,5.5,NA,"10YR",3,4
1176394,"Benevolence","BENEVOLENCE","Coarse-loamy, kaolinitic, thermic Typic Kandiudults","Ultisols","Udults","Kandiudults","Typic Kandiudults","coarse-loamy",-84.4510832999999,31.1949833,5839093,"18N01022",53,22,39,"E2","Loamy sand",444051,82,11.3000002,6.6999998,NA,"10YR",4,4
1176394,"Benevolence","BENEVOLENCE","Coarse-loamy, kaolinitic, thermic Typic Kandiudults","Ultisols","Udults","Kandiudults","Typic Kandiudults","coarse-loamy",-84.4510832999999,31.1949833,5839094,"18N01023",54,39,60,"Bt1","Sandy loam",444052,79,11.5,9.5,NA,"7.5YR",4,6
1176394,"Benevolence","BENEVOLENCE","Coarse-loamy, kaolinitic, thermic Typic Kandiudults","Ultisols","Udults","Kandiudults","Typic Kandiudults","coarse-loamy",-84.4510832999999,31.1949833,5839095,"18N01024",55,60,91,"Bt2","Sandy loam",444053,76.0999985,11.3000002,12.6000004,NA,"5YR",5,8
1176394,"Benevolence","BENEVOLENCE","Coarse-loamy, kaolinitic, thermic Typic Kandiudults","Ultisols","Udults","Kandiudults","Typic Kandiudults","coarse-loamy",-84.4510832999999,31.1949833,5839096,"18N01025",56,91,100,"Bt3","Sandy loam",444054,76.6999969,9.6000004,13.6999998,NA,"7.5YR",5,6
1176395,"Troup","TROUP","Loamy, kaolinitic, thermic Grossarenic Kandiudults","Ultisols","Udults","Kandiudults","Grossarenic Kandiudults","loamy",-84.456,31.1873639,5839097,"18N01015",46,0,5,"A","Loamy sand",444044,86.3000031,11.1999998,2.5,NA,"10YR",2,1
1176395,"Troup","TROUP","Loamy, kaolinitic, thermic Grossarenic Kandiudults","Ultisols","Udults","Kandiudults","Grossarenic Kandiudults","loamy",-84.456,31.1873639,5839098,"18N01016",47,5,19,"EA","Sand",444045,87.5999985,10.6000004,1.8,NA,"10YR",4,3
1176395,"Troup","TROUP","Loamy, kaolinitic, thermic Grossarenic Kandiudults","Ultisols","Udults","Kandiudults","Grossarenic Kandiudults","loamy",-84.456,31.1873639,5839099,"18N01017",48,19,60,"E1","Loamy sand",444046,85,11.3999996,3.5999999,NA,"10YR",5,4
1176395,"Troup","TROUP","Loamy, kaolinitic, thermic Grossarenic Kandiudults","Ultisols","Udults","Kandiudults","Grossarenic Kandiudults","loamy",-84.456,31.1873639,5839100,"18N01018",49,60,84,"E2","Loamy sand",444047,86.3000031,11.1000004,2.5999999,NA,"10YR",6,4
1176395,"Troup","TROUP","Loamy, kaolinitic, thermic Grossarenic Kandiudults","Ultisols","Udults","Kandiudults","Grossarenic Kandiudults","loamy",-84.456,31.1873639,5839101,"18N01019",50,84,100,"E3","Loamy sand",444048,86.4000015,10.3000002,3.3,NA,"10YR",6,4
