Point,Sample.ID.Lab,Horizon,Observational.Method,Potential.Series..in.progress.,To.Depth..cm.,H.Depth.cm.,Boundary..Bnd.,Matrix.Color,lab_clay,lab_sand,lab_silt,lab_texture_class,LPSA_texture_status,Field.Texture,Field.Clay..,Structure,Consistence,Notes,Date.Sampled,Depth.to.water.table..if.known.,Taxonomy,Disturbance.,Column1,series_raw,series_clean,taxclname,taxorder,taxsuborder,taxgrtgroup,taxsubgrp,taxpartsize,taxmineralogy,taxactivity,taxtemp
P1,230045,Ap,Auger,fill,0-30,30,,10YR4/2,6.965,83.2,9.835,LS,ALL_CLASS_AGREE,LS,,,,POSSIBLE FILL,5/15/2023,,,1,NA,fill,fill,NA,NA,NA,NA,NA,NA,NA,NA,NA
P1,230046,,Auger,fill,30-70,40,,7.5YR4/6,59.75,33.6,6.65,C,ALL_CLASS_AGREE,SCL,,,,"Kaolin common, concentrations",5/15/2023,,,1,NA,fill,fill,NA,NA,NA,NA,NA,NA,NA,NA,NA
P1,230047,,Auger,fill,70-88,18,,10YR3/2,28.85,62.15,9,SCL,ALL_CLASS_AGREE,SL,18,,,Kaolin few concentrations,5/15/2023,,,1,NA,fill,fill,NA,NA,NA,NA,NA,NA,NA,NA,NA
P1,230048,,Auger,fill,88-129,41,,10YR4/6,50.75,41.7,7.55,C,ALL_CLASS_AGREE,SC,45,,,Kaolin few concentrations. Charcoal present,5/15/2023,,,1,NA,fill,fill,NA,NA,NA,NA,NA,NA,NA,NA,NA
P1,230049,,Auger,fill,129-145,16,,2.5Y3/2,8.52,82.9,8.58,LS,ALL_CLASS_AGREE,LS,8,,,Charcoal present,5/15/2023,,,1,NA,fill,fill,NA,NA,NA,NA,NA,NA,NA,NA,NA
P1,230050,,Auger,fill,145-168+,23,,10YR5/4,54.85,37.8,7.35,C,ALL_CLASS_AGREE,SCL,,,,Kaolin few concentrations. Charcoal present,5/15/2023,,,1,NA,fill,fill,NA,NA,NA,NA,NA,NA,NA,NA,NA
P2,230051,Ap,Auger,Orangeburg,0-22,22,,10YR4/3,4.825,87.05,8.125,LS,ALL_CLASS_AGREE,LS,,1MGr,,,5/15/2023,,,NA,NA,Orangeburg,Orangeburg,"Fine-loamy, kaolinitic, thermic Typic Kandiudults",Ultisols,Udults,Kandiudults,Typic Kandiudults,Fine-loamy,Kaolinitic,NA,Thermic
P2,230052,BA,Auger,Orangeburg,22-39,17,,10YR4/6,17.05,69.95,13,SL,ALL_CLASS_AGREE,SL,17,1MSBK,,,5/15/2023,,,NA,NA,Orangeburg,Orangeburg,"Fine-loamy, kaolinitic, thermic Typic Kandiudults",Ultisols,Udults,Kandiudults,Typic Kandiudults,Fine-loamy,Kaolinitic,NA,Thermic
P2,230053,Bt3,Auger,Orangeburg,162-191+,29,,10YR6/8,22.6,64.75,12.65,SCL,ALL_CLASS_AGREE,SL,15,2MSBK,,clay films,5/15/2023,,,NA,NA,Orangeburg,Orangeburg,"Fine-loamy, kaolinitic, thermic Typic Kandiudults",Ultisols,Udults,Kandiudults,Typic Kandiudults,Fine-loamy,Kaolinitic,NA,Thermic
P2,230054,Bt1,Auger,Orangeburg,39-96,57,,7.5YR5/8,29.85,62.1,8.05,SCL,ALL_CLASS_AGREE,SL,18,2MSBK,,Few organic stains,5/15/2023,,,NA,NA,Orangeburg,Orangeburg,"Fine-loamy, kaolinitic, thermic Typic Kandiudults",Ultisols,Udults,Kandiudults,Typic Kandiudults,Fine-loamy,Kaolinitic,NA,Thermic
P2,230055,Bt2,Auger,Orangeburg,96-162,66,,5YR5/8,23.35,69.2,7.45,SCL,ALL_CLASS_AGREE,SCL,22,2MSBK,,clay films,5/15/2023,,,NA,NA,Orangeburg,Orangeburg,"Fine-loamy, kaolinitic, thermic Typic Kandiudults",Ultisols,Udults,Kandiudults,Typic Kandiudults,Fine-loamy,Kaolinitic,NA,Thermic
P3,230056,Ap,Auger,Greenville,0-28,28,,10YR4/3,5.395,85.8,8.805,LS,ALL_CLASS_AGREE,LS,,1MGr,,,5/15/2023,,,NA,NA,Greenville,Greenville,"Fine, kaolinitic, thermic Rhodic Kandiudults",Ultisols,Udults,Kandiudults,Rhodic Kandiudults,Fine,Kaolinitic,NA,Thermic
P3,230057,Bt4,Auger,Greenville,170-188+,18,,2.5YR4/6,45.2,43.9,10.9,C,ALL_CLASS_AGREE,CL,28,1MSBK,,clay films,5/15/2023,,,NA,NA,Greenville,Greenville,"Fine, kaolinitic, thermic Rhodic Kandiudults",Ultisols,Udults,Kandiudults,Rhodic Kandiudults,Fine,Kaolinitic,NA,Thermic
P3,230058,Bt2,Auger,Greenville,52-100,48,,2.5YR4/6,64.3,29.05,6.65,C,ALL_CLASS_AGREE,CL,32,2MSBK,,clay films,5/15/2023,,,NA,NA,Greenville,Greenville,"Fine, kaolinitic, thermic Rhodic Kandiudults",Ultisols,Udults,Kandiudults,Rhodic Kandiudults,Fine,Kaolinitic,NA,Thermic
P3,230059,Bt1,Auger,Greenville,28-52,24,,2.5YR3/6,66.25,28.5,5.25,C,ALL_CLASS_AGREE,L,,1MSBK,,few organic stains. clay films,5/15/2023,,,NA,NA,Greenville,Greenville,"Fine, kaolinitic, thermic Rhodic Kandiudults",Ultisols,Udults,Kandiudults,Rhodic Kandiudults,Fine,Kaolinitic,NA,Thermic
P3,230060,Bt3,Auger,Greenville,100-170,70,,2.5YR4/6,67.7,28,4.3,C,ALL_CLASS_AGREE,CL,35,2MSBK,,clay films,5/15/2023,,,NA,NA,Greenville,Greenville,"Fine, kaolinitic, thermic Rhodic Kandiudults",Ultisols,Udults,Kandiudults,Rhodic Kandiudults,Fine,Kaolinitic,NA,Thermic
P4,230061,BA,Auger,Orangeburg,32-61,29,,5YR5/8,6.445,84.45,9.105,LS,CLASS_OK,SL,15,2MSBK,,,5/15/2023,,,NA,NA,Orangeburg,Orangeburg,"Fine-loamy, kaolinitic, thermic Typic Kandiudults",Ultisols,Udults,Kandiudults,Typic Kandiudults,Fine-loamy,Kaolinitic,NA,Thermic
P4,230062,Bt1,Auger,Orangeburg,61-98,37,,2.5YR4/8,40.9,48.2,10.9,SC,CLASS_OK,SL,16,2MSBK,,clay films,5/15/2023,,,NA,NA,Orangeburg,Orangeburg,"Fine-loamy, kaolinitic, thermic Typic Kandiudults",Ultisols,Udults,Kandiudults,Typic Kandiudults,Fine-loamy,Kaolinitic,NA,Thermic
P4,230063,Bt3,Auger,Orangeburg,135-159,24,,5YR5/8,33.15,57.15,9.7,SCL,ALL_CLASS_AGREE,SL,14,1MSBK,,clay films,5/15/2023,,,NA,NA,Orangeburg,Orangeburg,"Fine-loamy, kaolinitic, thermic Typic Kandiudults",Ultisols,Udults,Kandiudults,Typic Kandiudults,Fine-loamy,Kaolinitic,NA,Thermic
P4,230064,Bt4,Auger,Orangeburg,159-188,29,,7.5YR5/8,40.15,53,6.85,SC,ALL_CLASS_AGREE,SL,10,1MSBK,,clay films,5/15/2023,,,NA,NA,Orangeburg,Orangeburg,"Fine-loamy, kaolinitic, thermic Typic Kandiudults",Ultisols,Udults,Kandiudults,Typic Kandiudults,Fine-loamy,Kaolinitic,NA,Thermic
P4,230065,Bt2,Auger,Orangeburg,98-135,37,,5YR4/8,31.9,61.7,6.4,SCL,ALL_CLASS_AGREE,SCL,21,2MSBK,,clay films,5/15/2023,,,NA,NA,Orangeburg,Orangeburg,"Fine-loamy, kaolinitic, thermic Typic Kandiudults",Ultisols,Udults,Kandiudults,Typic Kandiudults,Fine-loamy,Kaolinitic,NA,Thermic
P4,230066,Ap,Auger,Orangeburg,0-32,32,,10YR4/4,31.3,62.15,6.55,SCL,ALL_CLASS_AGREE,LS,,1MGr,,,5/15/2023,,,NA,NA,Orangeburg,Orangeburg,"Fine-loamy, kaolinitic, thermic Typic Kandiudults",Ultisols,Udults,Kandiudults,Typic Kandiudults,Fine-loamy,Kaolinitic,NA,Thermic
29,240311,Ap1,Auger,Greenville,0-20,20,,5YR 4/4,5.5,86.2,8.3,LS,ALL_CLASS_AGREE,,,1MGr,,,5/2/2024,,Typic Kanhapludult?,NA,NA,Greenville,Greenville,"Fine, kaolinitic, thermic Rhodic Kandiudults",Ultisols,Udults,Kandiudults,Rhodic Kandiudults,Fine,Kaolinitic,NA,Thermic
29,240312,Ap2,Auger,Greenville,20-34,14,,5YR 4/4,15.7,74.2,10.1,SL,ALL_CLASS_AGREE,,,1FSBK,,,5/2/2024,,,NA,NA,Greenville,Greenville,"Fine, kaolinitic, thermic Rhodic Kandiudults",Ultisols,Udults,Kandiudults,Rhodic Kandiudults,Fine,Kaolinitic,NA,Thermic
29,240313,Bt1,Auger,Greenville,34-69,35,,5YR4/6,23.75,65.3,10.95,SCL,ALL_CLASS_AGREE,,,1MSBK,,Charcoal,5/2/2024,,,NA,NA,Greenville,Greenville,"Fine, kaolinitic, thermic Rhodic Kandiudults",Ultisols,Udults,Kandiudults,Rhodic Kandiudults,Fine,Kaolinitic,NA,Thermic
29,240314,Bt2,Auger,Greenville,69-127,58,,2.5YR3/6,66.7,28.7,4.6,C,ALL_CLASS_AGREE,SCL,,2MSBK,,Charcoal,5/2/2024,,,NA,NA,Greenville,Greenville,"Fine, kaolinitic, thermic Rhodic Kandiudults",Ultisols,Udults,Kandiudults,Rhodic Kandiudults,Fine,Kaolinitic,NA,Thermic
29,240315,Bt3,Auger,Greenville,127-166+,39,,2.5YR3/6,53.3,41.1,5.6,C,ALL_CLASS_AGREE,SL,,1MSBK,,Charcoal,5/2/2024,,,NA,NA,Greenville,Greenville,"Fine, kaolinitic, thermic Rhodic Kandiudults",Ultisols,Udults,Kandiudults,Rhodic Kandiudults,Fine,Kaolinitic,NA,Thermic
30,240316,Ap1,Auger,Greenville,0-11,11,,7.5YR3/4,5.37,86.5,8.13,LS,ALL_CLASS_AGREE,,,1MGr,,,5/2/2024,,,NA,NA,Greenville,Greenville,"Fine, kaolinitic, thermic Rhodic Kandiudults",Ultisols,Udults,Kandiudults,Rhodic Kandiudults,Fine,Kaolinitic,NA,Thermic
30,240317,Ap2,Auger,Greenville,21-Nov,10,,7.5YR4/3,7.77,83.25,8.98,LS,ALL_CLASS_AGREE,,,1MGr,,,5/2/2024,,,NA,NA,Greenville,Greenville,"Fine, kaolinitic, thermic Rhodic Kandiudults",Ultisols,Udults,Kandiudults,Rhodic Kandiudults,Fine,Kaolinitic,NA,Thermic
30,240318,Bt1,Auger,Greenville,21-48,27,,5YR3/4,38.8,51.25,9.95,SC,ALL_CLASS_AGREE,,,2MSBK,,,5/2/2024,,,NA,NA,Greenville,Greenville,"Fine, kaolinitic, thermic Rhodic Kandiudults",Ultisols,Udults,Kandiudults,Rhodic Kandiudults,Fine,Kaolinitic,NA,Thermic
30,240319,Bt2,Auger,Greenville,48-72,24,,2.5YR4/8,40.45,50.2,9.35,SC,ALL_CLASS_AGREE,,,2MSBK,,,5/2/2024,,,NA,NA,Greenville,Greenville,"Fine, kaolinitic, thermic Rhodic Kandiudults",Ultisols,Udults,Kandiudults,Rhodic Kandiudults,Fine,Kaolinitic,NA,Thermic
30,240320,Bt3,Auger,Greenville,72-110,38,,2.5YR3/6,66.5,28.95,4.55,C,ALL_CLASS_AGREE,SCL,24%,2MSBK,,,5/2/2024,,,NA,NA,Greenville,Greenville,"Fine, kaolinitic, thermic Rhodic Kandiudults",Ultisols,Udults,Kandiudults,Rhodic Kandiudults,Fine,Kaolinitic,NA,Thermic
30,240321,Bt4,Auger,Greenville,110-167+,57,,2.5YR3/6,69.15,27.05,3.8,C,ALL_CLASS_AGREE,SL,18%,2MSBK,,,5/2/2024,,,NA,NA,Greenville,Greenville,"Fine, kaolinitic, thermic Rhodic Kandiudults",Ultisols,Udults,Kandiudults,Rhodic Kandiudults,Fine,Kaolinitic,NA,Thermic
40,240322,Ap,Auger,Greenville,0-13,13,,5YR4/6,28.55,62.9,8.55,SCL,ALL_CLASS_AGREE,,,1FSBK,,,5/2/2024,,,NA,NA,Greenville,Greenville,"Fine, kaolinitic, thermic Rhodic Kandiudults",Ultisols,Udults,Kandiudults,Rhodic Kandiudults,Fine,Kaolinitic,NA,Thermic
40,240323,BA,Auger,Greenville,13-30,17,,2.5YR3/6,65.65,29.05,5.3,C,ALL_CLASS_AGREE,,,2MSBK,,Organic staining; few charcoal present,5/2/2024,,,NA,NA,Greenville,Greenville,"Fine, kaolinitic, thermic Rhodic Kandiudults",Ultisols,Udults,Kandiudults,Rhodic Kandiudults,Fine,Kaolinitic,NA,Thermic
40,240324,Bt1,Auger,Greenville,30-70,40,,2.5YR3/6,70.7,25.6,3.7,C,ALL_CLASS_AGREE,,,2MSBK,,,5/2/2024,,,NA,NA,Greenville,Greenville,"Fine, kaolinitic, thermic Rhodic Kandiudults",Ultisols,Udults,Kandiudults,Rhodic Kandiudults,Fine,Kaolinitic,NA,Thermic
40,240325,Bt2,Auger,Greenville,70-127,57,,10R4/6,73.35,23.7,2.95,C,ALL_CLASS_AGREE,,,2MSBK,,,5/2/2024,,,NA,NA,Greenville,Greenville,"Fine, kaolinitic, thermic Rhodic Kandiudults",Ultisols,Udults,Kandiudults,Rhodic Kandiudults,Fine,Kaolinitic,NA,Thermic
40,240326,Bt3,Auger,Greenville,127-156+,29,,10R4/6,68,28.4,51.8,C,ALL_CLASS_AGREE,,,2MSBK,,,5/29/2024,,,NA,NA,Greenville,Greenville,"Fine, kaolinitic, thermic Rhodic Kandiudults",Ultisols,Udults,Kandiudults,Rhodic Kandiudults,Fine,Kaolinitic,NA,Thermic
61,240327,Ap,Auger,Greenville,0-30,30,,7.5YR3/3,7.045,83.5,9.455,LS,ALL_CLASS_AGREE,,,1MGr,,,5/2/2024,,,NA,NA,Greenville,Greenville,"Fine, kaolinitic, thermic Rhodic Kandiudults",Ultisols,Udults,Kandiudults,Rhodic Kandiudults,Fine,Kaolinitic,NA,Thermic
61,240328,BA,Auger,Greenville,30-55,25,,2.5YR3/4,47.75,43.8,8.45,C,ALL_CLASS_AGREE,,,2MSBK,,,5/2/2024,,,NA,NA,Greenville,Greenville,"Fine, kaolinitic, thermic Rhodic Kandiudults",Ultisols,Udults,Kandiudults,Rhodic Kandiudults,Fine,Kaolinitic,NA,Thermic
61,240329,Bt1,Auger,Greenville,55-115,60,,2.5YR4/6,51.75,40.9,7.35,C,ALL_CLASS_AGREE,,,2MSBK,,,5/2/2024,,,NA,NA,Greenville,Greenville,"Fine, kaolinitic, thermic Rhodic Kandiudults",Ultisols,Udults,Kandiudults,Rhodic Kandiudults,Fine,Kaolinitic,NA,Thermic
61,240330,Bt2,Auger,Greenville,115-162+,47,,2.5YR3/6,59.7,35.7,4.6,C,ALL_CLASS_AGREE,,,1MSBK,,,5/2/2024,,,NA,NA,Greenville,Greenville,"Fine, kaolinitic, thermic Rhodic Kandiudults",Ultisols,Udults,Kandiudults,Rhodic Kandiudults,Fine,Kaolinitic,NA,Thermic
68,240331,Ap1,Auger,Greenville,0-16,16,A,7.5YR3/3,5.4,85.85,8.75,LS,ALL_CLASS_AGREE,,,1FGr,,,5/2/2024,,,NA,NA,Greenville,Greenville,"Fine, kaolinitic, thermic Rhodic Kandiudults",Ultisols,Udults,Kandiudults,Rhodic Kandiudults,Fine,Kaolinitic,NA,Thermic
68,240332,Ap2,Auger,Greenville,16-33,17,C,7.5YR3/4,8.08,80.85,11.07,LS,CLASS_OK,,,1MGr,,,5/2/2024,,,NA,NA,Greenville,Greenville,"Fine, kaolinitic, thermic Rhodic Kandiudults",Ultisols,Udults,Kandiudults,Rhodic Kandiudults,Fine,Kaolinitic,NA,Thermic
68,240333,Bt1,Auger,Greenville,33-77,44,,2.5YR3/6,47.45,42.95,9.6,C,ALL_CLASS_AGREE,,,2MSBK,,,5/2/2024,,,NA,NA,Greenville,Greenville,"Fine, kaolinitic, thermic Rhodic Kandiudults",Ultisols,Udults,Kandiudults,Rhodic Kandiudults,Fine,Kaolinitic,NA,Thermic
68,240334,Bt2,Auger,Greenville,77-118,41,,2.5YR3/6,71.1,24.8,4.1,C,ALL_CLASS_AGREE,CL,,2MSBK,,Clay increase,5/2/2024,,,NA,NA,Greenville,Greenville,"Fine, kaolinitic, thermic Rhodic Kandiudults",Ultisols,Udults,Kandiudults,Rhodic Kandiudults,Fine,Kaolinitic,NA,Thermic
68,240335,Bt3,Auger,Greenville,118-156+,38,,2.5YR3/6,71.3,25.2,51.75,C,ALL_CLASS_AGREE,L/SL,,2MSBK,,,5/2/2024,,,NA,NA,Greenville,Greenville,"Fine, kaolinitic, thermic Rhodic Kandiudults",Ultisols,Udults,Kandiudults,Rhodic Kandiudults,Fine,Kaolinitic,NA,Thermic
69,240336,Ap,Auger,Greenville,0-18,18,,10YR3/4,5.85,84.45,9.7,LS,ALL_CLASS_AGREE,,,1FGr,,,5/2/2024,,,NA,NA,Greenville,Greenville,"Fine, kaolinitic, thermic Rhodic Kandiudults",Ultisols,Udults,Kandiudults,Rhodic Kandiudults,Fine,Kaolinitic,NA,Thermic
69,240337,AB,Auger,Greenville,18-30,12,,5YR3/4,18.3,69.55,12.15,SL,CLASS_OK,,,1MSBK,,organic staining,5/2/2024,,,NA,NA,Greenville,Greenville,"Fine, kaolinitic, thermic Rhodic Kandiudults",Ultisols,Udults,Kandiudults,Rhodic Kandiudults,Fine,Kaolinitic,NA,Thermic
69,240338,BA,Auger,Greenville,30-60,30,,5YR4/6,46.45,42.95,10.6,C,ALL_CLASS_AGREE,,,2MSBK,,organic staining; few yellow concretions at 5YR5/8,5/2/2024,,,NA,NA,Greenville,Greenville,"Fine, kaolinitic, thermic Rhodic Kandiudults",Ultisols,Udults,Kandiudults,Rhodic Kandiudults,Fine,Kaolinitic,NA,Thermic
69,240339,Bt1,Auger,Greenville,60-104,44,,2.5YR3/6,67.45,26.85,5.7,C,ALL_CLASS_AGREE,,,2MSBK,,,5/2/2024,,,NA,NA,Greenville,Greenville,"Fine, kaolinitic, thermic Rhodic Kandiudults",Ultisols,Udults,Kandiudults,Rhodic Kandiudults,Fine,Kaolinitic,NA,Thermic
69,240340,Bt2,Auger,Greenville,104-150+,46,,2.5YR3/6,73.4,22.5,4.1,C,ALL_CLASS_AGREE,,,2MSBK,,,5/2/2024,,,NA,NA,Greenville,Greenville,"Fine, kaolinitic, thermic Rhodic Kandiudults",Ultisols,Udults,Kandiudults,Rhodic Kandiudults,Fine,Kaolinitic,NA,Thermic
23,240341,Ap1,Auger,Dothan,0-18,18,A,10YR4/3,5.075,86.1,8.825,LS,ALL_CLASS_AGREE,,,1FGr,VFR,,5/29/2024,,,NA,NA,Dothan,Dothan,"Fine-loamy, kaolinitic, thermic Plinthic Kandiudults",Ultisols,Udults,Kandiudults,Plinthic Kandiudults,Fine-loamy,Kaolinitic,NA,Thermic
23,240342,Ap2,Auger,Dothan,18-32,14,C,10YR4/3,4.955,86.95,8.095,LS,ALL_CLASS_AGREE,,,1MSBK,VFR,,5/29/2024,,,NA,NA,Dothan,Dothan,"Fine-loamy, kaolinitic, thermic Plinthic Kandiudults",Ultisols,Udults,Kandiudults,Plinthic Kandiudults,Fine-loamy,Kaolinitic,NA,Thermic
23,240343,Bt1,Auger,Dothan,32-65,33,C,10YR5/6,22.25,65.5,12.25,SCL,ALL_CLASS_AGREE,,,2MSBK,FR,,5/29/2024,,,NA,NA,Dothan,Dothan,"Fine-loamy, kaolinitic, thermic Plinthic Kandiudults",Ultisols,Udults,Kandiudults,Plinthic Kandiudults,Fine-loamy,Kaolinitic,NA,Thermic
23,240344,Bt2,Auger,Dothan,65-100,35,C,10YR5/6,21.8,67.65,10.55,SCL,RESCUED_5PCT,SCL,,2MSBK,FR,3% 7.5YR 5/8 concentration (small/fine). Few pieces of uncoated sand grain (1-2 cm in length).,5/29/2024,,,NA,NA,Dothan,Dothan,"Fine-loamy, kaolinitic, thermic Plinthic Kandiudults",Ultisols,Udults,Kandiudults,Plinthic Kandiudults,Fine-loamy,Kaolinitic,NA,Thermic
23,240345,Btv,Auger,Dothan,100-159+,49,,10YR5/6,19.45,71.3,9.25,SL,RESCUED_5PCT,SCL,,2MSBK,FR,1% 5YR 5/8 concentraation (fine). ~2% 7.5YR 4/6 plinthite nodules,5/29/2024,,,NA,NA,Dothan,Dothan,"Fine-loamy, kaolinitic, thermic Plinthic Kandiudults",Ultisols,Udults,Kandiudults,Plinthic Kandiudults,Fine-loamy,Kaolinitic,NA,Thermic
34,240346,Ap1,Auger,Bonneau,0-11,11,A,10YR4/2,5.99,82.25,11.76,LS,ALL_CLASS_AGREE,,,1FGr,VFR,,5/29/2024,,,NA,NA,Bonneau,Bonneau,"Loamy, siliceous, subactive, thermic Arenic Paleudults",Ultisols,Udults,Paleudults,Arenic Paleudults,Loamy,Siliceous,Subactive,Thermic
34,240347,Ap2,Auger,Bonneau,Nov-34,23,A,10YR5/3,5.48,86.6,7.92,LS,ALL_CLASS_AGREE,,,1MGr,VFR,,5/29/2024,,,NA,NA,Bonneau,Bonneau,"Loamy, siliceous, subactive, thermic Arenic Paleudults",Ultisols,Udults,Paleudults,Arenic Paleudults,Loamy,Siliceous,Subactive,Thermic
34,240348,Bt1,Auger,Bonneau,34-60,26,C,10YR5/6,23.2,62.25,14.55,SCL,ALL_CLASS_AGREE,,,2MSBK,FR,2% 7.5YR 5/8,5/29/2024,,,NA,NA,Bonneau,Bonneau,"Loamy, siliceous, subactive, thermic Arenic Paleudults",Ultisols,Udults,Paleudults,Arenic Paleudults,Loamy,Siliceous,Subactive,Thermic
34,240349,Bt2,Auger,Bonneau,60-100,40,C,2.5Y5/6,9.245,79.2,11.555,SL,RESCUED_5PCT,,,2MSBK,FR,Hit water table. 10YR4/6 soft iron mass accumulations. 2% 2.5Y7/2 depletions.,5/29/2024,60 cm,,NA,NA,Bonneau,Bonneau,"Loamy, siliceous, subactive, thermic Arenic Paleudults",Ultisols,Udults,Paleudults,Arenic Paleudults,Loamy,Siliceous,Subactive,Thermic
34,240350,Btv1,Auger,Bonneau,100-127,27,C,2.5Y6/4,8.075,81.65,10.275,LS,ALL_CLASS_AGREE,,,2MSBK,FR,10YR4/6 plinthite. 2.5Y5/6 concentrations. 2.5Y6/2 depletions,5/29/2024,,,NA,NA,Bonneau,Bonneau,"Loamy, siliceous, subactive, thermic Arenic Paleudults",Ultisols,Udults,Paleudults,Arenic Paleudults,Loamy,Siliceous,Subactive,Thermic
34,240351,Btv2,Auger,Bonneau,127-151+,24,,2.5Y6/4,8.465,82.3,9.235,LS,ALL_CLASS_AGREE,,,2MSBK,FR,2.5Y5/6 concentrations. 5Y7/1 depletions. 10YR4/6 plinthite.,5/29/2024,,,NA,NA,Bonneau,Bonneau,"Loamy, siliceous, subactive, thermic Arenic Paleudults",Ultisols,Udults,Paleudults,Arenic Paleudults,Loamy,Siliceous,Subactive,Thermic
44,240352,Ap1,Auger,Bonneau,0-27,27,,10YR4/2,5.32,85.1,9.58,LS,ALL_CLASS_AGREE,,,1MGr,,,5/29/2024,,,NA,NA,Bonneau,Bonneau,"Loamy, siliceous, subactive, thermic Arenic Paleudults",Ultisols,Udults,Paleudults,Arenic Paleudults,Loamy,Siliceous,Subactive,Thermic
44,240353,A/E,Auger,Bonneau,27-46,19,,10YR4/2,5.895,83.2,10.905,LS,ALL_CLASS_AGREE,,,1MSBK,,mixed color; not redox,5/29/2024,,,NA,NA,Bonneau,Bonneau,"Loamy, siliceous, subactive, thermic Arenic Paleudults",Ultisols,Udults,Paleudults,Arenic Paleudults,Loamy,Siliceous,Subactive,Thermic
44,240354,E,Auger,Bonneau,46-63,17,,2.5Y6/4,6.355,83.1,10.545,LS,ALL_CLASS_AGREE,,,1MSBK,,,5/29/2024,,,NA,NA,Bonneau,Bonneau,"Loamy, siliceous, subactive, thermic Arenic Paleudults",Ultisols,Udults,Paleudults,Arenic Paleudults,Loamy,Siliceous,Subactive,Thermic
44,240355,Bt,Auger,Bonneau,63-94,31,,10YR6/4,7.245,82.35,10.405,LS,ALL_CLASS_AGREE,,,2MSBK,,redox: 10YR5/8 concentrations at 3%. 2.5Y6/3 depletions at 2%,5/29/2024,81 cm,,NA,NA,Bonneau,Bonneau,"Loamy, siliceous, subactive, thermic Arenic Paleudults",Ultisols,Udults,Paleudults,Arenic Paleudults,Loamy,Siliceous,Subactive,Thermic
44,240356,Btv1,Auger,Bonneau,94-128,34,,2.5Y5/6,7.14,83.05,9.81,LS,ALL_CLASS_AGREE,,,2MSBK,,7.5YR5/8 plinthite at 4-5%. 2.5Y6/2 depletions at 4-5%,5/29/2024,,,NA,NA,Bonneau,Bonneau,"Loamy, siliceous, subactive, thermic Arenic Paleudults",Ultisols,Udults,Paleudults,Arenic Paleudults,Loamy,Siliceous,Subactive,Thermic
44,240357,Btv2,Auger,Bonneau,128-158+,30,,10YR6/2,9.14,82.4,8.46,LS,ALL_CLASS_AGREE,,,2MSBK,,7.5YR5/8 plinthite at 20%. mottled depletions 10YR 6/2 at 45% and 7.5YR6/8 at 35%,5/29/2024,,,NA,NA,Bonneau,Bonneau,"Loamy, siliceous, subactive, thermic Arenic Paleudults",Ultisols,Udults,Paleudults,Arenic Paleudults,Loamy,Siliceous,Subactive,Thermic
53,240358,Ap1,Auger,Orangeburg,0-26,26,A,10YR3/3,6.25,82.9,10.85,LS,ALL_CLASS_AGREE,SL,5,1FGr,VFR,,5/29/2024,,,NA,NA,Orangeburg,Orangeburg,"Fine-loamy, kaolinitic, thermic Typic Kandiudults",Ultisols,Udults,Kandiudults,Typic Kandiudults,Fine-loamy,Kaolinitic,NA,Thermic
53,240359,Ap2,Auger,Orangeburg,26-48,22,C,10YR4/4,10.75,78.1,11.15,SL,ALL_CLASS_AGREE,SL,5,1MGr,VFR,,5/29/2024,,,NA,NA,Orangeburg,Orangeburg,"Fine-loamy, kaolinitic, thermic Typic Kandiudults",Ultisols,Udults,Kandiudults,Typic Kandiudults,Fine-loamy,Kaolinitic,NA,Thermic
53,240360,Bt1,Auger,Orangeburg,48-83,35,C,7.5YR4/6,16.6,73.4,10,SL,ALL_CLASS_AGREE,SL,12,1MSBK,VFR,,5/29/2024,,,NA,NA,Orangeburg,Orangeburg,"Fine-loamy, kaolinitic, thermic Typic Kandiudults",Ultisols,Udults,Kandiudults,Typic Kandiudults,Fine-loamy,Kaolinitic,NA,Thermic
53,240361,Bt2,Auger,Orangeburg,83-115,32,C,2.5YR4/6,23.2,67.55,9.25,SCL,ALL_CLASS_AGREE,SL,16,1MSBK,FR,,5/29/2024,,,NA,NA,Orangeburg,Orangeburg,"Fine-loamy, kaolinitic, thermic Typic Kandiudults",Ultisols,Udults,Kandiudults,Typic Kandiudults,Fine-loamy,Kaolinitic,NA,Thermic
53,240362,Bt3,Auger,Orangeburg,115-159+,44,,2.5YR3/6,55.35,40.25,4.4,C,CLASS_OK,SCL,24,2MSBK,FR,,5/29/2024,,,NA,NA,Orangeburg,Orangeburg,"Fine-loamy, kaolinitic, thermic Typic Kandiudults",Ultisols,Udults,Kandiudults,Typic Kandiudults,Fine-loamy,Kaolinitic,NA,Thermic
54,240363,Ap1,Auger,Greenville,0-18,18,C,10YR4/4,5.15,86.3,8.55,LS,ALL_CLASS_AGREE,LS,,1FGr,L,,5/29/2024,,,NA,NA,Greenville,Greenville,"Fine, kaolinitic, thermic Rhodic Kandiudults",Ultisols,Udults,Kandiudults,Rhodic Kandiudults,Fine,Kaolinitic,NA,Thermic
54,240364,Ap2,Auger,Greenville,18-36,18,C,7.5YR4/4,10.05,79.2,10.75,SL,ALL_CLASS_AGREE,SL,,1FSBK,VFR,,5/29/2024,,,NA,NA,Greenville,Greenville,"Fine, kaolinitic, thermic Rhodic Kandiudults",Ultisols,Udults,Kandiudults,Rhodic Kandiudults,Fine,Kaolinitic,NA,Thermic
54,240365,Bt2,Auger,Greenville,88-153+,65,,2.5YR4/8,58.55,33.9,7.55,C,ALL_CLASS_AGREE,SCL,,2MSBK,FR,,5/29/2024,,,NA,NA,Greenville,Greenville,"Fine, kaolinitic, thermic Rhodic Kandiudults",Ultisols,Udults,Kandiudults,Rhodic Kandiudults,Fine,Kaolinitic,NA,Thermic
54,240366,Bt1,Auger,Greenville,36-88,52,C,2.5YR4/6,60.15,34.05,5.8,C,ALL_CLASS_AGREE,SCL,,2MSBK,FR,,5/29/2024,,,NA,NA,Greenville,Greenville,"Fine, kaolinitic, thermic Rhodic Kandiudults",Ultisols,Udults,Kandiudults,Rhodic Kandiudults,Fine,Kaolinitic,NA,Thermic
62,240367,Ap,Auger,Greenville,0-26,26,A,10YR4/4,5.2,86.65,8.15,LS,ALL_CLASS_AGREE,SL,6,1FGr,VFR,10%  10YR 5/6 bodies,5/29/2024,,,NA,NA,Greenville,Greenville,"Fine, kaolinitic, thermic Rhodic Kandiudults",Ultisols,Udults,Kandiudults,Rhodic Kandiudults,Fine,Kaolinitic,NA,Thermic
62,240368,Bt1,Auger,Greenville,26-51,25,C,2.5YR4/6,41.1,48.75,10.15,SC,ALL_CLASS_AGREE,SCL,22,2MSBK,FR,,5/29/2024,,,NA,NA,Greenville,Greenville,"Fine, kaolinitic, thermic Rhodic Kandiudults",Ultisols,Udults,Kandiudults,Rhodic Kandiudults,Fine,Kaolinitic,NA,Thermic
62,240369,Bt2,Auger,Greenville,51-109,58,C,2.5YR3/6,54.05,38.4,7.55,C,ALL_CLASS_AGREE,SCL,27,2MSBK,FR,,5/29/2024,,,NA,NA,Greenville,Greenville,"Fine, kaolinitic, thermic Rhodic Kandiudults",Ultisols,Udults,Kandiudults,Rhodic Kandiudults,Fine,Kaolinitic,NA,Thermic
62,240370,Bt3,Auger,Greenville,109-150+,41,,2.5YR3/6,68.15,28.25,3.6,C,ALL_CLASS_AGREE,C,32,2MSBK,FR,,5/29/2024,,,NA,NA,Greenville,Greenville,"Fine, kaolinitic, thermic Rhodic Kandiudults",Ultisols,Udults,Kandiudults,Rhodic Kandiudults,Fine,Kaolinitic,NA,Thermic
63,240371,Ap1,Auger,Faceville,0-26,26,C,10YR3/3,7.455,80.7,11.845,LS,ALL_CLASS_AGREE,LS,,1FGr,FR,5% 5YR4/4 bodies,5/29/2024,,,NA,NA,Faceville,Faceville,"Fine, kaolinitic, thermic Typic Kandiudults",Ultisols,Udults,Kandiudults,Typic Kandiudults,Fine,Kaolinitic,NA,Thermic
63,240372,Ap2,Auger,Faceville,26-45,19,A,10YR3/3,7.51,79.95,12.54,LS,ALL_CLASS_AGREE,SL,,1MSBK,FR,20% 10YR3/2 bodies,5/29/2024,,,NA,NA,Faceville,Faceville,"Fine, kaolinitic, thermic Typic Kandiudults",Ultisols,Udults,Kandiudults,Typic Kandiudults,Fine,Kaolinitic,NA,Thermic
63,240373,Bt1,Auger,Faceville,45-116,71,G,2.5YR4/6,66.5,28.05,5.45,C,ALL_CLASS_AGREE,C,,2CSBK,FT,,5/29/2024,,,NA,NA,Faceville,Faceville,"Fine, kaolinitic, thermic Typic Kandiudults",Ultisols,Udults,Kandiudults,Typic Kandiudults,Fine,Kaolinitic,NA,Thermic
63,240374,Bt2,Auger,Faceville,116-152+,36,,2.5YR4/6,66.75,28.4,4.85,C,ALL_CLASS_AGREE,CL,,2MSBK,FR,,5/29/2024,,,NA,NA,Faceville,Faceville,"Fine, kaolinitic, thermic Typic Kandiudults",Ultisols,Udults,Kandiudults,Typic Kandiudults,Fine,Kaolinitic,NA,Thermic
55,250197,Ap,Auger,Greenville,0-35,35,A,7.5YR4/4,6.645,82.45,10.905,LS,CLASS_OK,,,1MGr,,,5/20/2025,,,NA,NA,Greenville,Greenville,"Fine, kaolinitic, thermic Rhodic Kandiudults",Ultisols,Udults,Kandiudults,Rhodic Kandiudults,Fine,Kaolinitic,NA,Thermic
55,250198,Bt1,Auger,Greenville,35-55,20,C,5YR4/6,43.6,44.1,12.3,C,ALL_CLASS_AGREE,,,2MSBK,,few charcoal,5/20/2025,,,NA,NA,Greenville,Greenville,"Fine, kaolinitic, thermic Rhodic Kandiudults",Ultisols,Udults,Kandiudults,Rhodic Kandiudults,Fine,Kaolinitic,NA,Thermic
55,250199,Bt2,Auger,Greenville,55-100,45,Gr,2.5YR4/6,58.25,32.45,9.3,C,ALL_CLASS_AGREE,,,2MSBK,,few charcoal fragments- large,5/20/2025,,,NA,NA,Greenville,Greenville,"Fine, kaolinitic, thermic Rhodic Kandiudults",Ultisols,Udults,Kandiudults,Rhodic Kandiudults,Fine,Kaolinitic,NA,Thermic
55,250200,Bt3,Auger,Greenville,100-150+,50,,2.5YR3/6,71.35,24.2,4.45,C,ALL_CLASS_AGREE,,,2MSBK,,few charcoal fragments. Mn present.,5/20/2025,,,NA,NA,Greenville,Greenville,"Fine, kaolinitic, thermic Rhodic Kandiudults",Ultisols,Udults,Kandiudults,Rhodic Kandiudults,Fine,Kaolinitic,NA,Thermic
70,250201,Ap,Auger,Greenville,0-29,29,A,7.5YR4/3,8.065,79.2,12.735,LS,RESCUED_5PCT,,,1MGr,,,3/20/2025,,,NA,NA,Greenville,Greenville,"Fine, kaolinitic, thermic Rhodic Kandiudults",Ultisols,Udults,Kandiudults,Rhodic Kandiudults,Fine,Kaolinitic,NA,Thermic
70,250202,BA,Auger,Greenville,29-60,31,C,2.5YR4/6,50.85,38.2,10.95,C,ALL_CLASS_AGREE,,,1MSBK,,few charcoal,3/20/2025,,,NA,NA,Greenville,Greenville,"Fine, kaolinitic, thermic Rhodic Kandiudults",Ultisols,Udults,Kandiudults,Rhodic Kandiudults,Fine,Kaolinitic,NA,Thermic
70,250203,Bt1,Auger,Greenville,60-115,55,Gr,2.5YR3/6,65.15,29.25,5.6,C,ALL_CLASS_AGREE,,,2MSBK,,few charcoal,3/20/2025,,,NA,NA,Greenville,Greenville,"Fine, kaolinitic, thermic Rhodic Kandiudults",Ultisols,Udults,Kandiudults,Rhodic Kandiudults,Fine,Kaolinitic,NA,Thermic
70,250204,Bt2,Auger,Greenville,115-150+,139,,2.5YR3/6,71.5,24.5,4,C,ALL_CLASS_AGREE,,,2MSBK,,,3/20/2025,,,NA,NA,Greenville,Greenville,"Fine, kaolinitic, thermic Rhodic Kandiudults",Ultisols,Udults,Kandiudults,Rhodic Kandiudults,Fine,Kaolinitic,NA,Thermic
71,250205,Ap1,Auger,Greenville,0-33,33,A,10YR3/2,11.95,68.7,19.35,SL,ALL_CLASS_AGREE,,,1MGr,,,3/20/2025,,,NA,NA,Greenville,Greenville,"Fine, kaolinitic, thermic Rhodic Kandiudults",Ultisols,Udults,Kandiudults,Rhodic Kandiudults,Fine,Kaolinitic,NA,Thermic
71,250206,BA,Auger,Greenville,33-44,11,C,7.5YR3/4,13.9,70.05,16.05,SL,CLASS_OK,,,1MGr,,,3/20/2025,,,NA,NA,Greenville,Greenville,"Fine, kaolinitic, thermic Rhodic Kandiudults",Ultisols,Udults,Kandiudults,Rhodic Kandiudults,Fine,Kaolinitic,NA,Thermic
71,250207,Bt1,Auger,Greenville,44-71,27,C,5YR3/4,37.25,48.2,14.55,SC,ALL_CLASS_AGREE,,,1MSBK,,common charcoal ,3/20/2025,,,NA,NA,Greenville,Greenville,"Fine, kaolinitic, thermic Rhodic Kandiudults",Ultisols,Udults,Kandiudults,Rhodic Kandiudults,Fine,Kaolinitic,NA,Thermic
71,250208,Bt2,Auger,Greenville,71-110,39,Gr,2.5YR3/4,65.25,28.1,6.65,C,ALL_CLASS_AGREE,,,2MSBK,,few charcoal,3/20/2025,,,NA,NA,Greenville,Greenville,"Fine, kaolinitic, thermic Rhodic Kandiudults",Ultisols,Udults,Kandiudults,Rhodic Kandiudults,Fine,Kaolinitic,NA,Thermic
71,250209,Bt3,Auger,Greenville,110-150+,40,,2.5YR3/6,71.1,24.55,4.35,C,ALL_CLASS_AGREE,,,2MSBK,,,3/20/2025,,,NA,NA,Greenville,Greenville,"Fine, kaolinitic, thermic Rhodic Kandiudults",Ultisols,Udults,Kandiudults,Rhodic Kandiudults,Fine,Kaolinitic,NA,Thermic
72,250210,Ap,Auger,Greenville,0-20,20,C,10YR3/4,10.55,80.45,9,SL,OK,,,1MGr,,,3/20/2025,,,NA,NA,Greenville,Greenville,"Fine, kaolinitic, thermic Rhodic Kandiudults",Ultisols,Udults,Kandiudults,Rhodic Kandiudults,Fine,Kaolinitic,NA,Thermic
72,250211,BA,Auger,Greenville,20-40,20,Gr,5YR4/6,31.75,47.55,20.7,SCL,RESCUED_5PCT,,,1MSBK,,"organic stains, Mn",3/20/2025,,,NA,NA,Greenville,Greenville,"Fine, kaolinitic, thermic Rhodic Kandiudults",Ultisols,Udults,Kandiudults,Rhodic Kandiudults,Fine,Kaolinitic,NA,Thermic
72,250212,Bt1,Auger,Greenville,40-78,38,Gr,2.5YR4/6,31.15,57.8,11.05,SCL,CLASS_OK,,,2MSBK,,,3/20/2025,,,NA,NA,Greenville,Greenville,"Fine, kaolinitic, thermic Rhodic Kandiudults",Ultisols,Udults,Kandiudults,Rhodic Kandiudults,Fine,Kaolinitic,NA,Thermic
72,250213,Bt2,Auger,Greenville,78-150+,72,,2.5YR3/6,66.1,29.6,4.3,C,ALL_CLASS_AGREE,,,2MSBK,,"sub-rounded quartz fragments, fine",3/20/2025,,,NA,NA,Greenville,Greenville,"Fine, kaolinitic, thermic Rhodic Kandiudults",Ultisols,Udults,Kandiudults,Rhodic Kandiudults,Fine,Kaolinitic,NA,Thermic
73,250214,^Ap,Auger,Greenville,0-15,15,C,7.5YR4/6,35.25,56.6,8.15,SC,ALL_CLASS_AGREE,,,1MGr,,"peanut residue, charcoal",3/20/2025,,,1,NA,Greenville,Greenville,"Fine, kaolinitic, thermic Rhodic Kandiudults",Ultisols,Udults,Kandiudults,Rhodic Kandiudults,Fine,Kaolinitic,NA,Thermic
73,250215,^C1,Auger,Greenville,15-43,28,C,5YR4/6,27.2,58.75,14.05,SCL,RESCUED_5PCT,,,SLSMa,,FILL,3/20/2025,,,1,NA,Greenville,Greenville,"Fine, kaolinitic, thermic Rhodic Kandiudults",Ultisols,Udults,Kandiudults,Rhodic Kandiudults,Fine,Kaolinitic,NA,Thermic
73,250216,^C2,Auger,Greenville,43-84,41,Gr,5YR3/4,35.6,51.45,12.95,SC,ALL_CLASS_AGREE,,,SLSMa,,FILL,3/20/2025,,,1,NA,Greenville,Greenville,"Fine, kaolinitic, thermic Rhodic Kandiudults",Ultisols,Udults,Kandiudults,Rhodic Kandiudults,Fine,Kaolinitic,NA,Thermic
73,250217,^C3,Auger,Greenville,84-125,41,A,7.5YR5/6,27,60.8,12.2,SCL,RESCUED_5PCT,,,SLSMa,,organic matter throughout ,3/20/2025,,,1,NA,Greenville,Greenville,"Fine, kaolinitic, thermic Rhodic Kandiudults",Ultisols,Udults,Kandiudults,Rhodic Kandiudults,Fine,Kaolinitic,NA,Thermic
73,250218,2Bt,Auger,Greenville,125-150+,25,,2.5YR4/8,21.6,67.125,11.275,SCL,RESCUED_5PCT,,,2MSBK,,,3/20/2025,,,1,NA,Greenville,Greenville,"Fine, kaolinitic, thermic Rhodic Kandiudults",Ultisols,Udults,Kandiudults,Rhodic Kandiudults,Fine,Kaolinitic,NA,Thermic
79,250219,Ap1,Auger,Orangeburg,0-28,28,C,10YR4/3,54.3,36.05,9.65,C,CLASS_OK,,,1MGr,,,3/20/2025,,,NA,NA,Orangeburg,Orangeburg,"Fine-loamy, kaolinitic, thermic Typic Kandiudults",Ultisols,Udults,Kandiudults,Typic Kandiudults,Fine-loamy,Kaolinitic,NA,Thermic
79,250220,Ap2,Auger,Orangeburg,28-41,13,C,7.5YR4/4,68.2,27.5,4.3,C,ALL_CLASS_AGREE,,,1MSBK,,"organic stains, common yellow concentrations",3/20/2025,,,NA,NA,Orangeburg,Orangeburg,"Fine-loamy, kaolinitic, thermic Typic Kandiudults",Ultisols,Udults,Kandiudults,Typic Kandiudults,Fine-loamy,Kaolinitic,NA,Thermic
79,250221,AE,Auger,Orangeburg,41-60,19,Gr,5YR4/6,48.2,46.8,5,SC,CLASS_OK,,,1MSBK,,"organic stains, common yellow concentrations, 5YR5/8",3/20/2025,,,NA,NA,Orangeburg,Orangeburg,"Fine-loamy, kaolinitic, thermic Typic Kandiudults",Ultisols,Udults,Kandiudults,Typic Kandiudults,Fine-loamy,Kaolinitic,NA,Thermic
79,250222,BE,Auger,Orangeburg,60-102,42,Gr,5YR4/6,9.035,84.2,6.765,LS,ALL_CLASS_AGREE,,,1MSBK,,few 5YR5/8,3/20/2025,,,NA,NA,Orangeburg,Orangeburg,"Fine-loamy, kaolinitic, thermic Typic Kandiudults",Ultisols,Udults,Kandiudults,Typic Kandiudults,Fine-loamy,Kaolinitic,NA,Thermic
79,250223,Bt1,Auger,Orangeburg,102-118,16,Gr,5YR4/6,21.4,72,6.6,SCL,ALL_CLASS_AGREE,,,1MSBK,,roots present,3/20/2025,,,NA,NA,Orangeburg,Orangeburg,"Fine-loamy, kaolinitic, thermic Typic Kandiudults",Ultisols,Udults,Kandiudults,Typic Kandiudults,Fine-loamy,Kaolinitic,NA,Thermic
79,250224,Bt2,Auger,Orangeburg,118-150+,32,,2.5YR4/6,41.9,54.25,3.85,SC,ALL_CLASS_AGREE,,,2MSBK,,,3/20/2025,,,NA,NA,Orangeburg,Orangeburg,"Fine-loamy, kaolinitic, thermic Typic Kandiudults",Ultisols,Udults,Kandiudults,Typic Kandiudults,Fine-loamy,Kaolinitic,NA,Thermic
80,250225,Ap1,Auger,Troup,0-23,23,,10YR3/3,6.265,89.5,4.235,S,ALL_CLASS_AGREE,,,1MGr,,,3/20/2025,,,NA,NA,Troup,Troup,"Loamy, kaolinitic, thermic Grossarenic Kandiudults",Ultisols,Udults,Kandiudults,Grossarenic Kandiudults,Loamy,Kaolinitic,NA,Thermic
80,250226,Ap2,Auger,Troup,23-44,21,,10YR5/3,5.945,88.05,6.005,S,RESCUED_5PCT,,,1MGr,,,3/20/2025,,,NA,NA,Troup,Troup,"Loamy, kaolinitic, thermic Grossarenic Kandiudults",Ultisols,Udults,Kandiudults,Grossarenic Kandiudults,Loamy,Kaolinitic,NA,Thermic
80,250227,AE,Auger,Troup,44-85,41,,10YR4/4,7.78,85.2,7.02,LS,ALL_CLASS_AGREE,,,2MSBK,,"few depletions, organic staining, 5YR 5/3",3/20/2025,,,NA,NA,Troup,Troup,"Loamy, kaolinitic, thermic Grossarenic Kandiudults",Ultisols,Udults,Kandiudults,Grossarenic Kandiudults,Loamy,Kaolinitic,NA,Thermic
80,250228,BE,Auger,Troup,85-135,50,,7.5YR5/6,7.055,86.05,6.895,LS,ALL_CLASS_AGREE,LS,,1MSBK,,"common depletions, 7.5YR5/4",3/20/2025,,,NA,NA,Troup,Troup,"Loamy, kaolinitic, thermic Grossarenic Kandiudults",Ultisols,Udults,Kandiudults,Grossarenic Kandiudults,Loamy,Kaolinitic,NA,Thermic
80,250229,Bt,Auger,Troup,135-150+,15,,5YR5/8,22.15,72.85,5,SCL,ALL_CLASS_AGREE,SL,,1MSBK,,few depletions 7.5YR5/4,3/20/2025,,,NA,NA,Troup,Troup,"Loamy, kaolinitic, thermic Grossarenic Kandiudults",Ultisols,Udults,Kandiudults,Grossarenic Kandiudults,Loamy,Kaolinitic,NA,Thermic
59,250230,^C,Auger,fill,0-50+,50,,2.5YR4/4,49.7,40.5,9.8,C,CLASS_OK,,,2MSBK,,Fill. Did not go farther than 50 cm,5/20/2025,,,1,NA,fill,fill,NA,NA,NA,NA,NA,NA,NA,NA,NA
57,250231,Ap,Auger,Greenville,0-25,25,C,10YR3/2,28.35,35.6,36.05,CL,CLASS_OK,,,,,,5/20/2025,,,NA,NA,Greenville,Greenville,"Fine, kaolinitic, thermic Rhodic Kandiudults",Ultisols,Udults,Kandiudults,Rhodic Kandiudults,Fine,Kaolinitic,NA,Thermic
57,250232,BA,Auger,Greenville,25-45,20,C,2.5YR3/3,54.3,36.05,9.65,C,OK,,,,,,5/20/2025,,,NA,NA,Greenville,Greenville,"Fine, kaolinitic, thermic Rhodic Kandiudults",Ultisols,Udults,Kandiudults,Rhodic Kandiudults,Fine,Kaolinitic,NA,Thermic
57,250233,Bt1,Auger,Greenville,45-81,36,C,2.5YR3/4,63.5,25.8,10.7,C,ALL_CLASS_AGREE,,,,,"common charcoal fragments, large",5/20/2025,,,NA,NA,Greenville,Greenville,"Fine, kaolinitic, thermic Rhodic Kandiudults",Ultisols,Udults,Kandiudults,Rhodic Kandiudults,Fine,Kaolinitic,NA,Thermic
57,250234,Bt2,Auger,Greenville,81-125,44,Gr,2.5YR3/6,61.55,31,7.45,C,ALL_CLASS_AGREE,,,,,"common charcoal fragments, large",5/20/2025,,,NA,NA,Greenville,Greenville,"Fine, kaolinitic, thermic Rhodic Kandiudults",Ultisols,Udults,Kandiudults,Rhodic Kandiudults,Fine,Kaolinitic,NA,Thermic
57,250235,Bt3,Auger,Greenville,125-150+,25,,2.5YR4/6,64.6,29.6,5.8,C,ALL_CLASS_AGREE,,,,,"common charcoal fragments, large",5/20/2025,,,NA,NA,Greenville,Greenville,"Fine, kaolinitic, thermic Rhodic Kandiudults",Ultisols,Udults,Kandiudults,Rhodic Kandiudults,Fine,Kaolinitic,NA,Thermic
56,250236,Ap,Auger,Greenville,0-32,32,C,7.5YR4/4,5.8,84.65,9.55,LS,ALL_CLASS_AGREE,,,1MGr,L,,5/20/2025,,,NA,NA,Greenville,Greenville,"Fine, kaolinitic, thermic Rhodic Kandiudults",Ultisols,Udults,Kandiudults,Rhodic Kandiudults,Fine,Kaolinitic,NA,Thermic
56,250237,Bt1,Auger,Greenville,32-57,25,Gr,2.5YR4/6,27,60.8,12.2,SCL,OK,,,2MSBK,FR,few charcoal fragments and organic stains,5/20/2025,,,NA,NA,Greenville,Greenville,"Fine, kaolinitic, thermic Rhodic Kandiudults",Ultisols,Udults,Kandiudults,Rhodic Kandiudults,Fine,Kaolinitic,NA,Thermic
56,250238,Bt2,Auger,Greenville,57-115,58,Gr,2.5YR4/6,68.05,26.45,5.5,C,ALL_CLASS_AGREE,,,2MSBK,FR,,5/20/2025,,,NA,NA,Greenville,Greenville,"Fine, kaolinitic, thermic Rhodic Kandiudults",Ultisols,Udults,Kandiudults,Rhodic Kandiudults,Fine,Kaolinitic,NA,Thermic
56,250239,Bt3,Auger,Greenville,115-150+,35,,2.5YR4/6,21.6,67.125,11.275,SCL,OK,,,2MSBK,FR,,5/20/2025,,,NA,NA,Greenville,Greenville,"Fine, kaolinitic, thermic Rhodic Kandiudults",Ultisols,Udults,Kandiudults,Rhodic Kandiudults,Fine,Kaolinitic,NA,Thermic
66,250240,Ap,Auger,Greenville,0-35,35,Gr,10YR4/3,5.24,85.05,9.71,LS,ALL_CLASS_AGREE,,,1MGr,,,5/29/2024,,,NA,NA,Greenville,Greenville,"Fine, kaolinitic, thermic Rhodic Kandiudults",Ultisols,Udults,Kandiudults,Rhodic Kandiudults,Fine,Kaolinitic,NA,Thermic
66,250241,Bt1,Auger,Greenville,35-62,27,C,5YR4/6,27.2,60.35,12.45,SCL,CLASS_OK,,,1MSBK,,organic stains,5/29/2024,,,NA,NA,Greenville,Greenville,"Fine, kaolinitic, thermic Rhodic Kandiudults",Ultisols,Udults,Kandiudults,Rhodic Kandiudults,Fine,Kaolinitic,NA,Thermic
66,250242,Bt2,Auger,Greenville,62-100,38,Gr,2.5YR4/8,67.4,24.7,7.9,C,ALL_CLASS_AGREE,,,2MSBK,,"organic stains, rounded quartz",5/29/2024,,,NA,NA,Greenville,Greenville,"Fine, kaolinitic, thermic Rhodic Kandiudults",Ultisols,Udults,Kandiudults,Rhodic Kandiudults,Fine,Kaolinitic,NA,Thermic
66,250243,Bt3,Auger,Greenville,100-150,50,,2.5YR3/6,69.95,25.8,4.25,C,ALL_CLASS_AGREE,,,2MSBK,,,5/29/2024,,,NA,NA,Greenville,Greenville,"Fine, kaolinitic, thermic Rhodic Kandiudults",Ultisols,Udults,Kandiudults,Rhodic Kandiudults,Fine,Kaolinitic,NA,Thermic
67,250244,Ap,Auger,Greenville,0-20,20,A,7.5YR4/4,6.97,83.45,9.58,LS,ALL_CLASS_AGREE,,,1MGr,,,5/29/2024,,,NA,NA,Greenville,Greenville,"Fine, kaolinitic, thermic Rhodic Kandiudults",Ultisols,Udults,Kandiudults,Rhodic Kandiudults,Fine,Kaolinitic,NA,Thermic
67,250245,Bt1,Auger,Greenville,20-58,38,Gr,2.5YR4/6,62.3,28.2,9.5,C,CLASS_OK,,,2MSBK,,"organic stains, charcoal few",5/29/2024,,,NA,NA,Greenville,Greenville,"Fine, kaolinitic, thermic Rhodic Kandiudults",Ultisols,Udults,Kandiudults,Rhodic Kandiudults,Fine,Kaolinitic,NA,Thermic
67,250246,Bt2,Auger,Greenville,58-106,48,Gr,2.5YR4/6,68.95,27.05,4,C,ALL_CLASS_AGREE,,,2MSBK,,charcoal few,5/29/2024,,,NA,NA,Greenville,Greenville,"Fine, kaolinitic, thermic Rhodic Kandiudults",Ultisols,Udults,Kandiudults,Rhodic Kandiudults,Fine,Kaolinitic,NA,Thermic
67,250247,Bt3,Auger,Greenville,106-150+,44,,2.5YR3/6,71.9,24.25,3.85,C,ALL_CLASS_AGREE,,,2MSBK,,,5/29/2024,,,NA,NA,Greenville,Greenville,"Fine, kaolinitic, thermic Rhodic Kandiudults",Ultisols,Udults,Kandiudults,Rhodic Kandiudults,Fine,Kaolinitic,NA,Thermic
64,250248,Ap1,Auger,Greenville,0-30,30,C,7.5YR3/3,5.24,85.15,9.61,LS,ALL_CLASS_AGREE,,,1MGr,,,5/29/2024,,,NA,NA,Greenville,Greenville,"Fine, kaolinitic, thermic Rhodic Kandiudults",Ultisols,Udults,Kandiudults,Rhodic Kandiudults,Fine,Kaolinitic,NA,Thermic
64,250249,Ap2,Auger,Greenville,30-41,11,A,5YR3/4,14.6,70.8,14.6,SL,ALL_CLASS_AGREE,,,1MGr,,long organic stains from roots,5/29/2024,,,NA,NA,Greenville,Greenville,"Fine, kaolinitic, thermic Rhodic Kandiudults",Ultisols,Udults,Kandiudults,Rhodic Kandiudults,Fine,Kaolinitic,NA,Thermic
64,250250,BA,Auger,Greenville,41-61,20,Gr,2.5YR4/6,50.35,39.4,10.25,C,ALL_CLASS_AGREE,,,2MSBK,,"common orgainic stains, few rounded quartz",5/29/2024,,,NA,NA,Greenville,Greenville,"Fine, kaolinitic, thermic Rhodic Kandiudults",Ultisols,Udults,Kandiudults,Rhodic Kandiudults,Fine,Kaolinitic,NA,Thermic
64,250251,Bt1,Auger,Greenville,61-111,50,Gr,2.5YR3/6,68.55,26.25,5.2,C,ALL_CLASS_AGREE,,,2MSBK,,organic stains,5/29/2024,,,NA,NA,Greenville,Greenville,"Fine, kaolinitic, thermic Rhodic Kandiudults",Ultisols,Udults,Kandiudults,Rhodic Kandiudults,Fine,Kaolinitic,NA,Thermic
64,250252,Bt2,Auger,Greenville,111-150+,39,,2.5YR3/6,73.2,22.7,4.1,C,ALL_CLASS_AGREE,,,2MSBK,,,5/29/2024,,,NA,NA,Greenville,Greenville,"Fine, kaolinitic, thermic Rhodic Kandiudults",Ultisols,Udults,Kandiudults,Rhodic Kandiudults,Fine,Kaolinitic,NA,Thermic
75,250253,Ap1,Auger,Greenville,0-17,17,C,10YR3/4,6.035,82.65,11.315,LS,ALL_CLASS_AGREE,LS,,1MGr,,,3/20/2025,,,NA,NA,Greenville,Greenville,"Fine, kaolinitic, thermic Rhodic Kandiudults",Ultisols,Udults,Kandiudults,Rhodic Kandiudults,Fine,Kaolinitic,NA,Thermic
75,250254,Ap2,Auger,Greenville,17-28,11,C,7.5YR4/3,6.21,82.4,11.39,LS,ALL_CLASS_AGREE,Sl,,1MSBK,,,3/20/2025,,,NA,NA,Greenville,Greenville,"Fine, kaolinitic, thermic Rhodic Kandiudults",Ultisols,Udults,Kandiudults,Rhodic Kandiudults,Fine,Kaolinitic,NA,Thermic
75,250255,BA,Auger,Greenville,28-46,18,C,2.5YR4/6,43.65,43.25,13.1,C,CLASS_OK,SCL,,2MSBK,,"organic staining from roots, roots present",3/20/2025,,,NA,NA,Greenville,Greenville,"Fine, kaolinitic, thermic Rhodic Kandiudults",Ultisols,Udults,Kandiudults,Rhodic Kandiudults,Fine,Kaolinitic,NA,Thermic
75,250256,Bt1,Auger,Greenville,46-75,29,C,2.5YR4/6,56.05,35.3,8.65,C,ALL_CLASS_AGREE,SCL,,2MSBK,,,3/20/2025,,,NA,NA,Greenville,Greenville,"Fine, kaolinitic, thermic Rhodic Kandiudults",Ultisols,Udults,Kandiudults,Rhodic Kandiudults,Fine,Kaolinitic,NA,Thermic
75,250257,Bt2,Auger,Greenville,75-150+,75,,2.5YR3/6,70.95,24.55,4.5,C,ALL_CLASS_AGREE,C,,2CoSBK,,possibly CL,3/20/2025,,,NA,NA,Greenville,Greenville,"Fine, kaolinitic, thermic Rhodic Kandiudults",Ultisols,Udults,Kandiudults,Rhodic Kandiudults,Fine,Kaolinitic,NA,Thermic
78,250258,Ap1,Auger,Orangeburg,0-17,17,C,10YR4/3,4.82,89.25,5.93,S,ALL_CLASS_AGREE,,,1MGr,,,3/20/2025,,,NA,NA,Orangeburg,Orangeburg,"Fine-loamy, kaolinitic, thermic Typic Kandiudults",Ultisols,Udults,Kandiudults,Typic Kandiudults,Fine-loamy,Kaolinitic,NA,Thermic
78,250259,Ap2,Auger,Orangeburg,17-31,14,C,10YR4/3,7.45,85.6,6.95,LS,CLASS_OK,,,1MGr,,,3/20/2025,,,NA,NA,Orangeburg,Orangeburg,"Fine-loamy, kaolinitic, thermic Typic Kandiudults",Ultisols,Udults,Kandiudults,Typic Kandiudults,Fine-loamy,Kaolinitic,NA,Thermic
78,250260,AE,Auger,Orangeburg,31-60,29,C,7.5YR4/6,13.6,78.15,8.25,SL,ALL_CLASS_AGREE,,,1MSBK,,,3/20/2025,,,NA,NA,Orangeburg,Orangeburg,"Fine-loamy, kaolinitic, thermic Typic Kandiudults",Ultisols,Udults,Kandiudults,Typic Kandiudults,Fine-loamy,Kaolinitic,NA,Thermic
78,250261,E,Auger,Orangeburg,60-107,47,C,7.5YR5/8,8.73,83.1,8.17,LS,ALL_CLASS_AGREE,,,1MSBK,,organic stains,3/20/2025,,,NA,NA,Orangeburg,Orangeburg,"Fine-loamy, kaolinitic, thermic Typic Kandiudults",Ultisols,Udults,Kandiudults,Typic Kandiudults,Fine-loamy,Kaolinitic,NA,Thermic
78,250262,Bt,Auger,Orangeburg,107-150+,43,,5YR5/6,30.5,62,7.5,SCL,ALL_CLASS_AGREE,,,1MSBK,,"few depletions along root channels, <1% charcoal",3/20/2025,,,NA,NA,Orangeburg,Orangeburg,"Fine-loamy, kaolinitic, thermic Typic Kandiudults",Ultisols,Udults,Kandiudults,Typic Kandiudults,Fine-loamy,Kaolinitic,NA,Thermic
76,250263,Ap1,Auger,Greenville,0-20,20,C,7.5YR4/3,6.525,81.45,12.025,LS,ALL_CLASS_AGREE,,,1MGr,L,,3/20/2025,,,NA,NA,Greenville,Greenville,"Fine, kaolinitic, thermic Rhodic Kandiudults",Ultisols,Udults,Kandiudults,Rhodic Kandiudults,Fine,Kaolinitic,NA,Thermic
76,250264,Ap2,Auger,Greenville,20-33,13,C,7.5YR4/3,6.59,81.3,12.11,LS,ALL_CLASS_AGREE,,,1MGr,L,,3/20/2025,,,NA,NA,Greenville,Greenville,"Fine, kaolinitic, thermic Rhodic Kandiudults",Ultisols,Udults,Kandiudults,Rhodic Kandiudults,Fine,Kaolinitic,NA,Thermic
76,250265,BA,Auger,Greenville,33-48,15,C,5YR4/4,10.785,74.5,14.715,SL,ALL_CLASS_AGREE,,,1MSBK,VFR,organic stains,3/20/2025,,,NA,NA,Greenville,Greenville,"Fine, kaolinitic, thermic Rhodic Kandiudults",Ultisols,Udults,Kandiudults,Rhodic Kandiudults,Fine,Kaolinitic,NA,Thermic
76,250266,Bt1,Auger,Greenville,48-67,19,C,2.5YR4/6,23.4,63.35,13.25,SCL,CLASS_OK,,,2MSBK,FR,common 7.5YR5/6,3/20/2025,,,NA,NA,Greenville,Greenville,"Fine, kaolinitic, thermic Rhodic Kandiudults",Ultisols,Udults,Kandiudults,Rhodic Kandiudults,Fine,Kaolinitic,NA,Thermic
76,250267,Bt2,Auger,Greenville,67-89,22,C,2.5YR3/6,38.55,50.9,10.55,SC,CLASS_OK,,,2MSBK,FR,,3/20/2025,,,NA,NA,Greenville,Greenville,"Fine, kaolinitic, thermic Rhodic Kandiudults",Ultisols,Udults,Kandiudults,Rhodic Kandiudults,Fine,Kaolinitic,NA,Thermic
76,250268,Bt3,Auger,Greenville,89-130,41,Gr,2.5YR3/6,73,21.7,5.3,C,ALL_CLASS_AGREE,,,2MSBK,FR,,3/20/2025,,,NA,NA,Greenville,Greenville,"Fine, kaolinitic, thermic Rhodic Kandiudults",Ultisols,Udults,Kandiudults,Rhodic Kandiudults,Fine,Kaolinitic,NA,Thermic
76,250269,Bt4,Auger,Greenville,130-150+,20,,2.5YR3/6,68.65,26.8,4.55,C,ALL_CLASS_AGREE,,,2MSBK,FR,few 7.5YR5/8,3/20/2025,,,NA,NA,Greenville,Greenville,"Fine, kaolinitic, thermic Rhodic Kandiudults",Ultisols,Udults,Kandiudults,Rhodic Kandiudults,Fine,Kaolinitic,NA,Thermic
77,250270,Ap1,Auger,Greenville,0-27,27,C,10YR3/3,7.87,77.85,14.28,SL,RESCUED_5PCT,,,1MGr,,,3/20/2025,,,NA,NA,Greenville,Greenville,"Fine, kaolinitic, thermic Rhodic Kandiudults",Ultisols,Udults,Kandiudults,Rhodic Kandiudults,Fine,Kaolinitic,NA,Thermic
77,250271,Ap2,Auger,Greenville,27-46,19,C,10YR3/3,8.605,76.65,14.745,SL,RESCUED_5PCT,,,1MGr,,Charcoal present,3/20/2025,,,NA,NA,Greenville,Greenville,"Fine, kaolinitic, thermic Rhodic Kandiudults",Ultisols,Udults,Kandiudults,Rhodic Kandiudults,Fine,Kaolinitic,NA,Thermic
77,250272,AE,Auger,Greenville,46-71,25,Gr,7.5YR4/6,15.25,70.45,14.3,SL,ALL_CLASS_AGREE,,,1MSBK,,organic stains. Possibly AB?,3/20/2025,,,NA,NA,Greenville,Greenville,"Fine, kaolinitic, thermic Rhodic Kandiudults",Ultisols,Udults,Kandiudults,Rhodic Kandiudults,Fine,Kaolinitic,NA,Thermic
77,250273,BE,Auger,Greenville,71-104,33,C,5YR4/6,16.75,70.35,12.9,SL,CLASS_OK,LS,,1MSBK,,organic stains. Possibly BA?,3/20/2025,,,NA,NA,Greenville,Greenville,"Fine, kaolinitic, thermic Rhodic Kandiudults",Ultisols,Udults,Kandiudults,Rhodic Kandiudults,Fine,Kaolinitic,NA,Thermic
77,250274,Bt1,Auger,Greenville,104-112,8,C,2.5YR4/6,48.2,46.8,5,SC,OK,,,2MSBK,,,3/20/2025,,,NA,NA,Greenville,Greenville,"Fine, kaolinitic, thermic Rhodic Kandiudults",Ultisols,Udults,Kandiudults,Rhodic Kandiudults,Fine,Kaolinitic,NA,Thermic
77,250275,Bt2,Auger,Greenville,112-150+,38,,2.5YR4/6,68.55,26.4,5.05,C,ALL_CLASS_AGREE,,,3CoSBK,,,3/20/2025,,,NA,NA,Greenville,Greenville,"Fine, kaolinitic, thermic Rhodic Kandiudults",Ultisols,Udults,Kandiudults,Rhodic Kandiudults,Fine,Kaolinitic,NA,Thermic
1,250308,Ap,Probe,Orangeburg,0-28,28,Ab,10YR4/2,6.265,82.2,11.535,LS,ALL_CLASS_AGREE,LS,,1MGr,VF,near standing water on edge of field,4/16/2025,,,NA,NA,Orangeburg,Orangeburg,"Fine-loamy, kaolinitic, thermic Typic Kandiudults",Ultisols,Udults,Kandiudults,Typic Kandiudults,Fine-loamy,Kaolinitic,NA,Thermic
1,250309,AB,Probe,Orangeburg,28-52,24,C,7.5YR4/6,28.3,57.8,13.9,SCL,ALL_CLASS_AGREE,SL,10,,FR,Plowpan,4/16/2025,,,NA,NA,Orangeburg,Orangeburg,"Fine-loamy, kaolinitic, thermic Typic Kandiudults",Ultisols,Udults,Kandiudults,Typic Kandiudults,Fine-loamy,Kaolinitic,NA,Thermic
1,250310,Bt1,Probe,Orangeburg,52-92,40,C,7.5YR4/6,24.95,60.15,14.9,SCL,ALL_CLASS_AGREE,SL,,,VF,,4/16/2025,,,NA,NA,Orangeburg,Orangeburg,"Fine-loamy, kaolinitic, thermic Typic Kandiudults",Ultisols,Udults,Kandiudults,Typic Kandiudults,Fine-loamy,Kaolinitic,NA,Thermic
1,250311,Bt2,Probe,Orangeburg,92-115,23,Ab,7.5YR4/6,18.15,66.05,15.8,SL,ALL_CLASS_AGREE,SL,15,,,charcoal present,4/16/2025,,,NA,NA,Orangeburg,Orangeburg,"Fine-loamy, kaolinitic, thermic Typic Kandiudults",Ultisols,Udults,Kandiudults,Typic Kandiudults,Fine-loamy,Kaolinitic,NA,Thermic
1,250312,Ab,Probe/Auger,Orangeburg,115-135,20,C,7.5YR3/4,12.35,73.25,14.4,SL,ALL_CLASS_AGREE,SL,8,,,"charcoal present, org stain",4/16/2025,,,NA,NA,Orangeburg,Orangeburg,"Fine-loamy, kaolinitic, thermic Typic Kandiudults",Ultisols,Udults,Kandiudults,Typic Kandiudults,Fine-loamy,Kaolinitic,NA,Thermic
1,250313,Btb1,Auger,Orangeburg,135-165,30,C,7.5YR5/8,21.1,66.15,12.75,SCL,CLASS_OK,SL,15,,,bleached root channels/ charcoal present,4/16/2025,,,NA,NA,Orangeburg,Orangeburg,"Fine-loamy, kaolinitic, thermic Typic Kandiudults",Ultisols,Udults,Kandiudults,Typic Kandiudults,Fine-loamy,Kaolinitic,NA,Thermic
1,250314,Btb2,Auger,Orangeburg,165-190+,25,,7.5YR5/8,19.1,70.1,10.8,SL,RESCUED_5PCT,SL,12,,,"depletions, 10YR7/4, common. POINT 1 ",4/16/2025,,,NA,NA,Orangeburg,Orangeburg,"Fine-loamy, kaolinitic, thermic Typic Kandiudults",Ultisols,Udults,Kandiudults,Typic Kandiudults,Fine-loamy,Kaolinitic,NA,Thermic
2,250315,Ap,Probe,Greenville,0-23,23,Ab,7.5YR4/4,5.54,85.55,8.91,LS,ALL_CLASS_AGREE,,,1MGr,,,4/16/2025,,,NA,NA,Greenville,Greenville,"Fine, kaolinitic, thermic Rhodic Kandiudults",Ultisols,Udults,Kandiudults,Rhodic Kandiudults,Fine,Kaolinitic,NA,Thermic
2,250316,Bt1,Probe,Greenville,23-50,27,C,2.5YR3/6,43.95,45.05,11,SC,RESCUED_5PCT,,,2MSBK,,organic stains,4/16/2025,,,NA,NA,Greenville,Greenville,"Fine, kaolinitic, thermic Rhodic Kandiudults",Ultisols,Udults,Kandiudults,Rhodic Kandiudults,Fine,Kaolinitic,NA,Thermic
2,250317,Bt2,Probe,Greenville,50-80,30,Gr,2.5YR4/6,49.8,40.5,9.7,C,CLASS_OK,,,2MSBK,,"charcoal, organic stains, ironstone",4/16/2025,,,NA,NA,Greenville,Greenville,"Fine, kaolinitic, thermic Rhodic Kandiudults",Ultisols,Udults,Kandiudults,Rhodic Kandiudults,Fine,Kaolinitic,NA,Thermic
2,250318,Bt3,Probe/Auger,Greenville,80-125,45,Gr,2.5YR4/6,65.3,29.05,5.65,C,ALL_CLASS_AGREE,,,2MSBK,,,4/16/2025,,,NA,NA,Greenville,Greenville,"Fine, kaolinitic, thermic Rhodic Kandiudults",Ultisols,Udults,Kandiudults,Rhodic Kandiudults,Fine,Kaolinitic,NA,Thermic
2,250319,Bt4,Auger,Greenville,125-152+,27,,2.5YR4/6,54.05,38.8,7.15,C,ALL_CLASS_AGREE,,,2MSBK,,,4/16/2025,,,NA,NA,Greenville,Greenville,"Fine, kaolinitic, thermic Rhodic Kandiudults",Ultisols,Udults,Kandiudults,Rhodic Kandiudults,Fine,Kaolinitic,NA,Thermic
3,250320,Ap,Probe,Greenville,0-39,39,C,10YR3/2,12.5,68.05,19.45,SL,ALL_CLASS_AGREE,,,1MGr,,VF roots,4/16/2025,,,NA,NA,Greenville,Greenville,"Fine, kaolinitic, thermic Rhodic Kandiudults",Ultisols,Udults,Kandiudults,Rhodic Kandiudults,Fine,Kaolinitic,NA,Thermic
3,250321,Bt1,Probe,Greenville,39-62,23,C,5YR4/4,37.2,49.1,13.7,SC,ALL_CLASS_AGREE,,,1MSBK,,"organic stains, charcoal, VFroots, common",4/16/2025,,,NA,NA,Greenville,Greenville,"Fine, kaolinitic, thermic Rhodic Kandiudults",Ultisols,Udults,Kandiudults,Rhodic Kandiudults,Fine,Kaolinitic,NA,Thermic
3,250322,Bt2,Probe,Greenville,62-108,46,C,5YR4/6,55.05,35.65,9.3,C,ALL_CLASS_AGREE,,,2MSBK,,"manganese, charcoal, VF roots, few 5YR5/6 concentrations",4/16/2025,,,NA,NA,Greenville,Greenville,"Fine, kaolinitic, thermic Rhodic Kandiudults",Ultisols,Udults,Kandiudults,Rhodic Kandiudults,Fine,Kaolinitic,NA,Thermic
3,250323,Bt3,Probe/Auger,Greenville,108-150+,42,,2.5YR4/6,58.5,34.45,7.05,C,ALL_CLASS_AGREE,,,2MSBK,,VF roots,4/16/2025,,,NA,NA,Greenville,Greenville,"Fine, kaolinitic, thermic Rhodic Kandiudults",Ultisols,Udults,Kandiudults,Rhodic Kandiudults,Fine,Kaolinitic,NA,Thermic
4,250324,Ap,Probe,Greenville,0-30,30,Ab,7.5YR3/3,5.32,87.95,6.73,S,RESCUED_5PCT,,,1MGr,,F roots common,4/17/2025,,,NA,NA,Greenville,Greenville,"Fine, kaolinitic, thermic Rhodic Kandiudults",Ultisols,Udults,Kandiudults,Rhodic Kandiudults,Fine,Kaolinitic,NA,Thermic
4,250325,Bt1,Probe,Greenville,30-75,45,C,2.5YR4/6,37.55,52.8,9.65,SC,ALL_CLASS_AGREE,,,2MSBK,,"org stains, bleached root channels, F roots common",4/17/2025,,,NA,NA,Greenville,Greenville,"Fine, kaolinitic, thermic Rhodic Kandiudults",Ultisols,Udults,Kandiudults,Rhodic Kandiudults,Fine,Kaolinitic,NA,Thermic
4,250326,Bt2,Probe/Auger,Greenville,75-150+,75,,2.5YR4/8,33.7,57.6,8.7,SCL,RESCUED_5PCT,,,1MSBK,,F roots common,4/17/2025,,,NA,NA,Greenville,Greenville,"Fine, kaolinitic, thermic Rhodic Kandiudults",Ultisols,Udults,Kandiudults,Rhodic Kandiudults,Fine,Kaolinitic,NA,Thermic
5,250327,Ap,Probe,Norfolk?,0-35,35,C,10YR4/3,4.845,86.6,8.555,LS,ALL_CLASS_AGREE,,,1MGr,,VF roots,4/17/2025,,,1,NA,Norfolk?,Norfolk,"Fine-loamy, kaolinitic, thermic Typic Kandiudults",Ultisols,Udults,Kandiudults,Typic Kandiudults,Fine-loamy,Kaolinitic,NA,Thermic
5,250328,AE,Probe,Norfolk?,35-50,15,C,10YR5/4,8.725,76.7,14.575,SL,ALL_CLASS_AGREE,,,1MGr,,VF roots,4/17/2025,,,1,NA,Norfolk?,Norfolk,"Fine-loamy, kaolinitic, thermic Typic Kandiudults",Ultisols,Udults,Kandiudults,Typic Kandiudults,Fine-loamy,Kaolinitic,NA,Thermic
5,250329,Bt1,Probe,Norfolk?,50-86,36,Gr,7.5YR4/6,11.7,73.35,14.95,SL,ALL_CLASS_AGREE,,,1MSBK,,4cm sphere ball @ 70cm. VF roots,4/17/2025,,,1,NA,Norfolk?,Norfolk,"Fine-loamy, kaolinitic, thermic Typic Kandiudults",Ultisols,Udults,Kandiudults,Typic Kandiudults,Fine-loamy,Kaolinitic,NA,Thermic
5,250330,Bt2,Probe/Auger,Norfolk?,86-126,40,C,7.5YR4/6,13.55,72.7,13.75,SL,ALL_CLASS_AGREE,,,1MSBK,,"bleached root channels, 7.5YR6/3 , common.  VF roots",4/17/2025,,,1,NA,Norfolk?,Norfolk,"Fine-loamy, kaolinitic, thermic Typic Kandiudults",Ultisols,Udults,Kandiudults,Typic Kandiudults,Fine-loamy,Kaolinitic,NA,Thermic
5,250331,Bt3,Auger,Norfolk?,126-150+,24,,7.5YR5/8,49.55,42.5,7.95,C,ALL_CLASS_AGREE,,,2MSBK,,few org stains VF roots. few subrounded quartz- Possibly a 2Bt?,4/17/2025,,,1,NA,Norfolk?,Norfolk,"Fine-loamy, kaolinitic, thermic Typic Kandiudults",Ultisols,Udults,Kandiudults,Typic Kandiudults,Fine-loamy,Kaolinitic,NA,Thermic
6,250332,Ap,Probe,Dothan,0-28,28,A,10YR4/3,5.65,83.85,10.5,LS,ALL_CLASS_AGREE,,,1MGr,,,4/17/2025,,,NA,NA,Dothan,Dothan,"Fine-loamy, kaolinitic, thermic Plinthic Kandiudults",Ultisols,Udults,Kandiudults,Plinthic Kandiudults,Fine-loamy,Kaolinitic,NA,Thermic
6,250333,BA,Probe,Dothan,28-49,21,C,7.5YR4/4,26.85,60.2,12.95,SCL,ALL_CLASS_AGREE,,,1MSBK,,50% split with 7.5YR4/6,4/17/2025,,,NA,NA,Dothan,Dothan,"Fine-loamy, kaolinitic, thermic Plinthic Kandiudults",Ultisols,Udults,Kandiudults,Plinthic Kandiudults,Fine-loamy,Kaolinitic,NA,Thermic
6,250334,Bt1,Probe,Dothan,49-69,20,C,10YR5/6,27.45,59.4,13.15,SCL,ALL_CLASS_AGREE,,,1MSBK,,org stains common,4/17/2025,,,NA,NA,Dothan,Dothan,"Fine-loamy, kaolinitic, thermic Plinthic Kandiudults",Ultisols,Udults,Kandiudults,Plinthic Kandiudults,Fine-loamy,Kaolinitic,NA,Thermic
6,250335,Bt2,Probe,Dothan,69-95,26,C,7.5YR5/8,40.8,49,10.2,SC,ALL_CLASS_AGREE,,,1MSBK,,,4/17/2025,,,NA,NA,Dothan,Dothan,"Fine-loamy, kaolinitic, thermic Plinthic Kandiudults",Ultisols,Udults,Kandiudults,Plinthic Kandiudults,Fine-loamy,Kaolinitic,NA,Thermic
6,250336,Bt3,Probe/Auger,Dothan,95-155+,60,,7.5YR5/8,49.95,42.05,8,C,ALL_CLASS_AGREE,,,2CoSBK,,VF roots ,4/17/2025,,,NA,NA,Dothan,Dothan,"Fine-loamy, kaolinitic, thermic Plinthic Kandiudults",Ultisols,Udults,Kandiudults,Plinthic Kandiudults,Fine-loamy,Kaolinitic,NA,Thermic
7,250337,Ap,Probe,Bonneau,0-12,12,Ab,10YR3/2,8.295,76.75,14.955,SL,ALL_CLASS_AGREE,,,1MGr,,,4/16/2025,,,NA,NA,Bonneau,Bonneau,"Loamy, siliceous, subactive, thermic Arenic Paleudults",Ultisols,Udults,Paleudults,Arenic Paleudults,Loamy,Siliceous,Subactive,Thermic
7,250338,AE,Probe,Bonneau,Dec-32,20,Ab,10YR4/4,6.46,83.35,10.19,LS,ALL_CLASS_AGREE,,,1MSBK,,,4/16/2025,,,NA,NA,Bonneau,Bonneau,"Loamy, siliceous, subactive, thermic Arenic Paleudults",Ultisols,Udults,Paleudults,Arenic Paleudults,Loamy,Siliceous,Subactive,Thermic
7,250339,AB,Probe,Bonneau,32-54,22,C,10YR3/3,9.39,74.15,16.46,SL,ALL_CLASS_AGREE,,,2MSBK,,,4/16/2025,,,NA,NA,Bonneau,Bonneau,"Loamy, siliceous, subactive, thermic Arenic Paleudults",Ultisols,Udults,Paleudults,Arenic Paleudults,Loamy,Siliceous,Subactive,Thermic
7,250340,Bt1,Probe,Bonneau,54-70,16,C,2.5Y5/4,30.65,54.7,14.65,SCL,ALL_CLASS_AGREE,,,2MSBK,,"iron concentrations, org stains.",4/16/2025,,,NA,NA,Bonneau,Bonneau,"Loamy, siliceous, subactive, thermic Arenic Paleudults",Ultisols,Udults,Paleudults,Arenic Paleudults,Loamy,Siliceous,Subactive,Thermic
7,250341,Bt2,Probe,Bonneau,70-99,29,C,2.5Y5/4,39.15,47.8,13.05,SC,ALL_CLASS_AGREE,,,2CoSBK,,"iron concentrations, 10YR5/8, 5%.",4/16/2025,,,NA,NA,Bonneau,Bonneau,"Loamy, siliceous, subactive, thermic Arenic Paleudults",Ultisols,Udults,Paleudults,Arenic Paleudults,Loamy,Siliceous,Subactive,Thermic
7,250342,Bt3,Probe,Bonneau,99-130,31,C,2.5Y5/6,15.1,76.25,8.65,SL,ALL_CLASS_AGREE,,,2CoSBK,,"gleyed 2.5Y6/2,  25%. Few 7.5YR4/6 concentrations.",4/16/2025,,,NA,NA,Bonneau,Bonneau,"Loamy, siliceous, subactive, thermic Arenic Paleudults",Ultisols,Udults,Paleudults,Arenic Paleudults,Loamy,Siliceous,Subactive,Thermic
7,250343,BCg,Probe/Auger,Bonneau,130-150+,20,,5Y8/1,3.8,92.3,3.9,S,ALL_CLASS_AGREE,,,1CoSBK,,"gleyed matrix, few conc 10YR5/6 , 15%.",4/16/2025,,,NA,NA,Bonneau,Bonneau,"Loamy, siliceous, subactive, thermic Arenic Paleudults",Ultisols,Udults,Paleudults,Arenic Paleudults,Loamy,Siliceous,Subactive,Thermic
10,250344,Ap,Probe,Dothan,0-25,25,Ab,10YR4/4,7.275,79.5,13.225,LS,ALL_CLASS_AGREE,,,1MGr,,VF roots ,4/16/2025,,,NA,NA,Dothan,Dothan,"Fine-loamy, kaolinitic, thermic Plinthic Kandiudults",Ultisols,Udults,Kandiudults,Plinthic Kandiudults,Fine-loamy,Kaolinitic,NA,Thermic
10,250345,BA,Probe,Dothan,25-45,20,C,7.5YR4/4,36.7,49.45,13.85,SC,ALL_CLASS_AGREE,,,2CoSBK,,VF roots ,4/16/2025,,,NA,NA,Dothan,Dothan,"Fine-loamy, kaolinitic, thermic Plinthic Kandiudults",Ultisols,Udults,Kandiudults,Plinthic Kandiudults,Fine-loamy,Kaolinitic,NA,Thermic
10,250346,Bt1,Probe,Dothan,45-70,25,C,7.5YR4/6,37.8,48.05,14.15,SC,ALL_CLASS_AGREE,,,2MSBK,,VF roots ,4/16/2025,,,NA,NA,Dothan,Dothan,"Fine-loamy, kaolinitic, thermic Plinthic Kandiudults",Ultisols,Udults,Kandiudults,Plinthic Kandiudults,Fine-loamy,Kaolinitic,NA,Thermic
10,250347,Bt2,Probe,Dothan,70-104,34,C,7.5YR4/6,38.6,49.6,11.8,SC,ALL_CLASS_AGREE,,,2CoSBK,,"VF roots , bleached root channels",4/16/2025,,,NA,NA,Dothan,Dothan,"Fine-loamy, kaolinitic, thermic Plinthic Kandiudults",Ultisols,Udults,Kandiudults,Plinthic Kandiudults,Fine-loamy,Kaolinitic,NA,Thermic
10,250348,Bt3,Probe/Auger,Dothan,104-150+,46,,10YR5/8,35.25,55.05,9.7,SC,ALL_CLASS_AGREE,,,2CoSBK,,VF roots ,4/16/2025,,,NA,NA,Dothan,Dothan,"Fine-loamy, kaolinitic, thermic Plinthic Kandiudults",Ultisols,Udults,Kandiudults,Plinthic Kandiudults,Fine-loamy,Kaolinitic,NA,Thermic
11,250349,Ap,Probe,Dothan,0-22,22,C,10YR3/4,5.4,85.45,9.15,LS,ALL_CLASS_AGREE,,,1MGr,,,4/16/2025,,,NA,NA,Dothan,Dothan,"Fine-loamy, kaolinitic, thermic Plinthic Kandiudults",Ultisols,Udults,Kandiudults,Plinthic Kandiudults,Fine-loamy,Kaolinitic,NA,Thermic
11,250350,BA,Probe,Dothan,22-41,19,C,10YR3/6,17.7,67.2,15.1,SL,ALL_CLASS_AGREE,,,1MSBK,,"VF roots, org stains",4/16/2025,,,NA,NA,Dothan,Dothan,"Fine-loamy, kaolinitic, thermic Plinthic Kandiudults",Ultisols,Udults,Kandiudults,Plinthic Kandiudults,Fine-loamy,Kaolinitic,NA,Thermic
11,250351,Bt1,Probe,Dothan,41-81,40,Gr,7.5YR4/6,22.7,62.9,14.4,SCL,ALL_CLASS_AGREE,,,2CoSBK,,"VF roots, org stains",4/16/2025,,,NA,NA,Dothan,Dothan,"Fine-loamy, kaolinitic, thermic Plinthic Kandiudults",Ultisols,Udults,Kandiudults,Plinthic Kandiudults,Fine-loamy,Kaolinitic,NA,Thermic
11,250352,Bt2,Probe/Auger,Dothan,81-112,31,Gr,5YR4/6,33.95,54.2,11.85,SCL,ALL_CLASS_AGREE,,,2CoSBK,,"VF roots, common, redox at 110",4/16/2025,,,NA,NA,Dothan,Dothan,"Fine-loamy, kaolinitic, thermic Plinthic Kandiudults",Ultisols,Udults,Kandiudults,Plinthic Kandiudults,Fine-loamy,Kaolinitic,NA,Thermic
11,250353,Bt3,Auger,Dothan,112-150+,38,,10YR5/6,31.3,57.6,11.1,SCL,ALL_CLASS_AGREE,,,1MSBK,,5YR4/6 many... was above matrix. depletions present,4/16/2025,,,NA,NA,Dothan,Dothan,"Fine-loamy, kaolinitic, thermic Plinthic Kandiudults",Ultisols,Udults,Kandiudults,Plinthic Kandiudults,Fine-loamy,Kaolinitic,NA,Thermic
12,250354,Ap,Probe,Orangeburg,0-29,29,Ab,10YR4/3,6.51,83.9,9.59,LS,ALL_CLASS_AGREE,,,1MGr,,VF roots,4/16/2025,,,NA,NA,Orangeburg,Orangeburg,"Fine-loamy, kaolinitic, thermic Typic Kandiudults",Ultisols,Udults,Kandiudults,Typic Kandiudults,Fine-loamy,Kaolinitic,NA,Thermic
12,250355,BA,Probe,Orangeburg,29-41,12,C,7.5YR3/4,30.5,56.3,13.2,SCL,ALL_CLASS_AGREE,,,2MSBK,,VF roots,4/16/2025,,,NA,NA,Orangeburg,Orangeburg,"Fine-loamy, kaolinitic, thermic Typic Kandiudults",Ultisols,Udults,Kandiudults,Typic Kandiudults,Fine-loamy,Kaolinitic,NA,Thermic
12,250356,Bt1,Probe,Orangeburg,41-68,27,Gr,5YR4/4,27.1,58.45,14.45,SCL,ALL_CLASS_AGREE,,,2MSBK,,VF roots,4/16/2025,,,NA,NA,Orangeburg,Orangeburg,"Fine-loamy, kaolinitic, thermic Typic Kandiudults",Ultisols,Udults,Kandiudults,Typic Kandiudults,Fine-loamy,Kaolinitic,NA,Thermic
12,250357,Bt2,Probe/Auger,Orangeburg,68-118,50,Gr,5YR4/6,32.4,57.25,10.35,SCL,ALL_CLASS_AGREE,,,2MSBK,,VF roots,4/16/2025,,,NA,NA,Orangeburg,Orangeburg,"Fine-loamy, kaolinitic, thermic Typic Kandiudults",Ultisols,Udults,Kandiudults,Typic Kandiudults,Fine-loamy,Kaolinitic,NA,Thermic
12,250358,Bt3,Auger,Orangeburg,118-154+,36,,5YR4/6,29.85,60.35,9.8,SCL,ALL_CLASS_AGREE,,,2MSBK,,VF roots,4/16/2025,,,NA,NA,Orangeburg,Orangeburg,"Fine-loamy, kaolinitic, thermic Typic Kandiudults",Ultisols,Udults,Kandiudults,Typic Kandiudults,Fine-loamy,Kaolinitic,NA,Thermic
13,250359,Ap,Probe,Dothan,0-30,30,Ab,10YR4/6,5.14,87.05,7.81,LS,ALL_CLASS_AGREE,,,1MGr,,F roots,4/17/2025,,,NA,NA,Dothan,Dothan,"Fine-loamy, kaolinitic, thermic Plinthic Kandiudults",Ultisols,Udults,Kandiudults,Plinthic Kandiudults,Fine-loamy,Kaolinitic,NA,Thermic
13,250360,BA,Probe,Dothan,30-45,15,C,10YR5/6,17.55,69,13.45,SL,ALL_CLASS_AGREE,,,2MSBK,,F roots,4/17/2025,,,NA,NA,Dothan,Dothan,"Fine-loamy, kaolinitic, thermic Plinthic Kandiudults",Ultisols,Udults,Kandiudults,Plinthic Kandiudults,Fine-loamy,Kaolinitic,NA,Thermic
13,250361,Bt1,Probe,Dothan,45-75,30,C,7.5YR5/8,25.4,61.3,13.3,SCL,ALL_CLASS_AGREE,,,2MSBK,,F roots,4/17/2025,,,NA,NA,Dothan,Dothan,"Fine-loamy, kaolinitic, thermic Plinthic Kandiudults",Ultisols,Udults,Kandiudults,Plinthic Kandiudults,Fine-loamy,Kaolinitic,NA,Thermic
13,250362,Bt2,Probe,Dothan,75-89,14,C,7.5YR5/8,29.2,58.4,12.4,SCL,ALL_CLASS_AGREE,,,2MSBK,,F roots,4/17/2025,,,NA,NA,Dothan,Dothan,"Fine-loamy, kaolinitic, thermic Plinthic Kandiudults",Ultisols,Udults,Kandiudults,Plinthic Kandiudults,Fine-loamy,Kaolinitic,NA,Thermic
13,250363,Bt3,Probe/Auger,Dothan,89-135,46,C,10YR5/8,33.35,56.9,9.75,SCL,ALL_CLASS_AGREE,,,2CoSBK,,"F roots, sub rounded rock frags",4/17/2025,,,NA,NA,Dothan,Dothan,"Fine-loamy, kaolinitic, thermic Plinthic Kandiudults",Ultisols,Udults,Kandiudults,Plinthic Kandiudults,Fine-loamy,Kaolinitic,NA,Thermic
13,250364,Bt4,Auger,Dothan,135-150+,15,,10YR6/8,39.1,51.9,9,SC,ALL_CLASS_AGREE,,,2CoSBK,,"Fe masses, 2.5YR4/6, 5%. sub rounded rock frags.",4/17/2025,144,,NA,NA,Dothan,Dothan,"Fine-loamy, kaolinitic, thermic Plinthic Kandiudults",Ultisols,Udults,Kandiudults,Plinthic Kandiudults,Fine-loamy,Kaolinitic,NA,Thermic
14,250365,Ap,Probe,Greenville,0-29,29,Ab,10YR3/4,4.11,89.05,6.84,S,ALL_CLASS_AGREE,,,1MGr,,VF roots,4/17/2025,,,1,NA,Greenville,Greenville,"Fine, kaolinitic, thermic Rhodic Kandiudults",Ultisols,Udults,Kandiudults,Rhodic Kandiudults,Fine,Kaolinitic,NA,Thermic
14,250366,Bt1,Probe,Greenville,29-51,22,C,5YR4/4,24.75,62.35,12.9,SCL,ALL_CLASS_AGREE,,,2MSBK,,"VF roots, org stains",4/17/2025,,,1,NA,Greenville,Greenville,"Fine, kaolinitic, thermic Rhodic Kandiudults",Ultisols,Udults,Kandiudults,Rhodic Kandiudults,Fine,Kaolinitic,NA,Thermic
14,250367,Bt2,Probe,Greenville,51-93,42,C,5YR4/6,37.2,51.3,11.5,SC,ALL_CLASS_AGREE,,,2MSBK,,"VF roots. charcoal, few org stains",4/17/2025,,,1,NA,Greenville,Greenville,"Fine, kaolinitic, thermic Rhodic Kandiudults",Ultisols,Udults,Kandiudults,Rhodic Kandiudults,Fine,Kaolinitic,NA,Thermic
14,250368,Bt3,Probe/Auger,Greenville,93-150+,57,,2.5YR4/6,47.65,44.55,7.8,C,RESCUED_5PCT,,,2MSBK,,"VF roots, sub rounded quartz, small few.",4/17/2025,,,1,NA,Greenville,Greenville,"Fine, kaolinitic, thermic Rhodic Kandiudults",Ultisols,Udults,Kandiudults,Rhodic Kandiudults,Fine,Kaolinitic,NA,Thermic
15,250369,Ap,Probe,Dothan,0-28,28,C,10YR4/2,5.425,85.1,9.475,LS,ALL_CLASS_AGREE,,,1MGr,,,4/17/2025,,,NA,NA,Dothan,Dothan,"Fine-loamy, kaolinitic, thermic Plinthic Kandiudults",Ultisols,Udults,Kandiudults,Plinthic Kandiudults,Fine-loamy,Kaolinitic,NA,Thermic
15,250370,Bt1,Probe,Dothan,28- 65,37,C,10YR5/6,32.85,53.45,13.7,SCL,ALL_CLASS_AGREE,,,2CoSBK,,,4/17/2025,,,NA,NA,Dothan,Dothan,"Fine-loamy, kaolinitic, thermic Plinthic Kandiudults",Ultisols,Udults,Kandiudults,Plinthic Kandiudults,Fine-loamy,Kaolinitic,NA,Thermic
15,250371,Bt2,Probe,Dothan,65-87,22,C,10YR5/8,26.4,60.95,12.65,SCL,ALL_CLASS_AGREE,,,2CoSBK,,10YR7/3 few ,4/17/2025,,,NA,NA,Dothan,Dothan,"Fine-loamy, kaolinitic, thermic Plinthic Kandiudults",Ultisols,Udults,Kandiudults,Plinthic Kandiudults,Fine-loamy,Kaolinitic,NA,Thermic
15,250372,Bt3,Probe/Auger,Dothan,87-123,36,Gr,10YR6/8,31.35,58,10.65,SCL,ALL_CLASS_AGREE,,,2CoSBK,,"many VF roots, org stains, depletions 2.5Y6/4",4/17/2025,,,NA,NA,Dothan,Dothan,"Fine-loamy, kaolinitic, thermic Plinthic Kandiudults",Ultisols,Udults,Kandiudults,Plinthic Kandiudults,Fine-loamy,Kaolinitic,NA,Thermic
15,250373,Btv,Auger,Dothan,123-150+,27,,10YR6/8,30.2,59.05,10.75,SCL,ALL_CLASS_AGREE,,,2CoSBK,,7.5YR4/6 plinthite over 5%,4/17/2025,,,NA,NA,Dothan,Dothan,"Fine-loamy, kaolinitic, thermic Plinthic Kandiudults",Ultisols,Udults,Kandiudults,Plinthic Kandiudults,Fine-loamy,Kaolinitic,NA,Thermic
20,250374,Ap,Probe,Orangeburg,0-29,29,C,10YR4/3,4.99,86.4,8.61,LS,ALL_CLASS_AGREE,,,1MGr,Fr,VF roots,4/16/2025,,"Thermic, coated Typic Quartzipsamments",NA,NA,Orangeburg,Orangeburg,"Fine-loamy, kaolinitic, thermic Typic Kandiudults",Ultisols,Udults,Kandiudults,Typic Kandiudults,Fine-loamy,Kaolinitic,NA,Thermic
20,250375,BA,Probe,Orangeburg,29-52,23,C,7.5YR4/4,13.25,72.45,14.3,SL,ALL_CLASS_AGREE,,,1MSBK,F,"charcoal, VF roots",4/16/2025,,,NA,NA,Orangeburg,Orangeburg,"Fine-loamy, kaolinitic, thermic Typic Kandiudults",Ultisols,Udults,Kandiudults,Typic Kandiudults,Fine-loamy,Kaolinitic,NA,Thermic
20,250376,Bt1,Probe,Orangeburg,52-71,19,C,7.5YR4/6,11.65,74,14.35,SL,ALL_CLASS_AGREE,,,1MSBK,VFr,VF roots,4/16/2025,,,NA,NA,Orangeburg,Orangeburg,"Fine-loamy, kaolinitic, thermic Typic Kandiudults",Ultisols,Udults,Kandiudults,Typic Kandiudults,Fine-loamy,Kaolinitic,NA,Thermic
20,250377,Bt2,Probe/Auger,Orangeburg,71-123,52,C,7.5YR4/6,11.3,75.1,13.6,SL,ALL_CLASS_AGREE,,,1MSBK,,"org. mixing; bleached root channels, VF roots",4/16/2025,,,NA,NA,Orangeburg,Orangeburg,"Fine-loamy, kaolinitic, thermic Typic Kandiudults",Ultisols,Udults,Kandiudults,Typic Kandiudults,Fine-loamy,Kaolinitic,NA,Thermic
20,250378,BC,Auger,Orangeburg,123-150+,27,,7.5YR4/8,6.44,83.15,10.41,LS,ALL_CLASS_AGREE,,,1MSBK,L,"depleted root channels, VF roots",4/16/2025,,,NA,NA,Orangeburg,Orangeburg,"Fine-loamy, kaolinitic, thermic Typic Kandiudults",Ultisols,Udults,Kandiudults,Typic Kandiudults,Fine-loamy,Kaolinitic,NA,Thermic
21,250379,Ap,Probe,Orangeburg,0-27,27,C,10YR4/3,5.705,85,9.295,LS,ALL_CLASS_AGREE,,,1MGr,,Fe VF,4/16/2025,,,NA,NA,Orangeburg,Orangeburg,"Fine-loamy, kaolinitic, thermic Typic Kandiudults",Ultisols,Udults,Kandiudults,Typic Kandiudults,Fine-loamy,Kaolinitic,NA,Thermic
21,250380,BA,Probe,Orangeburg,27-46,19,C,10YR4/4,16.5,67.55,15.95,SL,ALL_CLASS_AGREE,,,1MSBK,,"org stain, Fe VF",4/16/2025,,,NA,NA,Orangeburg,Orangeburg,"Fine-loamy, kaolinitic, thermic Typic Kandiudults",Ultisols,Udults,Kandiudults,Typic Kandiudults,Fine-loamy,Kaolinitic,NA,Thermic
21,250381,Bt1,Probe,Orangeburg,46-73,27,C,10YR5/6,35.85,49.7,14.45,SC,ALL_CLASS_AGREE,,,2MSBK,,"org stain, Fe VF",4/16/2025,,,NA,NA,Orangeburg,Orangeburg,"Fine-loamy, kaolinitic, thermic Typic Kandiudults",Ultisols,Udults,Kandiudults,Typic Kandiudults,Fine-loamy,Kaolinitic,NA,Thermic
21,250382,Bt2,Probe,Orangeburg,73-113,40,C,10YR5/6,41.8,47.4,10.8,SC,ALL_CLASS_AGREE,,,2MSBK,,Fe VF,4/16/2025,,,NA,NA,Orangeburg,Orangeburg,"Fine-loamy, kaolinitic, thermic Typic Kandiudults",Ultisols,Udults,Kandiudults,Typic Kandiudults,Fine-loamy,Kaolinitic,NA,Thermic
21,250383,Bt3,Probe/Auger,Orangeburg,113-152+,39,,10YR5/8,40.45,50.55,9,SC,ALL_CLASS_AGREE,,,2MSBK,,Fe VF,4/16/2025,,,NA,NA,Orangeburg,Orangeburg,"Fine-loamy, kaolinitic, thermic Typic Kandiudults",Ultisols,Udults,Kandiudults,Typic Kandiudults,Fine-loamy,Kaolinitic,NA,Thermic
22,250384,Ap,Probe,Greenville,0-22,22,,10YR3/3,4.725,87.35,7.925,LS,RESCUED_5PCT,,,1MGr,,,4/16/2025,,,NA,NA,Greenville,Greenville,"Fine, kaolinitic, thermic Rhodic Kandiudults",Ultisols,Udults,Kandiudults,Rhodic Kandiudults,Fine,Kaolinitic,NA,Thermic
22,250385,BA,Probe,Greenville,22-41,19,,7.5YR4/4,21.2,65.95,12.85,SCL,ALL_CLASS_AGREE,,,2CoSBK,,"org stains, charcoal",4/16/2025,,,NA,NA,Greenville,Greenville,"Fine, kaolinitic, thermic Rhodic Kandiudults",Ultisols,Udults,Kandiudults,Rhodic Kandiudults,Fine,Kaolinitic,NA,Thermic
22,250386,Bt1,Probe,Greenville,41-88,47,,5YR4/6,31,56.7,12.3,SCL,ALL_CLASS_AGREE,,,2CoSBK,,org stains,4/16/2025,,,NA,NA,Greenville,Greenville,"Fine, kaolinitic, thermic Rhodic Kandiudults",Ultisols,Udults,Kandiudults,Rhodic Kandiudults,Fine,Kaolinitic,NA,Thermic
22,250387,Bt2,Probe/Auger,Greenville,88-125,37,,5YR4/8,47.75,44.15,8.1,C,ALL_CLASS_AGREE,,,2CoSBK,,VF roots,4/16/2025,,,NA,NA,Greenville,Greenville,"Fine, kaolinitic, thermic Rhodic Kandiudults",Ultisols,Udults,Kandiudults,Rhodic Kandiudults,Fine,Kaolinitic,NA,Thermic
22,250388,Bt3,Auger,Greenville,125-150+,25,,7.5YR5/8,47.3,45.65,7.05,SC,CLASS_OK,,,2CoSBK,,,4/16/2025,,,NA,NA,Greenville,Greenville,"Fine, kaolinitic, thermic Rhodic Kandiudults",Ultisols,Udults,Kandiudults,Rhodic Kandiudults,Fine,Kaolinitic,NA,Thermic
24,250389,Ap,Probe,Dothan/ Stilson?,0-35,35,C,10YR3/2,3.85,89.75,6.4,S,ALL_CLASS_AGREE,,,1MGr,,many VF roots,4/17/2025,,,NA,NA,Dothan/ Stilson?,Dothan/ Stilson,NA,NA,NA,NA,NA,NA,NA,NA,NA
24,250390,AB,Probe,Stilson?,35-60,25,Gr,10YR3/1,8.665,75.25,16.085,SL,ALL_CLASS_AGREE,,,2MSBK,,few VF roots,4/17/2025,,,NA,NA,Stilson?,Stilson,"Loamy, siliceous, subactive, thermic Oxyaquic Paleudults",Ultisols,Udults,Paleudults,Oxyaquic Paleudults,Loamy,Siliceous,Subactive,Thermic
24,250391,Bt1,Probe,Stilson?,60-87,27,C,10YR5/6,12,76.4,11.6,SL,ALL_CLASS_AGREE,,,1MSBK,,few VF roots,4/17/2025,,,NA,NA,Stilson?,Stilson,"Loamy, siliceous, subactive, thermic Oxyaquic Paleudults",Ultisols,Udults,Paleudults,Oxyaquic Paleudults,Loamy,Siliceous,Subactive,Thermic
24,250392,Bt2,Probe,Stilson?,87-101,14,C,10YR5/8,45.5,44.25,10.25,C,RESCUED_5PCT,,,1MSBK,,few VF roots,4/17/2025,,,NA,NA,Stilson?,Stilson,"Loamy, siliceous, subactive, thermic Oxyaquic Paleudults",Ultisols,Udults,Paleudults,Oxyaquic Paleudults,Loamy,Siliceous,Subactive,Thermic
24,250393,Bt3,Probe,Stilson?,101-136,35,A,10YR4/6,44.6,42.65,12.75,C,ALL_CLASS_AGREE,,,1MSBK,,"Mn, many, large, 10YR2/1. many VF roots, ",4/17/2025,,,NA,NA,Stilson?,Stilson,"Loamy, siliceous, subactive, thermic Oxyaquic Paleudults",Ultisols,Udults,Paleudults,Oxyaquic Paleudults,Loamy,Siliceous,Subactive,Thermic
24,250394,Bt4,Probe/Auger,Stilson?,136-150+,14,,10YR5/8,44.85,43.55,11.6,C,ALL_CLASS_AGREE,,,1MSBK,,"few Mn, many soft iron conc. 7.5YR4/6.",4/17/2025,,,NA,NA,Stilson?,Stilson,"Loamy, siliceous, subactive, thermic Oxyaquic Paleudults",Ultisols,Udults,Paleudults,Oxyaquic Paleudults,Loamy,Siliceous,Subactive,Thermic
25,250395,Ap1,Probe,Lakeland?,0-24,24,C,7.5YR4/3,5,85.8,9.2,LS,ALL_CLASS_AGREE,,,1MGr,,F roots,4/17/2025,,,NA,NA,Lakeland?,Lakeland,"Thermic, coated Typic Quartzipsamments",Entisols,Psamments,Quartzipsamments,Typic Quartzipsamments,NA,NA,NA,Thermic
25,250396,Ap2,Probe,Lakeland?,24-45,21,A,7.5YR4/4,6.265,84.25,9.485,LS,ALL_CLASS_AGREE,,,1MGr,,VF roots common,4/17/2025,,,NA,NA,Lakeland?,Lakeland,"Thermic, coated Typic Quartzipsamments",Entisols,Psamments,Quartzipsamments,Typic Quartzipsamments,NA,NA,NA,Thermic
25,250397,Ab,Probe,Lakeland?,45-90,45,A,7.5YR3/2,21.5,63.25,15.25,SCL,ALL_CLASS_AGREE,,,2MSBK,,moisture present. 5YR4/6 concentrations. VF roots,4/17/2025,,,NA,NA,Lakeland?,Lakeland,"Thermic, coated Typic Quartzipsamments",Entisols,Psamments,Quartzipsamments,Typic Quartzipsamments,NA,NA,NA,Thermic
25,250398,Eb1,Probe,Lakeland?,90-117,27,Gr,10YR4/4,8.07,80.35,11.58,LS,ALL_CLASS_AGREE,,,1MSBK,,,4/17/2025,,,NA,NA,Lakeland?,Lakeland,"Thermic, coated Typic Quartzipsamments",Entisols,Psamments,Quartzipsamments,Typic Quartzipsamments,NA,NA,NA,Thermic
25,250399,Eb2,Probe,Lakeland?,117-163,46,C,10YR5/6,8.58,80.05,11.37,LS,ALL_CLASS_AGREE,,,1MSBK,,few 10YR5/8  concentrations,4/17/2025,,,NA,NA,Lakeland?,Lakeland,"Thermic, coated Typic Quartzipsamments",Entisols,Psamments,Quartzipsamments,Typic Quartzipsamments,NA,NA,NA,Thermic
25,250400,Eb3,Auger,Lakeland?,163-183,20,C,2.5Y6/4,7.09,82.7,10.21,LS,ALL_CLASS_AGREE,,,1MSBK,,"2.5Y7/2 depletions, 5%",4/17/2025,170,,NA,NA,Lakeland?,Lakeland,"Thermic, coated Typic Quartzipsamments",Entisols,Psamments,Quartzipsamments,Typic Quartzipsamments,NA,NA,NA,Thermic
25,250401,Btb,Auger,Lakeland?,183-200+,17,,10YR6/6,7.315,83.45,9.235,LS,ALL_CLASS_AGREE,,,1MSBK,,"2.5Y7/2 depletions, 3%. 10YR5/6 concentrations, 10%.",4/17/2025,,,NA,NA,Lakeland?,Lakeland,"Thermic, coated Typic Quartzipsamments",Entisols,Psamments,Quartzipsamments,Typic Quartzipsamments,NA,NA,NA,Thermic
31,250402,Ap1,Probe,Greenville,0-18,18,,10YR4/4,6.15,83.2,10.65,LS,ALL_CLASS_AGREE,,,1MGr,,,4/16/2025,,,NA,NA,Greenville,Greenville,"Fine, kaolinitic, thermic Rhodic Kandiudults",Ultisols,Udults,Kandiudults,Rhodic Kandiudults,Fine,Kaolinitic,NA,Thermic
31,250403,Ap2,Probe,Greenville,18-32,14,,7.5YR4/4,26.75,60.15,13.1,SCL,ALL_CLASS_AGREE,,,1MGr,,VF root,4/16/2025,,,NA,NA,Greenville,Greenville,"Fine, kaolinitic, thermic Rhodic Kandiudults",Ultisols,Udults,Kandiudults,Rhodic Kandiudults,Fine,Kaolinitic,NA,Thermic
31,250404,Bt1,Probe,Greenville,32-76,44,,2.5YR4/8,42.85,45.7,11.45,SC,RESCUED_5PCT,,,2CoSBK,,VF root,4/16/2025,,,NA,NA,Greenville,Greenville,"Fine, kaolinitic, thermic Rhodic Kandiudults",Ultisols,Udults,Kandiudults,Rhodic Kandiudults,Fine,Kaolinitic,NA,Thermic
31,250405,Bt2,Probe,Greenville,76-118,42,,2.5YR4/6,57.25,36.05,6.7,C,ALL_CLASS_AGREE,,,2CoSBK,,VF root,4/16/2025,,,NA,NA,Greenville,Greenville,"Fine, kaolinitic, thermic Rhodic Kandiudults",Ultisols,Udults,Kandiudults,Rhodic Kandiudults,Fine,Kaolinitic,NA,Thermic
31,250406,Bt3,Auger,Greenville,118-150+,32,,2.5YR4/6,52.75,39.9,7.35,C,ALL_CLASS_AGREE,,,2MSBK,,VF root,4/16/2025,,,NA,NA,Greenville,Greenville,"Fine, kaolinitic, thermic Rhodic Kandiudults",Ultisols,Udults,Kandiudults,Rhodic Kandiudults,Fine,Kaolinitic,NA,Thermic
32,250407,Ap,Probe,Orangeburg,0-10,10,C,10YR4/3,9.18,78.6,12.22,SL,ALL_CLASS_AGREE,,,1MGr,,,4/16/2025,,,NA,NA,Orangeburg,Orangeburg,"Fine-loamy, kaolinitic, thermic Typic Kandiudults",Ultisols,Udults,Kandiudults,Typic Kandiudults,Fine-loamy,Kaolinitic,NA,Thermic
32,250408,BA,Probe,Orangeburg,20-Oct,10,C,7.5YR3/4,27.4,58.75,13.85,SCL,ALL_CLASS_AGREE,,,2MSBK,,org stains,4/16/2025,,,NA,NA,Orangeburg,Orangeburg,"Fine-loamy, kaolinitic, thermic Typic Kandiudults",Ultisols,Udults,Kandiudults,Typic Kandiudults,Fine-loamy,Kaolinitic,NA,Thermic
32,250409,Bt1,Probe,Orangeburg,20-47,27,Gr,7.5YR4/6,36.2,50.3,13.5,SC,ALL_CLASS_AGREE,,,2MSBK,,Few org stains,4/16/2025,,,NA,NA,Orangeburg,Orangeburg,"Fine-loamy, kaolinitic, thermic Typic Kandiudults",Ultisols,Udults,Kandiudults,Typic Kandiudults,Fine-loamy,Kaolinitic,NA,Thermic
32,250410,Bt2,Probe/Auger,Orangeburg,47-112,65,C,7.5YR5/8,43.2,47,9.8,SC,ALL_CLASS_AGREE,,,1MSBK,,few charcoal,4/16/2025,,,NA,NA,Orangeburg,Orangeburg,"Fine-loamy, kaolinitic, thermic Typic Kandiudults",Ultisols,Udults,Kandiudults,Typic Kandiudults,Fine-loamy,Kaolinitic,NA,Thermic
32,250411,Bt3,Auger,Orangeburg,112-150+,38,,10YR5/8,36.55,54.45,9,SC,ALL_CLASS_AGREE,,,2MSBK,,,4/16/2025,,,NA,NA,Orangeburg,Orangeburg,"Fine-loamy, kaolinitic, thermic Typic Kandiudults",Ultisols,Udults,Kandiudults,Typic Kandiudults,Fine-loamy,Kaolinitic,NA,Thermic
33,250412,Ap,Probe,Orangeburg,0-22,22,Ab,10YR4/3,5.13,86.95,7.92,LS,ALL_CLASS_AGREE,S,,1MGr,,,4/16/2025,,,NA,NA,Orangeburg,Orangeburg,"Fine-loamy, kaolinitic, thermic Typic Kandiudults",Ultisols,Udults,Kandiudults,Typic Kandiudults,Fine-loamy,Kaolinitic,NA,Thermic
33,250413,BA,Probe,Orangeburg,22-42,20,C,10YR4/6,20.9,66.95,12.15,SCL,CLASS_OK,,,1MSBK,,org stains common,4/16/2025,,,NA,NA,Orangeburg,Orangeburg,"Fine-loamy, kaolinitic, thermic Typic Kandiudults",Ultisols,Udults,Kandiudults,Typic Kandiudults,Fine-loamy,Kaolinitic,NA,Thermic
33,250414,Bt1,Probe,Orangeburg,42-77,35,Gr,7.5YR4/6,31.15,57.8,11.05,SCL,OK,,,2MSBK,,VF roots common,4/16/2025,,,NA,NA,Orangeburg,Orangeburg,"Fine-loamy, kaolinitic, thermic Typic Kandiudults",Ultisols,Udults,Kandiudults,Typic Kandiudults,Fine-loamy,Kaolinitic,NA,Thermic
33,250415,Bt2,Probe/Auger,Orangeburg,77-120,43,Gr,7.5YR5/8,19.4,68,12.6,SL,OK,,,2CoSBK,,VF roots common,4/16/2025,,,NA,NA,Orangeburg,Orangeburg,"Fine-loamy, kaolinitic, thermic Typic Kandiudults",Ultisols,Udults,Kandiudults,Typic Kandiudults,Fine-loamy,Kaolinitic,NA,Thermic
33,250416,Bt3,Auger,Orangeburg,120-154+,34,,10YR5/8,27.55,64.25,8.2,SCL,CLASS_OK,SCL,,2CoSBK,,,4/16/2025,,,NA,NA,Orangeburg,Orangeburg,"Fine-loamy, kaolinitic, thermic Typic Kandiudults",Ultisols,Udults,Kandiudults,Typic Kandiudults,Fine-loamy,Kaolinitic,NA,Thermic
35,250417,^Ap,Probe,Lakeland?,0-21,21,C,10YR4/4,5.58,90.15,4.27,S,ALL_CLASS_AGREE,,,1MGr,,,4/17/2025,,,1,NA,Lakeland?,Lakeland,"Thermic, coated Typic Quartzipsamments",Entisols,Psamments,Quartzipsamments,Typic Quartzipsamments,NA,NA,NA,Thermic
35,250418,^C1,Probe,Lakeland?,21-70,49,,10YR3/4,13.05,69.5,17.45,SL,ALL_CLASS_AGREE,,,SLSMA,,50% 10YR3/3. common charcoal,4/17/2025,,,1,NA,Lakeland?,Lakeland,"Thermic, coated Typic Quartzipsamments",Entisols,Psamments,Quartzipsamments,Typic Quartzipsamments,NA,NA,NA,Thermic
35,250419,^C2,Probe,Lakeland?,70-95,25,,7.5YR4/6,6.155,91,2.845,S,ALL_CLASS_AGREE,,,SLSSG,,,4/17/2025,,,1,NA,Lakeland?,Lakeland,"Thermic, coated Typic Quartzipsamments",Entisols,Psamments,Quartzipsamments,Typic Quartzipsamments,NA,NA,NA,Thermic
35,250420,Ab,Probe/Auger,Lakeland?,95-129,34,,2.5Y2/1,6.38,82,11.62,LS,ALL_CLASS_AGREE,,,1MSBK,,50% 10YR3/2.,4/17/2025,,,1,NA,Lakeland?,Lakeland,"Thermic, coated Typic Quartzipsamments",Entisols,Psamments,Quartzipsamments,Typic Quartzipsamments,NA,NA,NA,Thermic
35,250421,Bwb,Auger,Lakeland?,129-145+,16,,10YR5/6,9.12,81.7,9.18,LS,CLASS_OK,,,2MSBK,,"50% 10YR5/4. org stains, mystery horizon?",4/17/2025,135 cm,,1,NA,Lakeland?,Lakeland,"Thermic, coated Typic Quartzipsamments",Entisols,Psamments,Quartzipsamments,Typic Quartzipsamments,NA,NA,NA,Thermic
36,250422,Ap,Probe,Orangeburg,0-25,25,C,10YR3/3,5.935,86.4,7.665,LS,RESCUED_5PCT,,,1MGr,,F/VF roots,4/17/2025,,,NA,NA,Orangeburg,Orangeburg,"Fine-loamy, kaolinitic, thermic Typic Kandiudults",Ultisols,Udults,Kandiudults,Typic Kandiudults,Fine-loamy,Kaolinitic,NA,Thermic
36,250423,BA,Probe,Orangeburg,25-39,14,C,5YR4/4,13.3,76.85,9.85,SL,CLASS_OK,,,1CoSBK,,F/VF roots,4/17/2025,,,NA,NA,Orangeburg,Orangeburg,"Fine-loamy, kaolinitic, thermic Typic Kandiudults",Ultisols,Udults,Kandiudults,Typic Kandiudults,Fine-loamy,Kaolinitic,NA,Thermic
36,250424,Bt1,Probe,Orangeburg,39-70,31,Gr,5YR4/6,25.65,64.1,10.25,SCL,ALL_CLASS_AGREE,,,2MSBK,,F/VF roots,4/17/2025,,,NA,NA,Orangeburg,Orangeburg,"Fine-loamy, kaolinitic, thermic Typic Kandiudults",Ultisols,Udults,Kandiudults,Typic Kandiudults,Fine-loamy,Kaolinitic,NA,Thermic
36,250425,Bt2,Probe,Orangeburg,70-96,26,Gr,5YR4/6,26,63.9,10.1,SCL,ALL_CLASS_AGREE,,,1MSBK,,"common bleached root channels, F/VF roots",4/17/2025,,,NA,NA,Orangeburg,Orangeburg,"Fine-loamy, kaolinitic, thermic Typic Kandiudults",Ultisols,Udults,Kandiudults,Typic Kandiudults,Fine-loamy,Kaolinitic,NA,Thermic
36,250426,Bt3,Probe/Auger,Orangeburg,96-150+,54,,2.5YR4/8,29,63.25,7.75,SCL,ALL_CLASS_AGREE,,,1MSBK,,"few bleached root channels, F/VF roots",4/17/2025,,,NA,NA,Orangeburg,Orangeburg,"Fine-loamy, kaolinitic, thermic Typic Kandiudults",Ultisols,Udults,Kandiudults,Typic Kandiudults,Fine-loamy,Kaolinitic,NA,Thermic
41,250427,Ap,Probe,Orangeburg,0-19,19,C,10YR3/3,7.065,81.5,11.435,LS,ALL_CLASS_AGREE,,,1FGr,,VF roots common,4/16/2025,,,NA,NA,Orangeburg,Orangeburg,"Fine-loamy, kaolinitic, thermic Typic Kandiudults",Ultisols,Udults,Kandiudults,Typic Kandiudults,Fine-loamy,Kaolinitic,NA,Thermic
41,250428,AB,Probe,Orangeburg,19-54,35,C,7.5YR3/4,15.4,71.05,13.55,SL,ALL_CLASS_AGREE,,,1MSBK,,"org stains and charcoal,VF roots common",4/16/2025,,,NA,NA,Orangeburg,Orangeburg,"Fine-loamy, kaolinitic, thermic Typic Kandiudults",Ultisols,Udults,Kandiudults,Typic Kandiudults,Fine-loamy,Kaolinitic,NA,Thermic
41,250429,Bt1,Probe,Orangeburg,54-114,60,Gr,5YR4/6,28.65,60.5,10.85,SCL,ALL_CLASS_AGREE,,,2MSBK,,VF roots common,4/16/2025,,,NA,NA,Orangeburg,Orangeburg,"Fine-loamy, kaolinitic, thermic Typic Kandiudults",Ultisols,Udults,Kandiudults,Typic Kandiudults,Fine-loamy,Kaolinitic,NA,Thermic
41,250430,Bt2,Auger,Orangeburg,114-150+,36,,5YR4/6,24.5,66.5,9,SCL,CLASS_OK,,,2MSBK,,,4/16/2025,,,NA,NA,Orangeburg,Orangeburg,"Fine-loamy, kaolinitic, thermic Typic Kandiudults",Ultisols,Udults,Kandiudults,Typic Kandiudults,Fine-loamy,Kaolinitic,NA,Thermic
42,250431,Ap1,Probe,Dothan,0-23,23,C,10YR4/3,6.43,85.2,8.37,LS,ALL_CLASS_AGREE,,,1MGr,,,4/16/2025,,,NA,NA,Dothan,Dothan,"Fine-loamy, kaolinitic, thermic Plinthic Kandiudults",Ultisols,Udults,Kandiudults,Plinthic Kandiudults,Fine-loamy,Kaolinitic,NA,Thermic
42,250432,Ap2,Probe,Dothan,23-39,16,Ab,10YR4/4,6.565,85.4,8.035,LS,ALL_CLASS_AGREE,,,1MGr,,,4/16/2025,,,NA,NA,Dothan,Dothan,"Fine-loamy, kaolinitic, thermic Plinthic Kandiudults",Ultisols,Udults,Kandiudults,Plinthic Kandiudults,Fine-loamy,Kaolinitic,NA,Thermic
42,250433,Bt1,Probe,Dothan,39-70,31,C,10YR5/6,17.3,70.6,12.1,SL,CLASS_OK,,,2CoSBK,,,4/16/2025,,,NA,NA,Dothan,Dothan,"Fine-loamy, kaolinitic, thermic Plinthic Kandiudults",Ultisols,Udults,Kandiudults,Plinthic Kandiudults,Fine-loamy,Kaolinitic,NA,Thermic
42,250434,Bt2,Probe,Dothan,70-105,35,C,10YR5/8,40.55,50,9.45,SC,CLASS_OK,,,2CoSBK,,"plinthite, soft, 5%",4/16/2025,,,NA,NA,Dothan,Dothan,"Fine-loamy, kaolinitic, thermic Plinthic Kandiudults",Ultisols,Udults,Kandiudults,Plinthic Kandiudults,Fine-loamy,Kaolinitic,NA,Thermic
42,250435,Btv1,Probe/Auger,Dothan,105-140,35,C,10YR5/8,38.6,52.6,8.8,SC,CLASS_OK,,,2CoSBK,,"few 2.5Y7/2 depletions, plinthite 5YR4/6 10%, iron conc 7.5YR5/8 10%",4/16/2025,,,NA,NA,Dothan,Dothan,"Fine-loamy, kaolinitic, thermic Plinthic Kandiudults",Ultisols,Udults,Kandiudults,Plinthic Kandiudults,Fine-loamy,Kaolinitic,NA,Thermic
42,250436,Btv2,Auger,Dothan,140-150+,10,,10YR5/6,40.5,52.6,6.9,SC,CLASS_OK,,,2CoSBK,,"plinthite, 2.5YR4/8, 25%",4/16/2025,,,NA,NA,Dothan,Dothan,"Fine-loamy, kaolinitic, thermic Plinthic Kandiudults",Ultisols,Udults,Kandiudults,Plinthic Kandiudults,Fine-loamy,Kaolinitic,NA,Thermic
43,250437,Ap,Probe,Stilson?,0-31,31,Ab,10YR4/2,5.57,84.1,10.33,LS,ALL_CLASS_AGREE,LS,,1MGr,,,4/16/2025,,,NA,NA,Stilson?,Stilson,"Loamy, siliceous, subactive, thermic Oxyaquic Paleudults",Ultisols,Udults,Paleudults,Oxyaquic Paleudults,Loamy,Siliceous,Subactive,Thermic
43,250438,BE,Probe,Stilson?,31-63,32,C,10YR5/4,16.5,67.05,16.45,SL,CLASS_OK,SL,,1MSBK,,,4/16/2025,,,NA,NA,Stilson?,Stilson,"Loamy, siliceous, subactive, thermic Oxyaquic Paleudults",Ultisols,Udults,Paleudults,Oxyaquic Paleudults,Loamy,Siliceous,Subactive,Thermic
43,250439,Bt1,Probe/Auger,Stilson?,63-93,30,C,10YR5/6,14.2,72.75,13.05,SL,ALL_CLASS_AGREE,SL,,1MSBK,,"10YR5/8 plinthite, common (3%). org stains. root channel depletions.",4/16/2025,,,NA,NA,Stilson?,Stilson,"Loamy, siliceous, subactive, thermic Oxyaquic Paleudults",Ultisols,Udults,Paleudults,Oxyaquic Paleudults,Loamy,Siliceous,Subactive,Thermic
43,250440,Bt2,Auger,Stilson?,93-112,19,C,10YR6/4,10.07,77.9,12.03,SL,RESCUED_5PCT,SL,,2MSBK,,"10YR5/8 iron concentrations, common(5%)",4/16/2025,,,NA,NA,Stilson?,Stilson,"Loamy, siliceous, subactive, thermic Oxyaquic Paleudults",Ultisols,Udults,Paleudults,Oxyaquic Paleudults,Loamy,Siliceous,Subactive,Thermic
43,250441,Btg,Auger,Stilson?,112-150+,38,,2.5Y7/2,10.145,77.85,12.005,SL,RESCUED_5PCT,LS,,2MSBK,,"10YR5/8 soft iron masses. 5Y7/2 white depletions, many.",4/16/2025,,,NA,NA,Stilson?,Stilson,"Loamy, siliceous, subactive, thermic Oxyaquic Paleudults",Ultisols,Udults,Paleudults,Oxyaquic Paleudults,Loamy,Siliceous,Subactive,Thermic
45,250442,Ap1,Probe,Greenville,0-19,19,C,7.5YR4/3,6.24,84.3,9.46,LS,ALL_CLASS_AGREE,,,1MGr,,many F/VF roots,4/17/2025,,,NA,NA,Greenville,Greenville,"Fine, kaolinitic, thermic Rhodic Kandiudults",Ultisols,Udults,Kandiudults,Rhodic Kandiudults,Fine,Kaolinitic,NA,Thermic
45,250443,Ap2,Probe,Greenville,19-35,16,Ab,7.5YR4/4,8.17,83.55,8.28,LS,CLASS_OK,,,1CoGr,,somewhat blocky... large biopores. VF roots common. ,4/17/2025,,,NA,NA,Greenville,Greenville,"Fine, kaolinitic, thermic Rhodic Kandiudults",Ultisols,Udults,Kandiudults,Rhodic Kandiudults,Fine,Kaolinitic,NA,Thermic
45,250444,Bt1,Probe,Greenville,35-66,31,Gr,2.5YR3/6,69,25.6,5.4,C,ALL_CLASS_AGREE,,,2CoSBK,,,4/17/2025,,,NA,NA,Greenville,Greenville,"Fine, kaolinitic, thermic Rhodic Kandiudults",Ultisols,Udults,Kandiudults,Rhodic Kandiudults,Fine,Kaolinitic,NA,Thermic
45,250445,Bt2,Probe/Auger,Greenville,66-115,49,Gr,2.5YR3/6,71.15,25.35,3.5,C,ALL_CLASS_AGREE,,,2CoSBK,,,4/17/2025,,,NA,NA,Greenville,Greenville,"Fine, kaolinitic, thermic Rhodic Kandiudults",Ultisols,Udults,Kandiudults,Rhodic Kandiudults,Fine,Kaolinitic,NA,Thermic
45,250446,Bt3,Auger,Greenville,115-150+,35,,2.5YR3/6,68.3,27.65,4.05,C,ALL_CLASS_AGREE,,,2CoSBK,,rounded ironstone.,4/17/2025,,,NA,NA,Greenville,Greenville,"Fine, kaolinitic, thermic Rhodic Kandiudults",Ultisols,Udults,Kandiudults,Rhodic Kandiudults,Fine,Kaolinitic,NA,Thermic
46,250447,Ap,Probe,Greenville,0-18,18,Ab,7.5YR4/3,12.4,78.45,9.15,SL,CLASS_OK,,,1MGr,,,4/17/2025,,,NA,NA,Greenville,Greenville,"Fine, kaolinitic, thermic Rhodic Kandiudults",Ultisols,Udults,Kandiudults,Rhodic Kandiudults,Fine,Kaolinitic,NA,Thermic
46,250448,BA,Probe,Greenville,18-34,16,Ab,5YR4/6,5.175,92,2.825,S,ALL_CLASS_AGREE,,,1MSBK,,,4/17/2025,,,NA,NA,Greenville,Greenville,"Fine, kaolinitic, thermic Rhodic Kandiudults",Ultisols,Udults,Kandiudults,Rhodic Kandiudults,Fine,Kaolinitic,NA,Thermic
46,250449,Bt1,Probe,Greenville,34-87,53,Gr,2.5YR3/6,73.35,22.6,4.05,C,ALL_CLASS_AGREE,,,2MSBK,,org stains,4/17/2025,,,NA,NA,Greenville,Greenville,"Fine, kaolinitic, thermic Rhodic Kandiudults",Ultisols,Udults,Kandiudults,Rhodic Kandiudults,Fine,Kaolinitic,NA,Thermic
46,250450,Bt2,Probe/Auger,Greenville,87-150+,63,,2.5YR3/6,76.25,21.05,2.7,C,ALL_CLASS_AGREE,,,2CoSBK,,,4/17/2025,,,NA,NA,Greenville,Greenville,"Fine, kaolinitic, thermic Rhodic Kandiudults",Ultisols,Udults,Kandiudults,Rhodic Kandiudults,Fine,Kaolinitic,NA,Thermic
52,250451,Ap1,Probe,Compass?,0-8,8,C,10YR4/2,5.295,85.15,9.555,LS,ALL_CLASS_AGREE,LS,,,,,4/16/2025,,,NA,NA,Compass?,Compass,"Coarse-loamy, siliceous, subactive, thermic Plinthic Paleudults",Ultisols,Udults,Paleudults,Plinthic Paleudults,Coarse-loamy,Siliceous,Subactive,Thermic
52,250452,Ap2,Probe,Compass?,31-Aug,23,C,10YR4/2,5.58,84.3,10.12,LS,ALL_CLASS_AGREE,LS,,,,org stains,4/16/2025,,,NA,NA,Compass?,Compass,"Coarse-loamy, siliceous, subactive, thermic Plinthic Paleudults",Ultisols,Udults,Paleudults,Plinthic Paleudults,Coarse-loamy,Siliceous,Subactive,Thermic
52,250453,AE,Probe,Compass?,31-52,21,C,10YR4/3,7.1,81.75,11.15,LS,ALL_CLASS_AGREE,LS,,,,org stains,4/16/2025,,,NA,NA,Compass?,Compass,"Coarse-loamy, siliceous, subactive, thermic Plinthic Paleudults",Ultisols,Udults,Paleudults,Plinthic Paleudults,Coarse-loamy,Siliceous,Subactive,Thermic
52,250454,E1,Probe,Compass?,52-74,22,C,7.5YR5/6,7.785,80.35,11.865,LS,RESCUED_5PCT,LS,,,,org stains,4/16/2025,,,NA,NA,Compass?,Compass,"Coarse-loamy, siliceous, subactive, thermic Plinthic Paleudults",Ultisols,Udults,Paleudults,Plinthic Paleudults,Coarse-loamy,Siliceous,Subactive,Thermic
52,250455,E2,Probe,Compass?,74-98,24,C,7.5YR6/6,6.575,82.15,11.275,LS,ALL_CLASS_AGREE,LS,,,,uncoated grains common,4/16/2025,,,NA,NA,Compass?,Compass,"Coarse-loamy, siliceous, subactive, thermic Plinthic Paleudults",Ultisols,Udults,Paleudults,Plinthic Paleudults,Coarse-loamy,Siliceous,Subactive,Thermic
52,250456,E3,Probe/Auger,Compass?,98-140,42,Gr,7.5YR7/4,5.13,85.75,9.12,LS,ALL_CLASS_AGREE,S,,,,"many uncoated sand grains, 7.5YR7/2.",4/16/2025,,,NA,NA,Compass?,Compass,"Coarse-loamy, siliceous, subactive, thermic Plinthic Paleudults",Ultisols,Udults,Paleudults,Plinthic Paleudults,Coarse-loamy,Siliceous,Subactive,Thermic
52,250457,Bt,Auger,Compass?,140-190,50,C,10YR5/8,8.975,80.3,10.725,LS,RESCUED_5PCT,SL,,,,"clean sand 25%. 2.5YR6/3 depletions.7.5YR4/6 plinthite, few.",4/16/2025,,,NA,NA,Compass?,Compass,"Coarse-loamy, siliceous, subactive, thermic Plinthic Paleudults",Ultisols,Udults,Paleudults,Plinthic Paleudults,Coarse-loamy,Siliceous,Subactive,Thermic
52,250458,Btv,Auger,Compass?,190-213+,23,,10YR6/6,8.585,81.9,9.515,LS,ALL_CLASS_AGREE,SL,,,,"7.5YR4/6 plinthite, 12%. free water.",4/16/2025,190,,NA,NA,Compass?,Compass,"Coarse-loamy, siliceous, subactive, thermic Plinthic Paleudults",Ultisols,Udults,Paleudults,Plinthic Paleudults,Coarse-loamy,Siliceous,Subactive,Thermic
8,250459,Ap,Probe,Stilson,0-21,21,C,10YR4/3,4.685,87.55,7.765,S,ALL_CLASS_AGREE,,,1MGr,,VF roots,4/30/2025,,,NA,NA,Stilson,Stilson,"Loamy, siliceous, subactive, thermic Oxyaquic Paleudults",Ultisols,Udults,Paleudults,Oxyaquic Paleudults,Loamy,Siliceous,Subactive,Thermic
8,250460,BE,Probe,Stilson,21-45,24,Gr,10YR5/6,8.43,79.35,12.22,LS,RESCUED_5PCT,,,1MSBK,,VF roots,4/30/2025,,,NA,NA,Stilson,Stilson,"Loamy, siliceous, subactive, thermic Oxyaquic Paleudults",Ultisols,Udults,Paleudults,Oxyaquic Paleudults,Loamy,Siliceous,Subactive,Thermic
8,250461,Bt,Probe/Auger,Stilson,45-116,71,Gr,7.5YR5/6,13,75,12,SL,ALL_CLASS_AGREE,,,1MSBK,,,4/30/2025,,,NA,NA,Stilson,Stilson,"Loamy, siliceous, subactive, thermic Oxyaquic Paleudults",Ultisols,Udults,Paleudults,Oxyaquic Paleudults,Loamy,Siliceous,Subactive,Thermic
8,250462,Btv,Auger,Stilson,116-150+,34,,10YR7/6,17.3,72.25,10.45,SL,CLASS_OK,,,1MSBK,,"plinthite, common, 7.5YR5/8, 10% is 2.5YR4/8. Clean sand and large alluvial rounded quartz",4/30/2025,158,,NA,NA,Stilson,Stilson,"Loamy, siliceous, subactive, thermic Oxyaquic Paleudults",Ultisols,Udults,Paleudults,Oxyaquic Paleudults,Loamy,Siliceous,Subactive,Thermic
49,250463,^Ap,Probe,Greenville,0-29,29,C,10YR4/4,5.35,84.7,9.95,LS,ALL_CLASS_AGREE,,,1MGr,,,4/30/2025,,,1,NA,Greenville,Greenville,"Fine, kaolinitic, thermic Rhodic Kandiudults",Ultisols,Udults,Kandiudults,Rhodic Kandiudults,Fine,Kaolinitic,NA,Thermic
49,250464,^C1,Probe,Greenville,29-43,14,C,7.5YR3/3,13.55,71.85,14.6,SL,ALL_CLASS_AGREE,,,SLSMA,,org stains,4/30/2025,,,1,NA,Greenville,Greenville,"Fine, kaolinitic, thermic Rhodic Kandiudults",Ultisols,Udults,Kandiudults,Rhodic Kandiudults,Fine,Kaolinitic,NA,Thermic
49,250465,^C2,Probe,Greenville,43-67,24,C,5YR4/6,26.85,59.5,13.65,SCL,ALL_CLASS_AGREE,,,SLSMA,,"many charcoal, 20%",4/30/2025,,,1,NA,Greenville,Greenville,"Fine, kaolinitic, thermic Rhodic Kandiudults",Ultisols,Udults,Kandiudults,Rhodic Kandiudults,Fine,Kaolinitic,NA,Thermic
49,250466,^C3,Probe,Greenville,67-103,36,Gr,7.5YR4/4,35.6,51.45,12.95,SC,OK,,,SLSMA,,"few charcoal, 5%",4/30/2025,,,1,NA,Greenville,Greenville,"Fine, kaolinitic, thermic Rhodic Kandiudults",Ultisols,Udults,Kandiudults,Rhodic Kandiudults,Fine,Kaolinitic,NA,Thermic
49,250467,Bt,Probe/Auger,Greenville,103-150+,47,,2.5YR4/6,69.2,26.85,3.95,C,ALL_CLASS_AGREE,,,2CoSBK,,,4/30/2025,,,1,NA,Greenville,Greenville,"Fine, kaolinitic, thermic Rhodic Kandiudults",Ultisols,Udults,Kandiudults,Rhodic Kandiudults,Fine,Kaolinitic,NA,Thermic
17,250468,Ap,Probe,Orangeburg,0-18,18,C,10YR4/3,4.52,87.9,7.58,S,CLASS_OK,,,1MGr,,,4/30/2025,,,NA,NA,Orangeburg,Orangeburg,"Fine-loamy, kaolinitic, thermic Typic Kandiudults",Ultisols,Udults,Kandiudults,Typic Kandiudults,Fine-loamy,Kaolinitic,NA,Thermic
17,250469,BA,Probe,Orangeburg,18-29,11,C,7.5YR4/4,11.9,76.7,11.4,SL,CLASS_OK,,,1MSBK,,,4/30/2025,,,NA,NA,Orangeburg,Orangeburg,"Fine-loamy, kaolinitic, thermic Typic Kandiudults",Ultisols,Udults,Kandiudults,Typic Kandiudults,Fine-loamy,Kaolinitic,NA,Thermic
17,250470,Bt1,Probe,Orangeburg,29-77,48,Gr,7.5YR4/6,12.7,75.05,12.25,SL,ALL_CLASS_AGREE,,,1MSBK,,root channels and stripped root pores,4/30/2025,,,NA,NA,Orangeburg,Orangeburg,"Fine-loamy, kaolinitic, thermic Typic Kandiudults",Ultisols,Udults,Kandiudults,Typic Kandiudults,Fine-loamy,Kaolinitic,NA,Thermic
17,250471,Bt2,Probe/Auger,Orangeburg,77-116,39,Gr,5YR4/6,25.45,65.7,8.85,SCL,CLASS_OK,,,1MSBK,,,4/30/2025,,,NA,NA,Orangeburg,Orangeburg,"Fine-loamy, kaolinitic, thermic Typic Kandiudults",Ultisols,Udults,Kandiudults,Typic Kandiudults,Fine-loamy,Kaolinitic,NA,Thermic
17,250472,Bt3,Auger,Orangeburg,116-150+,34,,5YR5/8,13.3,78.55,8.15,SL,CLASS_OK,,,1MSBK,,,4/30/2025,,,NA,NA,Orangeburg,Orangeburg,"Fine-loamy, kaolinitic, thermic Typic Kandiudults",Ultisols,Udults,Kandiudults,Typic Kandiudults,Fine-loamy,Kaolinitic,NA,Thermic
48,250473,Ap,Probe,Greenville,0-11,11,C,10YR3/3,21.15,62.55,16.3,SCL,ALL_CLASS_AGREE,,,,VFR,,4/30/2025,,,1,NA,Greenville,Greenville,"Fine, kaolinitic, thermic Rhodic Kandiudults",Ultisols,Udults,Kandiudults,Rhodic Kandiudults,Fine,Kaolinitic,NA,Thermic
48,250474,^C1,Probe,Greenville,Nov-39,28,A,2.5YR3/4,32.05,50.75,17.2,SCL,ALL_CLASS_AGREE,,,,F,"organic stains, 75% red, 25% 7.5YR 3/2",4/30/2025,,,1,NA,Greenville,Greenville,"Fine, kaolinitic, thermic Rhodic Kandiudults",Ultisols,Udults,Kandiudults,Rhodic Kandiudults,Fine,Kaolinitic,NA,Thermic
48,250475,^C2,Probe,Greenville,39-60,21,A,2.5YR3/6,58.55,32.65,8.8,C,ALL_CLASS_AGREE,,,,EF,compacted,4/30/2025,,,1,NA,Greenville,Greenville,"Fine, kaolinitic, thermic Rhodic Kandiudults",Ultisols,Udults,Kandiudults,Rhodic Kandiudults,Fine,Kaolinitic,NA,Thermic
48,250476,^C3,Probe,Greenville,60-78,18,A,2.5YR3/6,70.3,22.2,7.5,C,ALL_CLASS_AGREE,,,,,"ironstone,charcoal, organic stains, 2.5YR 3/3 many ",4/30/2025,,,1,NA,Greenville,Greenville,"Fine, kaolinitic, thermic Rhodic Kandiudults",Ultisols,Udults,Kandiudults,Rhodic Kandiudults,Fine,Kaolinitic,NA,Thermic
48,250477,Bt1,Probe/Auger,Greenville,78-100,22,Gr,2.5YR4/6,69.45,24.95,5.6,C,ALL_CLASS_AGREE,,,,EF,Compacted,4/30/2025,,,1,NA,Greenville,Greenville,"Fine, kaolinitic, thermic Rhodic Kandiudults",Ultisols,Udults,Kandiudults,Rhodic Kandiudults,Fine,Kaolinitic,NA,Thermic
48,250478,Bt2,Auger,Greenville,100-150,50,,2.5YR4/6,71.5,23.95,4.55,C,ALL_CLASS_AGREE,,,,F,,4/30/2025,,,1,NA,Greenville,Greenville,"Fine, kaolinitic, thermic Rhodic Kandiudults",Ultisols,Udults,Kandiudults,Rhodic Kandiudults,Fine,Kaolinitic,NA,Thermic
38,250479,Ap,Probe,Greenville,0-26,26,A,10YR4/3,5.915,83.15,10.935,LS,ALL_CLASS_AGREE,,,1MGr,,fine roots,4/30/2025,,,NA,NA,Greenville,Greenville,"Fine, kaolinitic, thermic Rhodic Kandiudults",Ultisols,Udults,Kandiudults,Rhodic Kandiudults,Fine,Kaolinitic,NA,Thermic
38,250480,Bt1,Probe,Greenville,26-41,15,C,5YR4/6,35.25,56.6,8.15,SC,OK,,,2MSBK,,fine roots,4/30/2025,,,NA,NA,Greenville,Greenville,"Fine, kaolinitic, thermic Rhodic Kandiudults",Ultisols,Udults,Kandiudults,Rhodic Kandiudults,Fine,Kaolinitic,NA,Thermic
38,250481,Bt2,Probe,Greenville,41-69,28,Gr,2.5YR4/8,59,30.7,10.3,C,CLASS_OK,,,2MSBK,,"large root pores, fine roots",4/30/2025,,,NA,NA,Greenville,Greenville,"Fine, kaolinitic, thermic Rhodic Kandiudults",Ultisols,Udults,Kandiudults,Rhodic Kandiudults,Fine,Kaolinitic,NA,Thermic
38,250482,Bt3,Probe/Auger,Greenville,69-111,42,Gr,2.5YR3/6,67.65,27.35,5,C,ALL_CLASS_AGREE,,,2CoSBK,,"large root pores, fine roots",4/30/2025,,,NA,NA,Greenville,Greenville,"Fine, kaolinitic, thermic Rhodic Kandiudults",Ultisols,Udults,Kandiudults,Rhodic Kandiudults,Fine,Kaolinitic,NA,Thermic
38,250483,Bt4,Auger,Greenville,111-150+,39,,2.5YR3/6,70,26,4,C,ALL_CLASS_AGREE,,,2CoSBK,,"large  roots, common",4/30/2025,,,NA,NA,Greenville,Greenville,"Fine, kaolinitic, thermic Rhodic Kandiudults",Ultisols,Udults,Kandiudults,Rhodic Kandiudults,Fine,Kaolinitic,NA,Thermic
16,250484,Ap,Probe,Lakeland?,0-30,30,A,10YR3/4,4.595,87.55,7.855,S,ALL_CLASS_AGREE,,,1MGr,,,4/30/2025,,,NA,NA,Lakeland?,Lakeland,"Thermic, coated Typic Quartzipsamments",Entisols,Psamments,Quartzipsamments,Typic Quartzipsamments,NA,NA,NA,Thermic
16,250485,Bw,Probe,Lakeland?,30-66,36,A,10YR4/6,6.725,84.45,8.825,LS,ALL_CLASS_AGREE,,,1MSBK,,stripped sand,4/30/2025,,,NA,NA,Lakeland?,Lakeland,"Thermic, coated Typic Quartzipsamments",Entisols,Psamments,Quartzipsamments,Typic Quartzipsamments,NA,NA,NA,Thermic
16,250486,Ab,Probe,Lakeland?,66-83,17,A,10YR4/6,6.925,82.1,10.975,LS,ALL_CLASS_AGREE,,,1MSBK,,"50% 10YR3/2, stratified organic stains.",4/30/2025,,,NA,NA,Lakeland?,Lakeland,"Thermic, coated Typic Quartzipsamments",Entisols,Psamments,Quartzipsamments,Typic Quartzipsamments,NA,NA,NA,Thermic
16,250487,Bwb,Probe/Auger,Lakeland?,83-155,72,C,10YR7/4,5.445,86.5,8.055,LS,RESCUED_5PCT,,,1MSBK,,stripped sand grains + organic stains,4/30/2025,,,NA,NA,Lakeland?,Lakeland,"Thermic, coated Typic Quartzipsamments",Entisols,Psamments,Quartzipsamments,Typic Quartzipsamments,NA,NA,NA,Thermic
16,250488,C,Auger,Lakeland?,155-180+,25,,10YR5/8,4.355,89.8,5.845,S,ALL_CLASS_AGREE,,,SRSSG,,,4/30/2025,,,NA,NA,Lakeland?,Lakeland,"Thermic, coated Typic Quartzipsamments",Entisols,Psamments,Quartzipsamments,Typic Quartzipsamments,NA,NA,NA,Thermic
37,250489,Ap,Probe,Greenville,0-17,17,C,7.5YR4/4,5.52,86.6,7.88,LS,RESCUED_5PCT,,,1MGr,,very fine roots,4/30/2025,,,NA,NA,Greenville,Greenville,"Fine, kaolinitic, thermic Rhodic Kandiudults",Ultisols,Udults,Kandiudults,Rhodic Kandiudults,Fine,Kaolinitic,NA,Thermic
37,250490,Bt1,Probe,Greenville,17-46,29,Gr,2.5YR4/6,39.95,49.25,10.8,SC,CLASS_OK,,,2CoSBK,,very fine roots,4/30/2025,,,NA,NA,Greenville,Greenville,"Fine, kaolinitic, thermic Rhodic Kandiudults",Ultisols,Udults,Kandiudults,Rhodic Kandiudults,Fine,Kaolinitic,NA,Thermic
37,250491,Bt2,Probe,Greenville,46-90,44,D,10R4/6,66.2,27.6,6.2,C,ALL_CLASS_AGREE,,,2CoSBK,,very fine roots,4/30/2025,,,NA,NA,Greenville,Greenville,"Fine, kaolinitic, thermic Rhodic Kandiudults",Ultisols,Udults,Kandiudults,Rhodic Kandiudults,Fine,Kaolinitic,NA,Thermic
37,250492,Bt3,Probe/Auger,Greenville,90-150+,60,,10R4/6,73,24.25,2.75,C,ALL_CLASS_AGREE,,,2MSBK,,,4/30/2025,,,NA,NA,Greenville,Greenville,"Fine, kaolinitic, thermic Rhodic Kandiudults",Ultisols,Udults,Kandiudults,Rhodic Kandiudults,Fine,Kaolinitic,NA,Thermic
47,250493,Ap,Probe,Greenville,0-22,22,C,10YR4/3,6.455,82.7,10.845,LS,ALL_CLASS_AGREE,,,1MGr,,vf roots many,4/30/2025,,,NA,NA,Greenville,Greenville,"Fine, kaolinitic, thermic Rhodic Kandiudults",Ultisols,Udults,Kandiudults,Rhodic Kandiudults,Fine,Kaolinitic,NA,Thermic
47,250494,BA,Probe,Greenville,22-42,20,C,5YR4/4,27.2,58.75,14.05,SCL,OK,,,1MSBK,,vf roots many,4/30/2025,,,NA,NA,Greenville,Greenville,"Fine, kaolinitic, thermic Rhodic Kandiudults",Ultisols,Udults,Kandiudults,Rhodic Kandiudults,Fine,Kaolinitic,NA,Thermic
47,250495,Bt1,Probe,Greenville,42-62,20,Gr,2.5YR4/6,37.5,51.6,10.9,SC,CLASS_OK,,,1MSBK,,vf roots many,4/30/2025,,,NA,NA,Greenville,Greenville,"Fine, kaolinitic, thermic Rhodic Kandiudults",Ultisols,Udults,Kandiudults,Rhodic Kandiudults,Fine,Kaolinitic,NA,Thermic
47,250496,Bt2,Probe,Greenville,62-98,36,Gr,2.5YR3/6,64.2,29.7,6.1,C,ALL_CLASS_AGREE,,,2MSBK,,vf roots many,4/30/2025,,,NA,NA,Greenville,Greenville,"Fine, kaolinitic, thermic Rhodic Kandiudults",Ultisols,Udults,Kandiudults,Rhodic Kandiudults,Fine,Kaolinitic,NA,Thermic
47,250497,Bt3,Probe/Auger,Greenville,98-150+,52,,2.5YR3/6,69.1,27.35,3.55,C,ALL_CLASS_AGREE,,,2CoSBK,,vf roots many,4/30/2025,,,NA,NA,Greenville,Greenville,"Fine, kaolinitic, thermic Rhodic Kandiudults",Ultisols,Udults,Kandiudults,Rhodic Kandiudults,Fine,Kaolinitic,NA,Thermic
26,250498,Ap,Probe,Orangeburg,0-20,20,C,10YR3/4,4.84,87.3,7.86,LS,RESCUED_5PCT,,,1MGr,,few VF roots,4/30/2025,,,NA,NA,Orangeburg,Orangeburg,"Fine-loamy, kaolinitic, thermic Typic Kandiudults",Ultisols,Udults,Kandiudults,Typic Kandiudults,Fine-loamy,Kaolinitic,NA,Thermic
26,250499,BA,Probe,Orangeburg,20-42,22,C,7.5YR4/4,13.5,74.95,11.55,SL,ALL_CLASS_AGREE,,,2CoSBK,,"dark organic stains, charcoal few VF roots",4/30/2025,,,NA,NA,Orangeburg,Orangeburg,"Fine-loamy, kaolinitic, thermic Typic Kandiudults",Ultisols,Udults,Kandiudults,Typic Kandiudults,Fine-loamy,Kaolinitic,NA,Thermic
26,250500,Bt1,Probe,Orangeburg,42-73,31,Gr,5YR4/6,15.85,72.45,11.7,SL,ALL_CLASS_AGREE,,,2CoSBK,,"organic stains, stripped root channels few VF roots",4/30/2025,,,NA,NA,Orangeburg,Orangeburg,"Fine-loamy, kaolinitic, thermic Typic Kandiudults",Ultisols,Udults,Kandiudults,Typic Kandiudults,Fine-loamy,Kaolinitic,NA,Thermic
26,250501,Bt2,Probe,Orangeburg,73-101,28,Gr,5YR5/8,13.7,75.45,10.85,SL,CLASS_OK,,,1MSBK,,few VF roots,4/30/2025,,,NA,NA,Orangeburg,Orangeburg,"Fine-loamy, kaolinitic, thermic Typic Kandiudults",Ultisols,Udults,Kandiudults,Typic Kandiudults,Fine-loamy,Kaolinitic,NA,Thermic
26,250502,Bt3,Probe/Auger,Orangeburg,101-150+,49,,5YR5/8,25.7,65.4,8.9,SCL,ALL_CLASS_AGREE,,,1MSBK,,few VF roots,4/30/2025,,,NA,NA,Orangeburg,Orangeburg,"Fine-loamy, kaolinitic, thermic Typic Kandiudults",Ultisols,Udults,Kandiudults,Typic Kandiudults,Fine-loamy,Kaolinitic,NA,Thermic
19,250503,Ap,Probe,Greenville,0-18,18,A,10YR3/4,9.175,83.95,6.875,LS,ALL_CLASS_AGREE,,,1MGr,,VF roots,4/30/2025,,,NA,NA,Greenville,Greenville,"Fine, kaolinitic, thermic Rhodic Kandiudults",Ultisols,Udults,Kandiudults,Rhodic Kandiudults,Fine,Kaolinitic,NA,Thermic
19,250504,BA,Probe,Greenville,18-33,15,C,5YR3/4,43.65,48.1,8.25,SC,ALL_CLASS_AGREE,,,2MSBK,,VF roots,4/30/2025,,,NA,NA,Greenville,Greenville,"Fine, kaolinitic, thermic Rhodic Kandiudults",Ultisols,Udults,Kandiudults,Rhodic Kandiudults,Fine,Kaolinitic,NA,Thermic
19,250505,Bt1,Probe,Greenville,33-60,27,Gr,2.5YR4/6,33.95,57,9.05,SCL,CLASS_OK,,,2MSBK,,"common organic stains, VF roots",4/30/2025,,,NA,NA,Greenville,Greenville,"Fine, kaolinitic, thermic Rhodic Kandiudults",Ultisols,Udults,Kandiudults,Rhodic Kandiudults,Fine,Kaolinitic,NA,Thermic
19,250506,Bt2,Probe,Greenville,60-98,38,Gr,2.5YR4/8,32.15,59.05,8.8,SCL,CLASS_OK,SL,,1MSBK,,"faint org stains, VF roots",4/30/2025,,,NA,NA,Greenville,Greenville,"Fine, kaolinitic, thermic Rhodic Kandiudults",Ultisols,Udults,Kandiudults,Rhodic Kandiudults,Fine,Kaolinitic,NA,Thermic
19,250507,Bt3,Probe/Auger,Greenville,98-150+,52,,2.5YR4/8,28.5,65.1,6.4,SCL,CLASS_OK,SL,,1MSBK,,,4/30/2025,,,NA,NA,Greenville,Greenville,"Fine, kaolinitic, thermic Rhodic Kandiudults",Ultisols,Udults,Kandiudults,Rhodic Kandiudults,Fine,Kaolinitic,NA,Thermic
27,250508,Ap,Probe,Greenville,0-30,30,C,5YR4/6,7.59,83.15,9.26,LS,ALL_CLASS_AGREE,,,1MGr,,"mixed, vf roots, 40% 2.5YR4/6",4/30/2025,,,NA,NA,Greenville,Greenville,"Fine, kaolinitic, thermic Rhodic Kandiudults",Ultisols,Udults,Kandiudults,Rhodic Kandiudults,Fine,Kaolinitic,NA,Thermic
27,250509,BA,Probe,Greenville,30-52,22,Gr,2.5YR4/6,66.95,28.4,4.65,C,ALL_CLASS_AGREE,,,2CoSBK,,VF roots,4/30/2025,,,NA,NA,Greenville,Greenville,"Fine, kaolinitic, thermic Rhodic Kandiudults",Ultisols,Udults,Kandiudults,Rhodic Kandiudults,Fine,Kaolinitic,NA,Thermic
27,250510,Bt1,Probe,Greenville,52-77,25,Gr,2.5YR4/6,63.3,29,7.7,C,CLASS_OK,,,2MSBK,,VF roots,4/30/2025,,,NA,NA,Greenville,Greenville,"Fine, kaolinitic, thermic Rhodic Kandiudults",Ultisols,Udults,Kandiudults,Rhodic Kandiudults,Fine,Kaolinitic,NA,Thermic
27,250511,Bt2,Probe/Auger,Greenville,77-150+,73,,2.5YR3/6,70.2,26.2,3.6,C,ALL_CLASS_AGREE,,,2CoSBK,,VF roots common,4/30/2025,,,NA,NA,Greenville,Greenville,"Fine, kaolinitic, thermic Rhodic Kandiudults",Ultisols,Udults,Kandiudults,Rhodic Kandiudults,Fine,Kaolinitic,NA,Thermic
9,250512,Ap,Probe,Orangeburg,0-29,29,A,10YR4/3,5.215,85.7,9.085,LS,ALL_CLASS_AGREE,,,1MGr,,"VFroots, common",4/30/2025,,,NA,NA,Orangeburg,Orangeburg,"Fine-loamy, kaolinitic, thermic Typic Kandiudults",Ultisols,Udults,Kandiudults,Typic Kandiudults,Fine-loamy,Kaolinitic,NA,Thermic
9,250513,BA,Probe,Orangeburg,29-49,20,C,5YR4/4,24.55,61.85,13.6,SCL,CLASS_OK,,,2MSBK,,"organic stains, charcoal, VFroots, common",4/30/2025,,,NA,NA,Orangeburg,Orangeburg,"Fine-loamy, kaolinitic, thermic Typic Kandiudults",Ultisols,Udults,Kandiudults,Typic Kandiudults,Fine-loamy,Kaolinitic,NA,Thermic
9,250514,Bt1,Probe,Orangeburg,49-79,30,C,7.5YR4/6,12.1,75.5,12.4,SL,CLASS_OK,,,1MSBK,,"org stains, uncoated grains, VFroots, common",4/30/2025,,,NA,NA,Orangeburg,Orangeburg,"Fine-loamy, kaolinitic, thermic Typic Kandiudults",Ultisols,Udults,Kandiudults,Typic Kandiudults,Fine-loamy,Kaolinitic,NA,Thermic
9,250515,Bt2,Probe,Orangeburg,79-113,34,C,5YR4/6,19.9,70.05,10.05,SL,RESCUED_5PCT,,,2MSBK,,"common org stains, uncoated grains, VFroots, common",4/30/2025,,,NA,NA,Orangeburg,Orangeburg,"Fine-loamy, kaolinitic, thermic Typic Kandiudults",Ultisols,Udults,Kandiudults,Typic Kandiudults,Fine-loamy,Kaolinitic,NA,Thermic
9,250516,Bt3,Auger,Orangeburg,113-150+,37,,5YR5/8,12.2,78.85,8.95,SL,CLASS_OK,,,1MSBK,,"few charcoal, uncoated grains, VFroots, common",4/30/2025,,,NA,NA,Orangeburg,Orangeburg,"Fine-loamy, kaolinitic, thermic Typic Kandiudults",Ultisols,Udults,Kandiudults,Typic Kandiudults,Fine-loamy,Kaolinitic,NA,Thermic
18,250517,Ap,Probe,Greenville,0-25,25,VA,10YR4/3,4.645,87.45,7.905,S,ALL_CLASS_AGREE,,,1MGr,,VF roots,4/30/2025,,,NA,NA,Greenville,Greenville,"Fine, kaolinitic, thermic Rhodic Kandiudults",Ultisols,Udults,Kandiudults,Rhodic Kandiudults,Fine,Kaolinitic,NA,Thermic
18,250518,BA,Probe,Greenville,25-38,13,C,5YR4/4,28.4,59.65,11.95,SCL,ALL_CLASS_AGREE,,,2MSBK,,"organic stains, uncoated sand grains, VF roots",4/30/2025,,,NA,NA,Greenville,Greenville,"Fine, kaolinitic, thermic Rhodic Kandiudults",Ultisols,Udults,Kandiudults,Rhodic Kandiudults,Fine,Kaolinitic,NA,Thermic
18,250519,Bt1,Probe,Greenville,38-77,39,Gr,5YR4/6,10.55,80.45,9,SL,OK,,,2CoSBK,,VF roots,4/30/2025,,,NA,NA,Greenville,Greenville,"Fine, kaolinitic, thermic Rhodic Kandiudults",Ultisols,Udults,Kandiudults,Rhodic Kandiudults,Fine,Kaolinitic,NA,Thermic
18,250520,Bt2,Probe,Greenville,77-119,42,Gr,2.5YR4/6,66.5,28.5,5,C,ALL_CLASS_AGREE,,,2CoSBK,,"charcoal, few, VF roots",4/30/2025,,,NA,NA,Greenville,Greenville,"Fine, kaolinitic, thermic Rhodic Kandiudults",Ultisols,Udults,Kandiudults,Rhodic Kandiudults,Fine,Kaolinitic,NA,Thermic
18,250521,Bt3,Probe/Auger,Greenville,119-150+,31,,2.5YR4/8,31.75,47.55,20.7,SCL,OK,,,2MSBK,,"charcoal, few, VF roots, few yellow concentrations",4/30/2025,,,NA,NA,Greenville,Greenville,"Fine, kaolinitic, thermic Rhodic Kandiudults",Ultisols,Udults,Kandiudults,Rhodic Kandiudults,Fine,Kaolinitic,NA,Thermic
28,250522,Ap1,Probe,Greenville,0-15,15,C,7.5YR4/4,6.67,84.9,8.43,LS,ALL_CLASS_AGREE,,,1MGr,,VF roots common,4/30/2025,,,NA,NA,Greenville,Greenville,"Fine, kaolinitic, thermic Rhodic Kandiudults",Ultisols,Udults,Kandiudults,Rhodic Kandiudults,Fine,Kaolinitic,NA,Thermic
28,250523,Ap2,Probe,Greenville,15-28,13,A,5YR4/4,14.3,75.7,10,SL,ALL_CLASS_AGREE,,,1MSBK,,VF roots common,4/30/2025,,,NA,NA,Greenville,Greenville,"Fine, kaolinitic, thermic Rhodic Kandiudults",Ultisols,Udults,Kandiudults,Rhodic Kandiudults,Fine,Kaolinitic,NA,Thermic
28,250524,Bt1,Probe,Greenville,28-52,24,Gr,2.5YR4/6,35.3,54.6,10.1,SC,CLASS_OK,,,2MSBK,,VF roots common,4/30/2025,,,NA,NA,Greenville,Greenville,"Fine, kaolinitic, thermic Rhodic Kandiudults",Ultisols,Udults,Kandiudults,Rhodic Kandiudults,Fine,Kaolinitic,NA,Thermic
28,250525,Bt2,Probe/Auger,Greenville,52-123,71,Gr,2.5YR3/6,62.45,32.25,5.3,C,ALL_CLASS_AGREE,,,2CoSBK,,"charcoal, few VF roots common",4/30/2025,,,NA,NA,Greenville,Greenville,"Fine, kaolinitic, thermic Rhodic Kandiudults",Ultisols,Udults,Kandiudults,Rhodic Kandiudults,Fine,Kaolinitic,NA,Thermic
28,250526,Bt3,Auger,Greenville,123-150+,27,,2.5YR3/6,65.2,31.2,3.6,C,ALL_CLASS_AGREE,,,2CoSBK,,VF roots common,4/30/2025,,,NA,NA,Greenville,Greenville,"Fine, kaolinitic, thermic Rhodic Kandiudults",Ultisols,Udults,Kandiudults,Rhodic Kandiudults,Fine,Kaolinitic,NA,Thermic
81,NA,Bt1,Auger,Greenville,0-15,15,C,5YR4/6,NA,NA,NA,NA,NA,SCL,,,,no sample,4/16/2025,,,NA,NA,Greenville,Greenville,"Fine, kaolinitic, thermic Rhodic Kandiudults",Ultisols,Udults,Kandiudults,Rhodic Kandiudults,Fine,Kaolinitic,NA,Thermic
81,NA,Bt2,Auger,Greenville,15-45,30,Gr,2.5YR4/8,NA,NA,NA,NA,NA,SCL,,,,no sample. Charcoal present,4/16/2025,,,NA,NA,Greenville,Greenville,"Fine, kaolinitic, thermic Rhodic Kandiudults",Ultisols,Udults,Kandiudults,Rhodic Kandiudults,Fine,Kaolinitic,NA,Thermic
81,NA,Bt3,Auger,Greenville,45-90+,45,,2.5YR4/8,NA,NA,NA,NA,NA,,,,,no sample,4/16/2025,,,NA,NA,Greenville,Greenville,"Fine, kaolinitic, thermic Rhodic Kandiudults",Ultisols,Udults,Kandiudults,Rhodic Kandiudults,Fine,Kaolinitic,NA,Thermic
